,sub-NORB00064_ses-2_correlation_matrix_avg,sub-NORB00084_ses-1_correlation_matrix_avg,sub-NORB00015_ses-1_correlation_matrix_avg,sub-NORB00049_ses-1_correlation_matrix_avg,sub-NORB00029_ses-1_correlation_matrix_avg,sub-NORB00086_ses-2_correlation_matrix_avg,sub-NORB00098_ses-1_correlation_matrix_avg,sub-NORB00034_ses-1_correlation_matrix_avg,sub-NORB00027_ses-1_correlation_matrix_avg,sub-NORB00065_ses-2_correlation_matrix_avg,sub-NORB00059_ses-1_correlation_matrix_avg,sub-NORB00093_ses-1_correlation_matrix_avg,sub-NORB00013_ses-1_correlation_matrix_avg,sub-NORB00009_ses-1_correlation_matrix_avg,sub-NORB00018_ses-1_correlation_matrix_avg,sub-NORB00088_ses-1_correlation_matrix_avg,sub-NORB00075_ses-1_correlation_matrix_avg,sub-NORB00025_ses-1_correlation_matrix_avg,sub-NORB00047_ses-1_correlation_matrix_avg,sub-NORB00086_ses-1_correlation_matrix_avg,sub-NORB00056_ses-1_correlation_matrix_avg,sub-NORB00038_ses-1_correlation_matrix_avg,sub-NORB00087_ses-1_correlation_matrix_avg,sub-NORB00074_ses-2_correlation_matrix_avg,sub-NORB00096_ses-1_correlation_matrix_avg,sub-NORB00103_ses-2_correlation_matrix_avg,sub-NORB00103_ses-1_correlation_matrix_avg,sub-NORB00092_ses-1_correlation_matrix_avg,sub-NORB00035_ses-1_correlation_matrix_avg,sub-NORB00055_ses-1_correlation_matrix_avg,sub-NORB00096_ses-2_correlation_matrix_avg,sub-NORB00058_ses-1_correlation_matrix_avg,sub-NORB00094_ses-1_correlation_matrix_avg,sub-NORB00042_ses-1_correlation_matrix_avg,sub-NORB00028_ses-1_correlation_matrix_avg,sub-NORB00050_ses-1_correlation_matrix_avg,sub-NORB00083_ses-2_correlation_matrix_avg,sub-NORB00102_ses-1_correlation_matrix_avg,sub-NORB00014_ses-1_correlation_matrix_avg,sub-NORB00011_ses-1_correlation_matrix_avg,sub-NORB00002_ses-1_correlation_matrix_avg,sub-NORB00070_ses-1_correlation_matrix_avg,sub-NORB00026_ses-1_correlation_matrix_avg,sub-NORB00080_ses-1_correlation_matrix_avg,sub-NORB00074_ses-1_correlation_matrix_avg,sub-NORB00095_ses-1_correlation_matrix_avg,sub-NORB00069_ses-4_correlation_matrix_avg,sub-NORB00041_ses-1_correlation_matrix_avg,sub-NORB00070_ses-3_correlation_matrix_avg,sub-NORB00062_ses-1_correlation_matrix_avg,sub-NORB00003_ses-1_correlation_matrix_avg,sub-NORB00089_ses-1_correlation_matrix_avg,sub-NORB00053_ses-1_correlation_matrix_avg,sub-NORB00004_ses-1_correlation_matrix_avg,sub-NORB00008_ses-1_correlation_matrix_avg,sub-NORB00079_ses-2_correlation_matrix_avg,sub-NORB00037_ses-1_correlation_matrix_avg,sub-NORB00069_ses-3_correlation_matrix_avg,sub-NORB00005_ses-1_correlation_matrix_avg,sub-NORB00068_ses-1_correlation_matrix_avg,sub-NORB00030_ses-1_correlation_matrix_avg,sub-NORB00085_ses-1_correlation_matrix_avg,sub-NORB00069_ses-1_correlation_matrix_avg,sub-NORB00031_ses-1_correlation_matrix_avg,sub-NORB00072_ses-1_correlation_matrix_avg,sub-NORB00101_ses-1_correlation_matrix_avg,sub-NORB00090_ses-2_correlation_matrix_avg,sub-NORB00076_ses-1_correlation_matrix_avg,sub-NORB00022_ses-1_correlation_matrix_avg,sub-NORB00081_ses-1_correlation_matrix_avg,sub-NORB00064_ses-3_correlation_matrix_avg,sub-NORB00075_ses-2_correlation_matrix_avg,sub-NORB00078_ses-1_correlation_matrix_avg,sub-NORB00083_ses-1_correlation_matrix_avg,sub-NORB00079_ses-1_correlation_matrix_avg,sub-NORB00089_ses-2_correlation_matrix_avg,sub-NORB00001_ses-1_correlation_matrix_avg,sub-NORB00097_ses-1_correlation_matrix_avg,sub-NORB00073_ses-1_correlation_matrix_avg,sub-NORB00075_ses-3_correlation_matrix_avg,sub-NORB00087_ses-2_correlation_matrix_avg,sub-NORB00084_ses-2_correlation_matrix_avg,sub-NORB00006_ses-1_correlation_matrix_avg,sub-NORB00033_ses-1_correlation_matrix_avg,sub-NORB00032_ses-1_correlation_matrix_avg,sub-NORB00091_ses-1_correlation_matrix_avg,sub-NORB00082_ses-1_correlation_matrix_avg,sub-NORB00043_ses-1_correlation_matrix_avg,sub-NORB00080_ses-2_correlation_matrix_avg,sub-NORB00081_ses-2_correlation_matrix_avg,sub-NORB00065_ses-1_correlation_matrix_avg,sub-NORB00071_ses-1_correlation_matrix_avg,sub-NORB00060_ses-1_correlation_matrix_avg,sub-NORB00045_ses-1_correlation_matrix_avg,sub-NORB00020_ses-1_correlation_matrix_avg,sub-NORB00099_ses-1_correlation_matrix_avg,sub-NORB00064_ses-1_correlation_matrix_avg,sub-NORB00077_ses-1_correlation_matrix_avg,sub-NORB00070_ses-2_correlation_matrix_avg,sub-NORB00021_ses-1_correlation_matrix_avg,sub-NORB00040_ses-1_correlation_matrix_avg,sub-NORB00061_ses-1_correlation_matrix_avg,sub-NORB00010_ses-1_correlation_matrix_avg,sub-NORB00024_ses-1_correlation_matrix_avg,sub-NORB00090_ses-1_correlation_matrix_avg,sub-NORB00044_ses-1_correlation_matrix_avg,sub-NORB00052_ses-1_correlation_matrix_avg,sub-NORB00063_ses-1_correlation_matrix_avg,sub-NORB00054_ses-1_correlation_matrix_avg,sub-NORB00069_ses-2_correlation_matrix_avg,sub-NORB00016_ses-1_correlation_matrix_avg,sub-NORB00007_ses-1_correlation_matrix_avg,sub-NORB00023_ses-1_correlation_matrix_avg,sub-NORB00036_ses-1_correlation_matrix_avg,sub-NORB00019_ses-1_correlation_matrix_avg,sub-NORB00094_ses-2_correlation_matrix_avg,sub-NORB00077_ses-2_correlation_matrix_avg,sub-NORB00085_ses-2_correlation_matrix_avg,sub-NORB00012_ses-1_correlation_matrix_avg,sub-NORB00039_ses-1_correlation_matrix_avg,sub-NORB00048_ses-1_correlation_matrix_avg,sub-NORB00046_ses-1_correlation_matrix_avg,sub-NORB00066_ses-1_correlation_matrix_avg,sub-NORB00100_ses-1_correlation_matrix_avg,sub-NORB00051_ses-1_correlation_matrix_avg,sub-NORB00057_ses-1_correlation_matrix_avg,sub-NORB00078_ses-2_correlation_matrix_avg,sub-NORB00067_ses-1_correlation_matrix_avg,sub-NORB00017_ses-1_correlation_matrix_avg
sub-NORB00064_ses-2_correlation_matrix_avg,1.0,0.46863468634686345,0.8269896193771626,0.8146964856230032,0.7614035087719299,0.8350515463917526,0.7454545454545455,0.7587301587301587,0.7837837837837838,0.7933579335793358,0.8181818181818182,0.7453183520599251,0.7229916897506925,0.6463022508038585,0.7952218430034129,0.7948717948717948,0.7441077441077442,0.7158774373259053,0.8523985239852399,0.5927272727272728,0.7528089887640449,0.9120879120879121,0.660377358490566,0.6802973977695167,0.6895306859205776,0.7953795379537953,0.735593220338983,0.6912280701754386,0.8839590443686007,0.797979797979798,0.7722419928825622,0.7099697885196374,0.8144329896907216,0.7528089887640449,0.7258566978193146,0.7978339350180506,0.6551724137931034,0.620817843866171,0.6088560885608856,0.703971119133574,0.7164750957854407,0.6923076923076923,0.7907692307692308,0.8909090909090909,0.7785977859778598,0.8709677419354839,0.6425855513307985,0.708185053380783,0.7132075471698113,0.8364312267657993,0.7152103559870551,0.6452830188679245,0.8202247191011236,0.7475728155339806,0.7263157894736842,0.7229916897506925,0.7490494296577946,0.7241379310344828,0.8351254480286738,0.8615916955017301,0.724907063197026,0.5985663082437276,0.7508650519031141,0.8924731182795699,0.726962457337884,0.7289377289377289,0.740072202166065,0.7414448669201521,0.7289377289377289,0.8538205980066446,0.8081180811808119,0.735973597359736,0.7718631178707225,0.7026022304832714,0.7397769516728625,0.8095238095238095,0.7931034482758621,0.8200692041522492,0.6730038022813688,0.8169491525423729,0.8036363636363636,0.735593220338983,0.8653198653198653,0.7832817337461301,0.7415384615384616,0.8068535825545171,0.7546468401486989,0.7303370786516854,0.6577946768060836,0.8515901060070671,0.8160919540229885,0.779467680608365,0.8884758364312267,0.840531561461794,0.7406340057636888,0.6724738675958188,0.7241379310344828,0.7453183520599251,0.8136200716845878,0.7978339350180506,0.6579925650557621,0.8352059925093633,0.7522658610271903,0.7229916897506925,0.6,0.7475728155339806,0.7547892720306514,0.7695167286245354,0.7933579335793358,0.7802197802197802,0.7811550151975684,0.7674418604651163,0.6955017301038062,0.8430034129692833,0.8339622641509434,0.8091872791519434,0.7655677655677655,0.6802973977695167,0.7870722433460076,0.8426966292134831,0.6398467432950191,0.7785977859778598,0.6989247311827957,0.7474402730375427,0.8339350180505415,0.7090909090909091,0.7906137184115524,0.7256317689530686,0.7236363636363636
sub-NORB00084_ses-1_correlation_matrix_avg,0.46863468634686345,1.0,0.5018587360594795,0.4368932038834951,0.49407114624505927,0.5018315018315018,0.5411255411255411,0.43812709030100333,0.39465875370919884,0.5274261603375527,0.4745098039215686,0.5336322869955157,0.37950138504155123,0.5097276264591439,0.4833948339483395,0.5313807531380753,0.5095785440613027,0.37815126050420167,0.5428571428571428,0.5939086294416244,0.5707762557077626,0.4795539033457249,0.572139303482587,0.6482412060301508,0.6,0.47368421052631576,0.48659003831417624,0.5911111111111111,0.46075085324232085,0.43859649122807015,0.5265306122448979,0.4491803278688525,0.4907749077490775,0.5707762557077626,0.4098360655737705,0.5141700404858299,0.612565445026178,0.6864864864864865,0.6335078534031413,0.6036866359447005,0.5652173913043478,0.5868544600938967,0.40923076923076923,0.4721189591078067,0.4732510288065844,0.46863468634686345,0.5794871794871795,0.6108597285067874,0.5942028985507246,0.5611814345991561,0.4245614035087719,0.6684491978609626,0.5274261603375527,0.46996466431095407,0.5397489539748954,0.37950138504155123,0.5627906976744186,0.5902439024390244,0.5097276264591439,0.47330960854092524,0.5384615384615384,0.7219251336898396,0.4980392156862745,0.4907749077490775,0.5341365461847389,0.5605381165919282,0.5770925110132159,0.5534883720930233,0.5064935064935064,0.4418604651162791,0.5574468085106383,0.5169811320754717,0.5475113122171946,0.6135265700483091,0.5565610859728507,0.5611814345991561,0.5426008968609866,0.5169811320754717,0.5879396984924623,0.4767025089605735,0.4939759036144578,0.545816733067729,0.4576271186440678,0.43492063492063493,0.41214057507987223,0.42946708463949845,0.5466666666666666,0.4889867841409692,0.616580310880829,0.5094339622641509,0.5283842794759825,0.5707762557077626,0.47126436781609193,0.4478114478114478,0.391304347826087,0.5021097046413502,0.5902439024390244,0.52,0.5465587044534413,0.5020080321285141,0.5260663507109005,0.49387755102040815,0.3944954128440367,0.37950138504155123,0.5544041450777202,0.4910394265232975,0.6135265700483091,0.57847533632287,0.5404255319148936,0.5274261603375527,0.42153846153846153,0.48363636363636364,0.49387755102040815,0.44947735191637633,0.5274261603375527,0.5335968379446641,0.5770925110132159,0.6318407960199005,0.5799086757990868,0.51440329218107,0.5916230366492147,0.5770925110132159,0.5555555555555556,0.5097276264591439,0.5298804780876494,0.5799086757990868,0.4939759036144578,0.5458515283842795,0.5151515151515151
sub-NORB00015_ses-1_correlation_matrix_avg,0.8269896193771626,0.5018587360594795,1.0,0.8338658146964856,0.8745387453874539,0.8685121107266436,0.7933579335793358,0.7665615141955836,0.7804154302670623,0.7634408602150538,0.8534798534798534,0.7677902621722846,0.739612188365651,0.7324414715719063,0.7792642140468228,0.7777777777777778,0.78839590443686,0.742296918767507,0.8207885304659498,0.6629213483146067,0.7752808988764045,0.8397212543554007,0.6457564575645757,0.6900369003690037,0.7490774907749077,0.8518518518518519,0.7800687285223368,0.8277153558052435,0.8915254237288136,0.8060200668896321,0.8064516129032258,0.7386018237082067,0.8101694915254237,0.7490774907749077,0.7337461300309598,0.7809187279151943,0.6404494382022472,0.6431226765799256,0.6309963099630996,0.7769516728624535,0.700374531835206,0.7269372693726938,0.7981651376146789,0.8327526132404182,0.7366548042704626,0.8144329896907216,0.6282527881040892,0.7545126353790613,0.7228464419475655,0.7921146953405018,0.7124600638977636,0.6431226765799256,0.7890909090909091,0.801980198019802,0.8109090909090909,0.739612188365651,0.7453183520599251,0.7078651685393258,0.8303886925795053,0.856655290102389,0.6967509025270758,0.6802973977695167,0.8091872791519434,0.8606271777003485,0.8483754512635379,0.7638376383763837,0.8141263940520446,0.6996336996336996,0.7509157509157509,0.8613861386138614,0.8168498168498168,0.8408304498269896,0.7289377289377289,0.7378277153558053,0.7752808988764045,0.8315018315018315,0.7111913357400722,0.9345454545454546,0.6704119850187266,0.8625429553264605,0.8388278388278388,0.8303886925795053,0.8006430868167203,0.8476190476190476,0.7492354740061162,0.8369905956112853,0.7769516728624535,0.6895306859205776,0.6554307116104869,0.7845117845117845,0.797752808988764,0.7620817843866171,0.7663230240549829,0.7777777777777778,0.7579250720461095,0.7173144876325088,0.7078651685393258,0.7546468401486989,0.7839721254355401,0.8327272727272728,0.6678966789667896,0.7282229965156795,0.7286135693215339,0.739612188365651,0.6104868913857678,0.801980198019802,0.724907063197026,0.740072202166065,0.776173285198556,0.8154981549815498,0.8103975535168195,0.8114478114478114,0.7526501766784452,0.863481228668942,0.7890909090909091,0.8836363636363637,0.8141263940520446,0.7153558052434457,0.7695167286245354,0.8376383763837638,0.6254681647940075,0.7875457875457875,0.7843866171003717,0.8434163701067615,0.8291814946619217,0.7695167286245354,0.7864768683274022,0.76,0.7454545454545455
sub-NORB00049_ses-1_correlation_matrix_avg,0.8146964856230032,0.4368932038834951,0.8338658146964856,1.0,0.7620578778135049,0.8770226537216829,0.7133550488599348,0.8237082066869301,0.8768328445747801,0.7216828478964401,0.7669902912621359,0.6677524429967426,0.850415512465374,0.7064220183486238,0.7931034482758621,0.7346278317152104,0.7791798107255521,0.8440111420612814,0.7507987220447284,0.5562700964630225,0.6742671009771987,0.7917981072555205,0.5728155339805825,0.6221498371335505,0.6527331189710611,0.838006230529595,0.7827476038338658,0.6977491961414791,0.8746081504702194,0.8181818181818182,0.7380191693290735,0.8160237388724035,0.8576051779935275,0.6742671009771987,0.7699115044247787,0.7605177993527508,0.5570032573289903,0.5700325732899023,0.5700325732899023,0.6872964169381107,0.6091205211726385,0.6547231270358306,0.8972809667673716,0.819935691318328,0.6656151419558359,0.8146964856230032,0.5570032573289903,0.6593059936908517,0.6286644951140065,0.758957654723127,0.7723076923076924,0.5700325732899023,0.7328990228013029,0.803076923076923,0.707936507936508,0.850415512465374,0.6482084690553745,0.6156351791530945,0.7492163009404389,0.865814696485623,0.6293929712460063,0.5922330097087378,0.7980456026058632,0.799373040752351,0.7864077669902912,0.6763754045307443,0.7087378640776699,0.6205787781350482,0.6872964169381107,0.8934169278996865,0.745928338762215,0.8158730158730159,0.656957928802589,0.6416938110749185,0.6742671009771987,0.758957654723127,0.6634304207119741,0.8274760383386581,0.5830618892508144,0.8359621451104101,0.7654723127035831,0.7942122186495176,0.8018018018018018,0.8678678678678678,0.7739130434782608,0.9027355623100304,0.6872964169381107,0.6230031948881789,0.5700325732899023,0.8566775244299675,0.6938110749185668,0.6742671009771987,0.7813504823151125,0.8348623853211009,0.8518518518518519,0.6805111821086262,0.6156351791530945,0.6677524429967426,0.7980456026058632,0.7719869706840391,0.5718849840255591,0.7124600638977636,0.8466076696165191,0.850415512465374,0.5309446254071661,0.8603174603174604,0.6416938110749185,0.6893203883495146,0.7106109324758842,0.7328990228013029,0.8643067846607669,0.8006230529595015,0.6802507836990596,0.8369905956112853,0.7216828478964401,0.8175895765472313,0.6977491961414791,0.6116504854368932,0.6807817589576547,0.752442996742671,0.5439739413680782,0.7198697068403909,0.6938110749185668,0.7714285714285715,0.7699680511182109,0.6699029126213593,0.7427652733118971,0.7068403908794788,0.6403785488958991
sub-NORB00029_ses-1_correlation_matrix_avg,0.7614035087719299,0.49407114624505927,0.8745387453874539,0.7620578778135049,1.0,0.8291814946619217,0.803921568627451,0.7170418006430869,0.6932153392330384,0.7195571955719557,0.867704280155642,0.7628458498023716,0.667590027700831,0.7263157894736842,0.7630662020905923,0.8146718146718147,0.8241758241758241,0.6694677871148459,0.8188679245283019,0.6923076923076923,0.7297297297297297,0.773851590106007,0.6600790513833992,0.7075098814229249,0.690566037735849,0.7762711864406779,0.7024221453287197,0.7837837837837838,0.8033898305084746,0.8162544169611308,0.7769516728624535,0.7009345794392523,0.7577854671280276,0.7848605577689243,0.6739811912225705,0.7902621722846442,0.6546184738955824,0.6842105263157895,0.6706827309236948,0.7865612648221344,0.7327935222672065,0.6806083650190115,0.7292307692307692,0.8181818181818182,0.6678700361010831,0.8254545454545454,0.6284584980237155,0.7358490566037735,0.7429718875502008,0.8022813688212928,0.6831683168316832,0.6442687747035574,0.7323420074349443,0.7993079584775087,0.8509803921568627,0.667590027700831,0.7813765182186235,0.7551020408163265,0.7385159010600707,0.8048780487804879,0.7549407114624506,0.6837944664031621,0.7933579335793358,0.7700348432055749,0.7802197802197802,0.6928838951310862,0.8260869565217391,0.7176470588235294,0.7451737451737451,0.7873754152823921,0.8007662835249042,0.84,0.7088122605363985,0.7450199203187251,0.7991967871485943,0.7886792452830189,0.7034220532319392,0.8810408921933085,0.7004048582995951,0.7854671280276817,0.8666666666666667,0.776173285198556,0.7170418006430869,0.765079365079365,0.6904024767801857,0.7554858934169278,0.7725490196078432,0.6934865900383141,0.7261410788381742,0.7935943060498221,0.8683127572016461,0.7991967871485943,0.7617328519855595,0.739413680781759,0.6927536231884058,0.7624521072796935,0.7408906882591093,0.722007722007722,0.7933579335793358,0.8455598455598455,0.6575875486381323,0.7343173431734318,0.6617210682492581,0.667590027700831,0.5843137254901961,0.7993079584775087,0.7450199203187251,0.7338403041825095,0.7453183520599251,0.7854406130268199,0.7415384615384616,0.7964912280701755,0.7343173431734318,0.8118466898954704,0.7718631178707225,0.828996282527881,0.7837837837837838,0.7489878542510121,0.7928286852589641,0.7946768060836502,0.6790123456790124,0.7566539923954373,0.7803921568627451,0.8154981549815498,0.8007380073800738,0.7374517374517374,0.8521400778210116,0.7821011673151751,0.6877323420074349
sub-NORB00086_ses-2_correlation_matrix_avg,0.8350515463917526,0.5018315018315018,0.8685121107266436,0.8770226537216829,0.8291814946619217,1.0,0.7890909090909091,0.774294670846395,0.798219584569733,0.7722419928825622,0.8483754512635379,0.7509157509157509,0.7562326869806094,0.6741214057507987,0.7639344262295082,0.7864768683274022,0.8339100346020761,0.7493036211699164,0.855595667870036,0.6245487364620939,0.7582417582417582,0.8225255972696246,0.631768953068592,0.6996336996336996,0.708185053380783,0.8110749185667753,0.7293729372937293,0.7833935018050542,0.898989898989899,0.8508474576271187,0.8149466192170819,0.7462235649546828,0.8556701030927835,0.7454545454545455,0.7523219814241486,0.8149466192170819,0.6263736263736264,0.6290909090909091,0.6290909090909091,0.76,0.684981684981685,0.7111913357400722,0.8276923076923077,0.8536585365853658,0.6860068259385665,0.8477508650519031,0.6145454545454545,0.7142857142857143,0.706959706959707,0.84,0.7427652733118971,0.6410256410256411,0.8109090909090909,0.7864077669902912,0.7809187279151943,0.7562326869806094,0.7163636363636363,0.6923076923076923,0.7762711864406779,0.8900343642611683,0.693950177935943,0.6776556776556777,0.8566308243727598,0.8305084745762712,0.8048780487804879,0.7224199288256228,0.7833935018050542,0.6967509025270758,0.76,0.8811881188118812,0.8388278388278388,0.7993311036789298,0.7132616487455197,0.7216117216117216,0.7328519855595668,0.8267148014440433,0.7204301075268817,0.901060070671378,0.6556776556776557,0.8831615120274914,0.8078291814946619,0.8257839721254355,0.8436482084690554,0.8092307692307692,0.7675840978593272,0.8557993730407524,0.76,0.6749116607773852,0.6410256410256411,0.8807017543859649,0.7672727272727272,0.7582417582417582,0.8505338078291815,0.8083067092651757,0.7752161383285303,0.7024221453287197,0.6923076923076923,0.7509157509157509,0.8566308243727598,0.8279569892473119,0.6415770609318996,0.7614035087719299,0.7566765578635015,0.7562326869806094,0.5970695970695971,0.8098360655737705,0.7090909090909091,0.7366548042704626,0.7722419928825622,0.7978339350180506,0.8287461773700305,0.8193979933110368,0.7250859106529209,0.8585858585858586,0.7849462365591398,0.9054545454545454,0.7963636363636364,0.6996336996336996,0.7655677655677655,0.7935943060498221,0.6117216117216118,0.7963636363636364,0.7672727272727272,0.8385964912280702,0.8505338078291815,0.740072202166065,0.7950530035335689,0.7689530685920578,0.6933797909407665
sub-NORB00098_ses-1_correlation_matrix_avg,0.7454545454545455,0.5411255411255411,0.7933579335793358,0.7133550488599348,0.803921568627451,0.7890909090909091,1.0,0.7009966777408638,0.6477611940298508,0.8271604938271605,0.7821011673151751,0.8042553191489362,0.6066481994459834,0.6491228070175439,0.7102473498233216,0.8137651821862348,0.7827715355805244,0.6169014084507042,0.7898832684824902,0.6995708154506438,0.8127659574468085,0.7204301075268817,0.7229437229437229,0.7446808510638298,0.7824267782426778,0.7614035087719299,0.7602996254681648,0.8257261410788381,0.7406143344709898,0.7634408602150538,0.8461538461538461,0.6426332288401254,0.7419354838709677,0.8283261802575107,0.6786885245901639,0.8313253012048193,0.7333333333333333,0.73568281938326,0.7205240174672489,0.7842323651452282,0.7130801687763713,0.8181818181818182,0.6718266253869969,0.7509157509157509,0.7254901960784313,0.7454545454545455,0.6595744680851063,0.7450199203187251,0.7095435684647303,0.7865612648221344,0.7003484320557491,0.6909871244635193,0.7975708502024291,0.735191637630662,0.8072289156626506,0.6066481994459834,0.8253275109170306,0.7816593886462883,0.7735849056603774,0.7651245551601423,0.7366255144032922,0.6903765690376569,0.848605577689243,0.7802197802197802,0.8196078431372549,0.799163179916318,0.8106995884773662,0.8008658008658008,0.7269076305220884,0.725752508361204,0.7848605577689243,0.7347670250896058,0.8197424892703863,0.8165938864628821,0.7974683544303798,0.7587548638132295,0.7974683544303798,0.7859778597785978,0.6652719665271967,0.7963636363636364,0.7803921568627451,0.7602996254681648,0.6786885245901639,0.6845425867507886,0.684887459807074,0.6865203761755486,0.8143459915611815,0.7004048582995951,0.7828054298642534,0.7153024911032029,0.7777777777777778,0.7530864197530864,0.7323420074349443,0.7009966777408638,0.6384839650145773,0.7312252964426877,0.7816593886462883,0.7306122448979592,0.7509433962264151,0.8313253012048193,0.7797356828193832,0.7568627450980392,0.6156156156156156,0.6066481994459834,0.6977777777777778,0.711340206185567,0.7854077253218884,0.7714285714285715,0.8271604938271605,0.7689243027888446,0.6738461538461539,0.7437722419928826,0.7707509881422925,0.735191637630662,0.8423236514522822,0.8146718146718147,0.7959183673469388,0.8061674008810573,0.7613168724279835,0.8072289156626506,0.7309417040358744,0.8106995884773662,0.8701298701298701,0.8146718146718147,0.7718631178707225,0.8212765957446808,0.7665369649805448,0.7233201581027668,0.7777777777777778
sub-NORB00034_ses-1_correlation_matrix_avg,0.7587301587301587,0.43812709030100333,0.7665615141955836,0.8237082066869301,0.7170418006430869,0.774294670846395,0.7009966777408638,1.0,0.8040345821325648,0.7095709570957096,0.7106109324758842,0.6435643564356436,0.8116343490304709,0.7380191693290735,0.7602523659305994,0.745819397993311,0.7241379310344828,0.8151260504201681,0.7170418006430869,0.5614617940199336,0.6722408026755853,0.7258566978193146,0.5892255892255892,0.6079734219269103,0.6286644951140065,0.7723076923076924,0.7160883280757098,0.6634304207119741,0.7750759878419453,0.7308868501529052,0.7377049180327869,0.7744807121661721,0.7445482866043613,0.6722408026755853,0.770392749244713,0.760797342192691,0.5836177474402731,0.5757575757575758,0.5972696245733788,0.68561872909699,0.5946843853820598,0.6411960132890365,0.7694524495677233,0.7523809523809524,0.6214511041009464,0.7476340694006309,0.5728813559322034,0.656957928802589,0.6039603960396039,0.7475083056478405,0.7292307692307692,0.5972696245733788,0.6655948553054662,0.7931034482758621,0.7408637873754153,0.8116343490304709,0.6677966101694915,0.6338983050847458,0.7160883280757098,0.7757009345794392,0.6588628762541806,0.6094276094276094,0.7411003236245954,0.7337461300309598,0.729903536977492,0.6524590163934426,0.6852459016393443,0.6387959866220736,0.6310679611650486,0.7717717717717718,0.6893203883495146,0.7602523659305994,0.6767676767676768,0.6610169491525424,0.6949152542372882,0.7133550488599348,0.6949152542372882,0.7383177570093458,0.5681063122923588,0.7694704049844237,0.7311475409836066,0.726984126984127,0.7084548104956269,0.7725947521865889,0.6565096952908587,0.8160237388724035,0.68561872909699,0.6411960132890365,0.5757575757575758,0.7539432176656151,0.6810631229235881,0.6501650165016502,0.7363344051446945,0.8255451713395638,0.7815126050420168,0.7123745819397993,0.6450511945392492,0.6221498371335505,0.707936507936508,0.7041800643086816,0.5775577557755776,0.7227722772277227,0.7739130434782608,0.8116343490304709,0.5250836120401338,0.7708978328173375,0.6498316498316499,0.6877076411960132,0.6872964169381107,0.7095709570957096,0.8123167155425219,0.7353846153846154,0.6363636363636364,0.7492354740061162,0.7209302325581395,0.7380191693290735,0.6421725239616614,0.6406779661016949,0.6567656765676567,0.6741214057507987,0.5699658703071673,0.707641196013289,0.6923076923076923,0.7160883280757098,0.7252396166134185,0.6567656765676567,0.7198697068403909,0.6831683168316832,0.6166134185303515
sub-NORB00027_ses-1_correlation_matrix_avg,0.7837837837837838,0.39465875370919884,0.7804154302670623,0.8768328445747801,0.6932153392330384,0.798219584569733,0.6477611940298508,0.8040345821325648,1.0,0.6756756756756757,0.7074626865671642,0.6156156156156156,0.9224376731301939,0.6829971181556196,0.7134670487106017,0.6876876876876877,0.7302052785923754,0.9164345403899722,0.7134328358208956,0.5133531157270029,0.6216216216216216,0.7731343283582089,0.5375375375375375,0.564179104477612,0.6216216216216216,0.8064516129032258,0.7227138643067846,0.6439169139465876,0.8516320474777448,0.798219584569733,0.7014925373134329,0.8600583090379009,0.7699115044247787,0.6216216216216216,0.8040345821325648,0.7117117117117117,0.5135135135135135,0.5164179104477612,0.5255255255255256,0.6238805970149254,0.5615615615615616,0.6036036036036037,0.9292035398230089,0.7777777777777778,0.6537313432835821,0.7837837837837838,0.5135135135135135,0.6379821958456974,0.5795795795795796,0.6996996996996997,0.7970149253731343,0.5255255255255256,0.6756756756756757,0.7435897435897436,0.6735905044510386,0.9224376731301939,0.5975975975975976,0.5675675675675675,0.7432835820895523,0.8208955223880597,0.6096096096096096,0.5370919881305638,0.7253731343283583,0.7910447761194029,0.7151335311572701,0.6336336336336337,0.6636636636636637,0.5915915915915916,0.6336336336336337,0.8584070796460177,0.6876876876876877,0.7434402332361516,0.6156156156156156,0.5915915915915916,0.6216216216216216,0.6895522388059702,0.6216216216216216,0.7744807121661721,0.5375375375375375,0.7935103244837758,0.7057057057057057,0.7227138643067846,0.8144927536231884,0.8567335243553008,0.8386167146974063,0.9120234604105572,0.6336336336336337,0.6036036036036037,0.5255255255255256,0.7581120943952803,0.6396396396396397,0.6216216216216216,0.7417417417417418,0.8040345821325648,0.9150141643059491,0.6379821958456974,0.5675675675675675,0.6156156156156156,0.7151335311572701,0.7117117117117117,0.5370919881305638,0.6876876876876877,0.8898550724637682,0.9224376731301939,0.4894894894894895,0.7842565597667639,0.5915915915915916,0.6456456456456456,0.6756756756756757,0.6756756756756757,0.8640226628895185,0.7712609970674487,0.6776119402985075,0.8160237388724035,0.6756756756756757,0.7432835820895523,0.6537313432835821,0.5548961424332344,0.6276276276276276,0.6936936936936937,0.5015015015015015,0.6636636636636637,0.6396396396396397,0.7329376854599406,0.7313432835820896,0.6276276276276276,0.685459940652819,0.6417910447761194,0.6201780415430267
sub-NORB00065_ses-2_correlation_matrix_avg,0.7933579335793358,0.5274261603375527,0.7634408602150538,0.7216828478964401,0.7195571955719557,0.7722419928825622,0.8271604938271605,0.7095709570957096,0.6756756756756757,1.0,0.7915057915057915,0.799163179916318,0.6232686980609419,0.5813953488372093,0.6955017301038062,0.8232931726907631,0.7275985663082437,0.6338028169014085,0.7992277992277992,0.6275303643724697,0.8227848101265823,0.8202247191011236,0.6903765690376569,0.7261410788381742,0.7925311203319502,0.7824561403508772,0.7695167286245354,0.7490196078431373,0.7731958762886598,0.7597173144876325,0.9012345679012346,0.6510903426791277,0.7634408602150538,0.7489878542510121,0.7209302325581395,0.8704453441295547,0.7142857142857143,0.6597510373443983,0.7021276595744681,0.7370517928286853,0.6680161943319838,0.7530864197530864,0.7009345794392523,0.7859778597785978,0.7911646586345381,0.7545126353790613,0.6569037656903766,0.7142857142857143,0.6923076923076923,0.796078431372549,0.7333333333333333,0.7021276595744681,0.8218623481781376,0.696969696969697,0.7338403041825095,0.6232686980609419,0.7890295358649789,0.7322175732217573,0.8521400778210116,0.7864768683274022,0.7613168724279835,0.6334661354581673,0.8431372549019608,0.8021978021978022,0.7602996254681648,0.8242677824267782,0.7490196078431373,0.7957446808510639,0.7233201581027668,0.7575757575757576,0.7944664031620553,0.7314487632508834,0.8942731277533039,0.7805907172995781,0.7777777777777778,0.7683397683397684,0.8540772532188842,0.7818181818181819,0.6224899598393574,0.7793594306049823,0.7490494296577946,0.7184115523465704,0.7559322033898305,0.7034700315457413,0.6719242902208202,0.7053291536050157,0.8553191489361702,0.7974683544303798,0.7316017316017316,0.7366548042704626,0.7312252964426877,0.7075098814229249,0.8223938223938224,0.6872964169381107,0.6559766763848397,0.7011494252873564,0.7922077922077922,0.7551020408163265,0.7602996254681648,0.7701149425287356,0.7446808510638298,0.8232931726907631,0.6636085626911316,0.6232686980609419,0.7092511013215859,0.7201365187713311,0.7656903765690377,0.8257261410788381,0.8672199170124482,0.7647058823529411,0.6923076923076923,0.7526501766784452,0.7132075471698113,0.7684210526315789,0.8828451882845189,0.8098859315589354,0.7490196078431373,0.7119341563786008,0.7290836653386454,0.8023715415019763,0.7268722466960352,0.8353909465020576,0.8024691358024691,0.8098859315589354,0.8365758754863813,0.8158995815899581,0.7490494296577946,0.6679245283018868,0.8326359832635983
sub-NORB00059_ses-1_correlation_matrix_avg,0.8181818181818182,0.4745098039215686,0.8534798534798534,0.7669902912621359,0.867704280155642,0.8483754512635379,0.7821011673151751,0.7106109324758842,0.7074626865671642,0.7915057915057915,1.0,0.8271604938271605,0.6620498614958449,0.6387959866220736,0.7319587628865979,0.7528089887640449,0.7526501766784452,0.6638655462184874,0.8250950570342205,0.6186770428015564,0.7911646586345381,0.8450184501845018,0.6521739130434783,0.7131474103585658,0.7088122605363985,0.7694915254237288,0.7073170731707317,0.7624521072796935,0.8213058419243986,0.8220640569395018,0.8237547892720306,0.6435045317220544,0.7879858657243817,0.7354085603112841,0.6888888888888889,0.7827715355805244,0.659919028340081,0.649402390438247,0.6363636363636364,0.7374517374517374,0.7246963562753036,0.7254901960784313,0.7337461300309598,0.8513011152416357,0.7624521072796935,0.7793594306049823,0.6205533596837944,0.6900369003690037,0.7489878542510121,0.8084291187739464,0.6989966555183946,0.6626506024096386,0.8196078431372549,0.7324414715719063,0.7735849056603774,0.6620498614958449,0.7590361445783133,0.7327935222672065,0.7818181818181819,0.7854671280276817,0.7470355731225297,0.6245210727969349,0.7992565055762082,0.7879858657243817,0.7728937728937729,0.7509727626459144,0.7624521072796935,0.7233201581027668,0.7928286852589641,0.7926421404682275,0.849802371541502,0.7560975609756098,0.7689243027888446,0.751004016064257,0.7490196078431373,0.8084291187739464,0.7354085603112841,0.8736059479553904,0.7061224489795919,0.7785467128027682,0.8022813688212928,0.7314487632508834,0.7792642140468228,0.7587301587301587,0.6947040498442367,0.7492163009404389,0.8367346938775511,0.7529880478087649,0.7037037037037037,0.7864768683274022,0.8448979591836735,0.7768924302788844,0.8479087452471483,0.7328990228013029,0.6869565217391305,0.6900369003690037,0.7327935222672065,0.7975708502024291,0.7728937728937729,0.8378378378378378,0.7028112449799196,0.7931034482758621,0.6656716417910448,0.6620498614958449,0.6275303643724697,0.7324414715719063,0.7233201581027668,0.7665369649805448,0.8054474708171206,0.83399209486166,0.7353846153846154,0.7770034843205574,0.7660377358490567,0.8175438596491228,0.848605577689243,0.8490566037735849,0.8326693227091634,0.7131474103585658,0.7707509881422925,0.8431372549019608,0.6707818930041153,0.7760617760617761,0.7725490196078432,0.8081180811808119,0.8479087452471483,0.7431906614785992,0.7620817843866171,0.7606177606177607,0.7587548638132295
sub-NORB00093_ses-1_correlation_matrix_avg,0.7453183520599251,0.5336322869955157,0.7677902621722846,0.6677524429967426,0.7628458498023716,0.7509157509157509,0.8042553191489362,0.6435643564356436,0.6156156156156156,0.799163179916318,0.8271604938271605,1.0,0.5678670360110804,0.5888501742160279,0.7090909090909091,0.7429718875502008,0.7047970479704797,0.5774647887323944,0.805668016194332,0.6828193832599119,0.8311111111111111,0.7584905660377359,0.7375565610859729,0.76,0.7531914893617021,0.6769759450171822,0.720754716981132,0.7824267782426778,0.7044673539518901,0.7132616487455197,0.7751004016064257,0.5692307692307692,0.7677902621722846,0.7991266375545851,0.6116504854368932,0.7609561752988048,0.7488372093023256,0.7040358744394619,0.645021645021645,0.8008658008658008,0.7899543378995434,0.7424892703862661,0.6386292834890965,0.7509433962264151,0.7676348547717843,0.6823104693140795,0.7168949771689498,0.6892430278884463,0.8009049773755657,0.7877551020408163,0.6401384083044983,0.7194570135746606,0.8297872340425532,0.686411149825784,0.7233201581027668,0.5678670360110804,0.8447488584474886,0.815668202764977,0.7338403041825095,0.7031802120141343,0.7215189873417721,0.6595744680851063,0.7509727626459144,0.7677902621722846,0.7374517374517374,0.8654708520179372,0.8127659574468085,0.7709251101321586,0.8654708520179372,0.6902356902356902,0.8787878787878788,0.6607773851590106,0.8061674008810573,0.8356164383561644,0.7682403433476395,0.8174273858921162,0.7682403433476395,0.7735849056603774,0.7375565610859729,0.7204301075268817,0.7529880478087649,0.6951672862453532,0.688135593220339,0.6507936507936508,0.6721311475409836,0.6426332288401254,0.8325991189427313,0.7276595744680852,0.8181818181818182,0.7142857142857143,0.8095238095238095,0.8149779735682819,0.7725490196078432,0.6655518394648829,0.597667638483965,0.6498054474708171,0.7511111111111111,0.8552036199095022,0.7647058823529411,0.8189300411522634,0.7808219178082192,0.7714285714285715,0.6222910216718266,0.5678670360110804,0.7440758293838863,0.6518771331058021,0.8026905829596412,0.7573221757322176,0.8454935622317596,0.8454935622317596,0.6307692307692307,0.7060931899641577,0.8312236286919831,0.7224199288256228,0.8297872340425532,0.8167330677290837,0.8766519823788547,0.76,0.8237885462555066,0.871244635193133,0.7464788732394366,0.8127659574468085,0.8095238095238095,0.7471264367816092,0.8152610441767069,0.8237885462555066,0.7529880478087649,0.7805907172995781,0.7787234042553192
sub-NORB00013_ses-1_correlation_matrix_avg,0.7229916897506925,0.37950138504155123,0.739612188365651,0.850415512465374,0.667590027700831,0.7562326869806094,0.6066481994459834,0.8116343490304709,0.9224376731301939,0.6232686980609419,0.6620498614958449,0.5678670360110804,1.0,0.6952908587257618,0.7340720221606648,0.6343490304709142,0.7119113573407202,0.9833795013850416,0.667590027700831,0.4903047091412742,0.5734072022160664,0.7229916897506925,0.49584487534626037,0.5290858725761773,0.5734072022160664,0.7839335180055401,0.6952908587257618,0.6121883656509696,0.8060941828254847,0.7562326869806094,0.6565096952908587,0.8448753462603878,0.739612188365651,0.5734072022160664,0.8116343490304709,0.6565096952908587,0.47368421052631576,0.48476454293628807,0.48476454293628807,0.5844875346260388,0.518005540166205,0.556786703601108,0.889196675900277,0.7174515235457064,0.6121883656509696,0.7229916897506925,0.47368421052631576,0.6066481994459834,0.5346260387811634,0.6454293628808865,0.7451523545706371,0.48476454293628807,0.6232686980609419,0.7728531855955678,0.6398891966759003,1.0,0.5512465373961218,0.5235457063711911,0.6952908587257618,0.7673130193905817,0.5623268698060941,0.5124653739612188,0.6786703601108033,0.739612188365651,0.6786703601108033,0.5844875346260388,0.6121883656509696,0.5457063711911357,0.5844875346260388,0.8227146814404432,0.6343490304709142,0.7340720221606648,0.5678670360110804,0.5457063711911357,0.5734072022160664,0.6454293628808865,0.5734072022160664,0.7340720221606648,0.49584487534626037,0.7617728531855956,0.6509695290858726,0.6952908587257618,0.8116343490304709,0.8725761772853186,0.8448753462603878,0.8836565096952909,0.5844875346260388,0.556786703601108,0.48476454293628807,0.7285318559556787,0.590027700831025,0.5734072022160664,0.6842105263157895,0.8116343490304709,0.9501385041551247,0.6066481994459834,0.5235457063711911,0.5678670360110804,0.6786703601108033,0.6565096952908587,0.5124653739612188,0.6343490304709142,0.8836565096952909,1.0,0.4515235457063712,0.7728531855955678,0.5457063711911357,0.5955678670360111,0.6232686980609419,0.6232686980609419,0.9002770083102493,0.7506925207756233,0.6343490304709142,0.7728531855955678,0.6232686980609419,0.6952908587257618,0.6121883656509696,0.5290858725761773,0.5789473684210527,0.6398891966759003,0.4626038781163435,0.6121883656509696,0.590027700831025,0.6952908587257618,0.6842105263157895,0.5789473684210527,0.6509695290858726,0.6011080332409973,0.590027700831025
sub-NORB00009_ses-1_correlation_matrix_avg,0.6463022508038585,0.5097276264591439,0.7324414715719063,0.7064220183486238,0.7263157894736842,0.6741214057507987,0.6491228070175439,0.7380191693290735,0.6829971181556196,0.5813953488372093,0.6387959866220736,0.5888501742160279,0.6952908587257618,1.0,0.7491525423728813,0.6382252559726962,0.6989966555183946,0.6880222841225627,0.6565656565656566,0.6273764258555133,0.5847750865051903,0.6357827476038339,0.5636363636363636,0.6072727272727273,0.5958188153310104,0.653250773993808,0.6351791530944625,0.656140350877193,0.6676923076923077,0.632398753894081,0.6105610561056105,0.6797583081570997,0.6655948553054662,0.6654545454545454,0.6047197640117994,0.6105610561056105,0.5571955719557196,0.5955056179775281,0.6197718631178707,0.6559139784946236,0.6162361623616236,0.5532646048109966,0.6579710144927536,0.6504854368932039,0.5374592833876222,0.6677524429967426,0.5457875457875457,0.6491228070175439,0.6263736263736264,0.6406779661016949,0.5522388059701493,0.5604395604395604,0.6245733788395904,0.7377049180327869,0.6794425087108014,0.6952908587257618,0.6483516483516484,0.6236162361623616,0.6141479099678456,0.6656151419558359,0.5601374570446735,0.6452830188679245,0.6156351791530945,0.6549520766773163,0.7282229965156795,0.5986159169550173,0.6917562724014337,0.5830388692579506,0.5767918088737202,0.6555891238670695,0.6382252559726962,0.7142857142857143,0.5563139931740614,0.6173285198555957,0.6900369003690037,0.6747404844290658,0.5631399317406144,0.7142857142857143,0.6104868913857678,0.6698412698412698,0.7419354838709677,0.7133105802047781,0.6047197640117994,0.6795252225519288,0.5931232091690545,0.7014925373134329,0.5767918088737202,0.5016611295681063,0.5836431226765799,0.6742671009771987,0.6872727272727273,0.6654545454545454,0.5910543130990416,0.6842105263157895,0.6638655462184874,0.6376306620209059,0.6479400749063671,0.5778546712802768,0.6588628762541806,0.7003484320557491,0.5516014234875445,0.5533980582524272,0.6239316239316239,0.6952908587257618,0.47330960854092524,0.7152103559870551,0.6410256410256411,0.590443686006826,0.5919732441471572,0.6585365853658537,0.6991150442477876,0.6261682242990654,0.5841584158415841,0.6408668730650154,0.5813953488372093,0.6902356902356902,0.6445993031358885,0.6309963099630996,0.6974169741697417,0.6678200692041523,0.5539033457249071,0.6109215017064846,0.6167247386759582,0.6351791530944625,0.6327868852459017,0.6140350877192983,0.7173144876325088,0.6537102473498233,0.5518394648829431
sub-NORB00018_ses-1_correlation_matrix_avg,0.7952218430034129,0.4833948339483395,0.7792642140468228,0.7931034482758621,0.7630662020905923,0.7639344262295082,0.7102473498233216,0.7602523659305994,0.7134670487106017,0.6955017301038062,0.7319587628865979,0.7090909090909091,0.7340720221606648,0.7491525423728813,1.0,0.7333333333333333,0.745819397993311,0.7174515235457064,0.7630662020905923,0.5956678700361011,0.703971119133574,0.7710437710437711,0.6505576208178439,0.6581818181818182,0.6678445229681979,0.7178683385579937,0.7491525423728813,0.6933797909407665,0.7429467084639498,0.7188498402555911,0.6789297658862876,0.6913946587537092,0.8156996587030717,0.7416974169741697,0.6268221574344023,0.7133105802047781,0.6452830188679245,0.6236162361623616,0.6117216117216118,0.7435897435897436,0.7056603773584905,0.6350877192982456,0.718475073313783,0.7643097643097643,0.6933797909407665,0.7475083056478405,0.620817843866171,0.6747404844290658,0.7026022304832714,0.7722419928825622,0.6231003039513677,0.6356877323420075,0.7562724014336918,0.7953795379537953,0.7282229965156795,0.7340720221606648,0.7378277153558053,0.7132075471698113,0.7142857142857143,0.7540453074433657,0.6654804270462633,0.6363636363636364,0.705685618729097,0.7674418604651163,0.7288135593220338,0.693950177935943,0.7419354838709677,0.68,0.730909090909091,0.7292307692307692,0.7833935018050542,0.7377049180327869,0.6845878136200717,0.6923076923076923,0.7289377289377289,0.8241758241758241,0.6678445229681979,0.7845117845117845,0.6754716981132075,0.7142857142857143,0.7667844522968198,0.7491525423728813,0.7275541795665634,0.7313432835820896,0.6814159292035398,0.7126099706744868,0.6819787985865724,0.6124567474048442,0.6479400749063671,0.8144329896907216,0.7638376383763837,0.7811320754716982,0.7474402730375427,0.8175895765472313,0.6935933147632312,0.6406779661016949,0.6877323420074349,0.7090909090909091,0.8021201413427562,0.773851590106007,0.6245487364620939,0.6632996632996633,0.7126099706744868,0.7340720221606648,0.5677655677655677,0.7605177993527508,0.7433962264150943,0.7328519855595668,0.7192982456140351,0.7689530685920578,0.7611940298507462,0.7124600638977636,0.697594501718213,0.7491961414790996,0.7073170731707317,0.8105263157894737,0.7295373665480427,0.6826568265682657,0.7886792452830189,0.8036363636363636,0.6179775280898876,0.7672727272727272,0.6771929824561403,0.7142857142857143,0.7716262975778547,0.6868327402135231,0.7793594306049823,0.7655677655677655,0.6655052264808362
sub-NORB00088_ses-1_correlation_matrix_avg,0.7948717948717948,0.5313807531380753,0.7777777777777778,0.7346278317152104,0.8146718146718147,0.7864768683274022,0.8137651821862348,0.745819397993311,0.6876876876876877,0.8232931726907631,0.7528089887640449,0.7429718875502008,0.6343490304709142,0.6382252559726962,0.7333333333333333,1.0,0.8202247191011236,0.6450704225352113,0.8287937743190662,0.698744769874477,0.7942386831275721,0.7689530685920578,0.7361702127659574,0.7142857142857143,0.7370517928286853,0.7716262975778547,0.7328519855595668,0.7374517374517374,0.7747440273037542,0.773851590106007,0.8132295719844358,0.7170418006430869,0.7282229965156795,0.8553191489361702,0.7114754098360656,0.9176954732510288,0.7316017316017316,0.7046413502109705,0.7339055793991416,0.8106995884773662,0.7405857740585774,0.7408906882591093,0.7133956386292835,0.8007380073800738,0.6853932584269663,0.8773946360153256,0.7021276595744681,0.7568627450980392,0.7510373443983402,0.8704453441295547,0.711340206185567,0.7191489361702128,0.752895752895753,0.7700348432055749,0.8181818181818182,0.6343490304709142,0.8212765957446808,0.8095238095238095,0.7843866171003717,0.8136200716845878,0.8382978723404255,0.689795918367347,0.8160919540229885,0.8036363636363636,0.7362637362637363,0.7391304347826086,0.8218623481781376,0.7974683544303798,0.685823754789272,0.7710437710437711,0.7821011673151751,0.7963636363636364,0.8158995815899581,0.7974683544303798,0.8242677824267782,0.7701149425287356,0.8242677824267782,0.7833935018050542,0.7071129707112971,0.7809187279151943,0.83399209486166,0.7454545454545455,0.7227722772277227,0.7160883280757098,0.6635514018691588,0.7178683385579937,0.7813765182186235,0.7551020408163265,0.7489177489177489,0.776173285198556,0.8040816326530612,0.8091286307053942,0.7962264150943397,0.7342192691029901,0.6579710144927536,0.7991967871485943,0.7939914163090128,0.7019607843137254,0.8022813688212928,0.7992277992277992,0.6761133603238867,0.796078431372549,0.6758409785932722,0.6343490304709142,0.6265560165975104,0.7824561403508772,0.7974683544303798,0.8122448979591836,0.7944664031620553,0.752895752895753,0.6941896024464832,0.8181818181818182,0.7283018867924528,0.7950530035335689,0.8530612244897959,0.7843866171003717,0.7241379310344828,0.7721518987341772,0.7877551020408163,0.7624521072796935,0.7292576419213974,0.8072289156626506,0.7751004016064257,0.797752808988764,0.8378378378378378,0.7732793522267206,0.83399209486166,0.7628458498023716,0.7198443579766537
sub-NORB00075_ses-1_correlation_matrix_avg,0.7441077441077442,0.5095785440613027,0.78839590443686,0.7791798107255521,0.8241758241758241,0.8339100346020761,0.7827715355805244,0.7241379310344828,0.7302052785923754,0.7275985663082437,0.7526501766784452,0.7047970479704797,0.7119113573407202,0.6989966555183946,0.745819397993311,0.8202247191011236,1.0,0.7142857142857143,0.7978339350180506,0.6756756756756757,0.7121771217712177,0.7324414715719063,0.6577946768060836,0.6779026217228464,0.6872727272727273,0.7821782178217822,0.7337883959044369,0.7381818181818182,0.7850162866449512,0.8213058419243986,0.7963636363636364,0.739938080495356,0.8006872852233677,0.7777777777777778,0.7027863777089783,0.8095238095238095,0.6525096525096525,0.667953667953668,0.6551724137931034,0.779467680608365,0.7011494252873564,0.7026022304832714,0.7784615384615384,0.7731958762886598,0.6426116838487973,0.8303886925795053,0.6150943396226415,0.7184115523465704,0.7110266159695817,0.7689530685920578,0.7245901639344262,0.6551724137931034,0.7153024911032029,0.8047138047138047,0.7875457875457875,0.7119113573407202,0.7338403041825095,0.7354085603112841,0.7457044673539519,0.8225255972696246,0.7228464419475655,0.6806083650190115,0.8122743682310469,0.7525083612040134,0.7491289198606271,0.6774193548387096,0.7769516728624535,0.7262357414448669,0.6895306859205776,0.7928802588996764,0.7672727272727272,0.818815331010453,0.7047970479704797,0.7394636015325671,0.7509433962264151,0.7562724014336918,0.6872727272727273,0.8062283737024222,0.6833976833976834,0.7792642140468228,0.8021978021978022,0.7824561403508772,0.7241379310344828,0.76,0.7186544342507645,0.794392523364486,0.7018181818181818,0.6534296028880866,0.667953667953668,0.7993079584775087,0.7472118959107806,0.7642585551330798,0.7439446366782007,0.746031746031746,0.7391304347826086,0.7962264150943397,0.6958174904942965,0.68,0.8254545454545454,0.8095238095238095,0.6190476190476191,0.7173144876325088,0.7091988130563798,0.7119113573407202,0.5730337078651685,0.8047138047138047,0.7132075471698113,0.7289377289377289,0.7153024911032029,0.7153024911032029,0.7689969604863222,0.8144329896907216,0.7295373665480427,0.7807308970099668,0.740072202166065,0.8207885304659498,0.7256317689530686,0.7431906614785992,0.7718631178707225,0.7491039426523297,0.637065637065637,0.7256317689530686,0.7472118959107806,0.7824561403508772,0.7935943060498221,0.7195571955719557,0.8154981549815498,0.7752808988764045,0.6725978647686833
sub-NORB00025_ses-1_correlation_matrix_avg,0.7158774373259053,0.37815126050420167,0.742296918767507,0.8440111420612814,0.6694677871148459,0.7493036211699164,0.6169014084507042,0.8151260504201681,0.9164345403899722,0.6338028169014085,0.6638655462184874,0.5774647887323944,0.9833795013850416,0.6880222841225627,0.7174515235457064,0.6450704225352113,0.7142857142857143,1.0,0.6601671309192201,0.49859154929577465,0.5830985915492958,0.7158774373259053,0.4957983193277311,0.5294117647058824,0.5830985915492958,0.7871148459383753,0.7070422535211267,0.6134453781512605,0.7994428969359332,0.7493036211699164,0.6676056338028169,0.8487394957983193,0.7325905292479109,0.5830985915492958,0.8253521126760563,0.6676056338028169,0.48169014084507045,0.49295774647887325,0.49295774647887325,0.5943661971830986,0.5182072829131653,0.5661971830985916,0.883008356545961,0.7198879551820728,0.6044568245125348,0.7254901960784313,0.4733893557422969,0.6078431372549019,0.5350140056022409,0.6470588235294118,0.7577464788732394,0.49295774647887325,0.6246498599439776,0.766016713091922,0.6507042253521127,0.9833795013850416,0.5605633802816902,0.5238095238095238,0.7070422535211267,0.7703081232492998,0.571830985915493,0.5126050420168067,0.6901408450704225,0.742296918767507,0.6901408450704225,0.5943661971830986,0.6134453781512605,0.5549295774647888,0.5766016713091922,0.8263305322128851,0.6267409470752089,0.7270194986072424,0.5774647887323944,0.5549295774647888,0.5830985915492958,0.637883008356546,0.5830985915492958,0.7270194986072424,0.4957983193277311,0.7746478873239436,0.6619718309859155,0.6974789915966386,0.8050139275766016,0.8662952646239555,0.8384401114206128,0.8774373259052924,0.5943661971830986,0.5661971830985916,0.49295774647887325,0.7214484679665738,0.5910364145658263,0.5654596100278552,0.6768802228412256,0.7950138504155124,0.9442896935933147,0.6169014084507042,0.532394366197183,0.5598885793871866,0.6713091922005571,0.6582633053221288,0.5211267605633803,0.6450704225352113,0.8774373259052924,0.9833795013850416,0.4591549295774648,0.766016713091922,0.5462184873949579,0.5966386554621849,0.6246498599439776,0.6155988857938719,0.8836565096952909,0.7535014005602241,0.6450704225352113,0.7759103641456583,0.6338028169014085,0.6880222841225627,0.6044568245125348,0.5380281690140845,0.5798319327731093,0.6414565826330533,0.4704225352112676,0.6134453781512605,0.6,0.7070422535211267,0.6862745098039216,0.5887323943661972,0.6526610644257703,0.5933147632311978,0.6
sub-NORB00047_ses-1_correlation_matrix_avg,0.8523985239852399,0.5428571428571428,0.8207885304659498,0.7507987220447284,0.8188679245283019,0.855595667870036,0.7898832684824902,0.7170418006430869,0.7134328358208956,0.7992277992277992,0.8250950570342205,0.805668016194332,0.667590027700831,0.6565656565656566,0.7630662020905923,0.8287937743190662,0.7978339350180506,0.6601671309192201,1.0,0.6653386454183267,0.7991967871485943,0.8388278388278388,0.7142857142857143,0.7777777777777778,0.7568627450980392,0.7525083612040134,0.7263157894736842,0.7701149425287356,0.8281786941580757,0.8291814946619217,0.8314176245210728,0.68,0.8078291814946619,0.7991967871485943,0.6845425867507886,0.8174904942965779,0.6954732510288066,0.6706827309236948,0.6442687747035574,0.7725490196078432,0.7759336099585062,0.7198443579766537,0.739938080495356,0.8315018315018315,0.7303370786516854,0.7992831541218638,0.6954732510288066,0.7358490566037735,0.8008298755186722,0.9036144578313253,0.6504854368932039,0.7119341563786008,0.8565737051792829,0.7993079584775087,0.7416974169741697,0.667590027700831,0.8106995884773662,0.7842323651452282,0.8021978021978022,0.8175438596491228,0.7276264591439688,0.6705882352941176,0.7802197802197802,0.8608058608058609,0.7419354838709677,0.7725490196078432,0.8406374501992032,0.7590361445783133,0.8152610441767069,0.7993311036789298,0.902834008097166,0.775438596491228,0.7911646586345381,0.7732793522267206,0.7848605577689243,0.8588235294117647,0.7707509881422925,0.84,0.7283950617283951,0.8105263157894737,0.7962264150943397,0.8154981549815498,0.8101694915254237,0.7539432176656151,0.722397476340694,0.7554858934169278,0.7725490196078432,0.7065637065637066,0.7261410788381742,0.8327272727272728,0.8380566801619433,0.8436213991769548,0.8697318007662835,0.7740863787375415,0.6829971181556196,0.6974169741697417,0.7695473251028807,0.805668016194332,0.8910505836575876,0.8455598455598455,0.6972111553784861,0.7735849056603774,0.6918429003021148,0.667590027700831,0.6356275303643725,0.8118466898954704,0.8024691358024691,0.8461538461538461,0.8132295719844358,0.8132295719844358,0.7308868501529052,0.8220640569395018,0.7472118959107806,0.7993079584775087,0.8274509803921568,0.8566037735849057,0.8554216867469879,0.7489878542510121,0.8367346938775511,0.8223938223938224,0.6929460580912863,0.8554216867469879,0.7665369649805448,0.8021978021978022,0.9137254901960784,0.7928286852589641,0.8378378378378378,0.8102766798418972,0.752895752895753
sub-NORB00086_ses-1_correlation_matrix_avg,0.5927272727272728,0.5939086294416244,0.6629213483146067,0.5562700964630225,0.6923076923076923,0.6245487364620939,0.6995708154506438,0.5614617940199336,0.5133531157270029,0.6275303643724697,0.6186770428015564,0.6828193832599119,0.4903047091412742,0.6273764258555133,0.5956678700361011,0.698744769874477,0.6756756756756757,0.49859154929577465,0.6653386454183267,1.0,0.6768558951965066,0.5927272727272728,0.6872037914691943,0.680365296803653,0.6623376623376623,0.6140350877192983,0.602996254681648,0.7533039647577092,0.6082474226804123,0.5901060070671378,0.6626506024096386,0.5498392282958199,0.5913978494623656,0.7534246575342466,0.5210355987055016,0.6626506024096386,0.7313432835820896,0.7512437810945274,0.7170731707317073,0.7244444444444444,0.6930232558139535,0.68,0.5323076923076923,0.5970695970695971,0.5607843137254902,0.6282527881040892,0.6811594202898551,0.7142857142857143,0.7050691244239631,0.659919028340081,0.5016835016835017,0.7004830917874396,0.601593625498008,0.6344086021505376,0.7071129707112971,0.4903047091412742,0.7488372093023256,0.7511961722488039,0.6273764258555133,0.6042402826855123,0.630901287553648,0.748792270531401,0.6293436293436293,0.6263736263736264,0.6549019607843137,0.6943231441048034,0.7379912663755459,0.6622222222222223,0.6234309623430963,0.5852842809364549,0.6707818930041153,0.6554307116104869,0.625531914893617,0.7725118483412322,0.7375565610859729,0.673469387755102,0.620253164556962,0.6554307116104869,0.6558139534883721,0.6200716845878136,0.7095435684647303,0.6653696498054474,0.5409836065573771,0.5619047619047619,0.5498392282958199,0.554858934169279,0.6099585062240664,0.5815899581589958,0.7170731707317073,0.6,0.6738197424892703,0.7066666666666667,0.5762081784386617,0.5614617940199336,0.5072463768115942,0.6431535269709544,0.7183098591549296,0.6118143459915611,0.642023346303502,0.649402390438247,0.6380090497737556,0.5675675675675675,0.5075987841945289,0.4903047091412742,0.6585365853658537,0.6344086021505376,0.7235023041474654,0.6401673640167364,0.6144578313253012,0.6680497925311203,0.5446153846153846,0.6173285198555957,0.6437246963562753,0.6,0.6408163265306123,0.6525096525096525,0.6936170212765957,0.7951219512195122,0.7155555555555555,0.6653061224489796,0.6303317535545023,0.6514522821576764,0.6883116883116883,0.6525096525096525,0.6498054474708171,0.7309417040358744,0.6816326530612244,0.6624472573839663,0.5918367346938775
sub-NORB00056_ses-1_correlation_matrix_avg,0.7528089887640449,0.5707762557077626,0.7752808988764045,0.6742671009771987,0.7297297297297297,0.7582417582417582,0.8127659574468085,0.6722408026755853,0.6216216216216216,0.8227848101265823,0.7911646586345381,0.8311111111111111,0.5734072022160664,0.5847750865051903,0.703971119133574,0.7942386831275721,0.7121771217712177,0.5830985915492958,0.7991967871485943,0.6768558951965066,1.0,0.779467680608365,0.7625570776255708,0.7533039647577092,0.8078602620087336,0.7314487632508834,0.7683397683397684,0.7759336099585062,0.711340206185567,0.6842105263157895,0.8271604938271605,0.6050156739811913,0.7490774907749077,0.7922077922077922,0.6611295681063123,0.7975708502024291,0.7746478873239436,0.6977777777777778,0.6828193832599119,0.7939914163090128,0.73568281938326,0.7816593886462883,0.6448598130841121,0.7323420074349443,0.7327935222672065,0.7018181818181818,0.7419354838709677,0.7246963562753036,0.7467248908296943,0.8106995884773662,0.6701754385964912,0.7934272300469484,0.7925311203319502,0.6701030927835051,0.7732793522267206,0.5734072022160664,0.820627802690583,0.8248847926267281,0.796078431372549,0.7224199288256228,0.7748917748917749,0.696969696969697,0.8152610441767069,0.7490774907749077,0.7587548638132295,0.8577777777777778,0.7907949790794979,0.7955555555555556,0.7637130801687764,0.696969696969697,0.8396624472573839,0.703971119133574,0.8311111111111111,0.8447488584474886,0.776824034334764,0.7959183673469388,0.7922077922077922,0.7811320754716982,0.6855895196506551,0.740072202166065,0.7333333333333333,0.7026022304832714,0.6949152542372882,0.6571428571428571,0.6151419558359621,0.6489028213166145,0.8914027149321267,0.7816593886462883,0.7603686635944701,0.7216117216117216,0.7721518987341772,0.776824034334764,0.7665369649805448,0.6722408026755853,0.5942028985507246,0.7108433734939759,0.8082191780821918,0.8149779735682819,0.7451737451737451,0.7549407114624506,0.8403755868544601,0.7795918367346939,0.628482972136223,0.5734072022160664,0.7370892018779343,0.6474576271186441,0.8116591928251121,0.8268398268398268,0.8227848101265823,0.7925311203319502,0.6369230769230769,0.7256317689530686,0.7795918367346939,0.7419354838709677,0.8701298701298701,0.8102766798418972,0.8059071729957806,0.7847533632286996,0.7702127659574468,0.8024691358024691,0.7395348837209302,0.8528138528138528,0.8181818181818182,0.796078431372549,0.8087649402390438,0.8488888888888889,0.6934865900383141,0.7448559670781894,0.8181818181818182
sub-NORB00038_ses-1_correlation_matrix_avg,0.9120879120879121,0.4795539033457249,0.8397212543554007,0.7917981072555205,0.773851590106007,0.8225255972696246,0.7204301075268817,0.7258566978193146,0.7731343283582089,0.8202247191011236,0.8450184501845018,0.7584905660377359,0.7229916897506925,0.6357827476038339,0.7710437710437711,0.7689530685920578,0.7324414715719063,0.7158774373259053,0.8388278388278388,0.5927272727272728,0.779467680608365,1.0,0.6730038022813688,0.6802973977695167,0.7397769516728625,0.8193979933110368,0.7474402730375427,0.7153024911032029,0.8839590443686007,0.797979797979798,0.8109090909090909,0.6996996996996997,0.8144329896907216,0.7269372693726938,0.7366771159874608,0.7849462365591398,0.6551724137931034,0.5970695970695971,0.5970695970695971,0.703971119133574,0.7034220532319392,0.6923076923076923,0.8018575851393189,0.8637992831541219,0.7785977859778598,0.818815331010453,0.6551724137931034,0.708185053380783,0.7132075471698113,0.8095238095238095,0.7041800643086816,0.6577946768060836,0.8202247191011236,0.7252396166134185,0.7385159010600707,0.7229916897506925,0.7358490566037735,0.7241379310344828,0.8618181818181818,0.8487972508591065,0.724907063197026,0.6101083032490975,0.775438596491228,0.8790035587188612,0.726962457337884,0.7677902621722846,0.7527272727272727,0.7414448669201521,0.7416974169741697,0.8538205980066446,0.8352059925093633,0.7710437710437711,0.7584905660377359,0.7153558052434457,0.7269372693726938,0.8228782287822878,0.7660377358490567,0.8718861209964412,0.660377358490566,0.8047138047138047,0.7906137184115524,0.735593220338983,0.8779661016949153,0.8056426332288401,0.7415384615384616,0.7956656346749226,0.7946768060836502,0.7433962264150943,0.6452830188679245,0.8131487889273357,0.8022813688212928,0.7660377358490567,0.8884758364312267,0.7813504823151125,0.7306590257879656,0.6842105263157895,0.7241379310344828,0.7718631178707225,0.800711743772242,0.7849462365591398,0.6958174904942965,0.8081180811808119,0.7522658610271903,0.7229916897506925,0.6121673003802282,0.758957654723127,0.7547892720306514,0.7827715355805244,0.7933579335793358,0.8066914498141264,0.7811550151975684,0.7912457912457912,0.7073170731707317,0.8556701030927835,0.8202247191011236,0.8351254480286738,0.79182156133829,0.6802973977695167,0.7735849056603774,0.8426966292134831,0.6398467432950191,0.79182156133829,0.7111913357400722,0.7839721254355401,0.8608058608058609,0.7472118959107806,0.7777777777777778,0.7256317689530686,0.7752808988764045
sub-NORB00087_ses-1_correlation_matrix_avg,0.660377358490566,0.572139303482587,0.6457564575645757,0.5728155339805825,0.6600790513833992,0.631768953068592,0.7229437229437229,0.5892255892255892,0.5375375375375375,0.6903765690376569,0.6521739130434783,0.7375565610859729,0.49584487534626037,0.5636363636363636,0.6505576208178439,0.7361702127659574,0.6577946768060836,0.4957983193277311,0.7142857142857143,0.6872037914691943,0.7625570776255708,0.6730038022813688,1.0,0.6894977168949772,0.7309417040358744,0.6325088339222615,0.6996047430830039,0.6736401673640168,0.6151202749140894,0.5971731448763251,0.6842105263157895,0.5765472312703583,0.6704119850187266,0.812206572769953,0.5475409836065573,0.6979591836734694,0.8324607329842932,0.7101449275362319,0.6777251184834123,0.7333333333333333,0.8208955223880597,0.7351598173515982,0.557632398753894,0.6282527881040892,0.6460905349794238,0.6479400749063671,0.7587939698492462,0.6936170212765957,0.7630331753554502,0.7383966244725738,0.5609756097560976,0.7788944723618091,0.6903765690376569,0.6070175438596491,0.729957805907173,0.49584487534626037,0.8439024390243902,0.8308457711442786,0.6862745098039216,0.6113074204946997,0.7603686635944701,0.6930232558139535,0.6892430278884463,0.6579925650557621,0.6498054474708171,0.7972350230414746,0.762114537444934,0.8164251207729468,0.7030567685589519,0.6026936026936027,0.7510729613733905,0.6754716981132075,0.7695852534562212,0.8341463414634146,0.812206572769953,0.7383966244725738,0.746606334841629,0.6629213483146067,0.7129186602870813,0.6156583629893239,0.7322175732217573,0.6226415094339622,0.5892255892255892,0.5682539682539682,0.5663430420711975,0.5514018691588785,0.7030567685589519,0.6888888888888889,0.7611940298507462,0.6554307116104869,0.757847533632287,0.812206572769953,0.6575875486381323,0.5892255892255892,0.5043227665706052,0.7379912663755459,0.8308457711442786,0.7534246575342466,0.7028112449799196,0.6706827309236948,0.7416267942583732,0.6518218623481782,0.5514018691588785,0.49584487534626037,0.7185929648241206,0.6183745583038869,0.8706467661691543,0.7990867579908676,0.7046413502109705,0.7641921397379913,0.5507692307692308,0.6245487364620939,0.6790123456790124,0.6070175438596491,0.7191489361702128,0.6862745098039216,0.7316017316017316,0.8226600985221675,0.771689497716895,0.7154811715481172,0.8306878306878307,0.7777777777777778,0.7422222222222222,0.6862745098039216,0.6972111553784861,0.771689497716895,0.689795918367347,0.76,0.696969696969697
sub-NORB00074_ses-2_correlation_matrix_avg,0.6802973977695167,0.6482412060301508,0.6900369003690037,0.6221498371335505,0.7075098814229249,0.6996336996336996,0.7446808510638298,0.6079734219269103,0.564179104477612,0.7261410788381742,0.7131474103585658,0.76,0.5290858725761773,0.6072727272727273,0.6581818181818182,0.7142857142857143,0.6779026217228464,0.5294117647058824,0.7777777777777778,0.680365296803653,0.7533039647577092,0.6802973977695167,0.6894977168949772,1.0,0.7847533632286996,0.6631578947368421,0.6806083650190115,0.7682403433476395,0.6563573883161512,0.6512455516014235,0.7188755020080321,0.5846645367412141,0.7026022304832714,0.7533039647577092,0.5765472312703583,0.7051792828685259,0.7320574162679426,0.7853658536585366,0.7023255813953488,0.7253218884120172,0.68,0.7117903930131004,0.5851393188854489,0.6853932584269663,0.6816326530612244,0.6436363636363637,0.7320574162679426,0.7012448132780082,0.7695852534562212,0.7740585774058577,0.5699658703071673,0.7511961722488039,0.7119341563786008,0.6376306620209059,0.6812749003984063,0.5290858725761773,0.7808219178082192,0.7511520737327189,0.6934865900383141,0.6774193548387096,0.676595744680851,0.7327188940092166,0.7098039215686275,0.6776556776556777,0.7098039215686275,0.7402597402597403,0.7991266375545851,0.7092511013215859,0.7402597402597403,0.6321070234113713,0.8025751072961373,0.6951672862453532,0.7142857142857143,0.755656108597285,0.7533039647577092,0.7740585774058577,0.6652719665271967,0.7078651685393258,0.6894977168949772,0.6702508960573477,0.6837944664031621,0.7609561752988048,0.6296296296296297,0.6063492063492063,0.5846645367412141,0.5987460815047022,0.7253218884120172,0.6401673640167364,0.7853658536585366,0.700374531835206,0.7489177489177489,0.7533039647577092,0.7176470588235294,0.6296296296296297,0.5568513119533528,0.6205533596837944,0.7351598173515982,0.7142857142857143,0.751004016064257,0.7188755020080321,0.6563876651982379,0.6733067729083665,0.5501519756838906,0.5290858725761773,0.6619718309859155,0.6491228070175439,0.7880184331797235,0.7729257641921398,0.7405857740585774,0.7261410788381742,0.5876923076923077,0.6559139784946236,0.7004048582995951,0.6607773851590106,0.7552742616033755,0.7609561752988048,0.7383966244725738,0.7442922374429224,0.7467248908296943,0.7366255144032922,0.6651162790697674,0.7991266375545851,0.7641921397379913,0.7065637065637066,0.7450199203187251,0.7777777777777778,0.6972111553784861,0.7361702127659574,0.6763485477178424
sub-NORB00096_ses-1_correlation_matrix_avg,0.6895306859205776,0.6,0.7490774907749077,0.6527331189710611,0.690566037735849,0.708185053380783,0.7824267782426778,0.6286644951140065,0.6216216216216216,0.7925311203319502,0.7088122605363985,0.7531914893617021,0.5734072022160664,0.5958188153310104,0.6678445229681979,0.7370517928286853,0.6872727272727273,0.5830985915492958,0.7568627450980392,0.6623376623376623,0.8078602620087336,0.7397769516728625,0.7309417040358744,0.7847533632286996,1.0,0.7314487632508834,0.7821011673151751,0.8212765957446808,0.6996587030716723,0.6724738675958188,0.7831325301204819,0.6253968253968254,0.7490774907749077,0.7617021276595745,0.639344262295082,0.7411764705882353,0.7746478873239436,0.7285067873303167,0.6828193832599119,0.7344398340248963,0.6624472573839663,0.8133333333333334,0.6448598130841121,0.6702508960573477,0.7051792828685259,0.6654804270462633,0.6651982378854625,0.6837944664031621,0.7021276595744681,0.7391304347826086,0.6470588235294118,0.7603686635944701,0.7489878542510121,0.658703071672355,0.7176470588235294,0.5734072022160664,0.7575757575757576,0.76,0.8102766798418972,0.7102473498233216,0.7154811715481172,0.6824034334763949,0.7865612648221344,0.7490774907749077,0.7451737451737451,0.8253275109170306,0.7907949790794979,0.7641921397379913,0.7061224489795919,0.696969696969697,0.7942386831275721,0.7163636363636363,0.7835497835497836,0.7797356828193832,0.7468354430379747,0.7813765182186235,0.7322175732217573,0.7677902621722846,0.6286919831223629,0.740072202166065,0.6934865900383141,0.7283018867924528,0.6835016835016835,0.6571428571428571,0.6357827476038339,0.6386292834890965,0.7787234042553192,0.6653061224489796,0.7442922374429224,0.6845878136200717,0.7004048582995951,0.7322175732217573,0.700374531835206,0.639344262295082,0.5850144092219021,0.6837944664031621,0.7757847533632287,0.7383966244725738,0.7186311787072244,0.7276264591439688,0.7117903930131004,0.6704980842911877,0.6184615384615385,0.5734072022160664,0.7703349282296651,0.658703071672355,0.7955555555555556,0.8111587982832618,0.763265306122449,0.7349397590361446,0.6369230769230769,0.6890459363957597,0.7370517928286853,0.7173144876325088,0.763265306122449,0.7821011673151751,0.7613168724279835,0.7379912663755459,0.7261410788381742,0.7590361445783133,0.7077625570776256,0.8528138528138528,0.8502202643171806,0.8247011952191236,0.7665369649805448,0.8654708520179372,0.6679245283018868,0.7028112449799196,0.7721518987341772
sub-NORB00103_ses-2_correlation_matrix_avg,0.7953795379537953,0.47368421052631576,0.8518518518518519,0.838006230529595,0.7762711864406779,0.8110749185667753,0.7614035087719299,0.7723076923076924,0.8064516129032258,0.7824561403508772,0.7694915254237288,0.6769759450171822,0.7839335180055401,0.653250773993808,0.7178683385579937,0.7716262975778547,0.7821782178217822,0.7871148459383753,0.7525083612040134,0.6140350877192983,0.7314487632508834,0.8193979933110368,0.6325088339222615,0.6631578947368421,0.7314487632508834,1.0,0.8350515463917526,0.7560975609756098,0.8943894389438944,0.8110749185667753,0.8245614035087719,0.8317757009345794,0.7915309446254072,0.7192982456140351,0.8056426332288401,0.7869415807560137,0.6042402826855123,0.6070175438596491,0.6183745583038869,0.7093425605536332,0.5932203389830508,0.7102473498233216,0.8470948012232415,0.7770491803278688,0.7319587628865979,0.7953795379537953,0.5929824561403508,0.773851590106007,0.6135593220338983,0.7491525423728813,0.7864077669902912,0.6183745583038869,0.7220338983050848,0.739938080495356,0.7785467128027682,0.7839335180055401,0.6912280701754386,0.6445993031358885,0.8869257950530035,0.8481848184818482,0.7173144876325088,0.6306620209059234,0.8397212543554007,0.8394648829431438,0.8269896193771626,0.7455830388692579,0.7439446366782007,0.696113074204947,0.6521739130434783,0.9141914191419142,0.735593220338983,0.8703071672354948,0.7243816254416962,0.696113074204947,0.7192982456140351,0.725752508361204,0.7073170731707317,0.8451178451178452,0.5661016949152542,0.8662207357859532,0.7679180887372014,0.7859531772575251,0.794392523364486,0.8746081504702194,0.7764350453172205,0.8753894080996885,0.7455830388692579,0.7102473498233216,0.6070175438596491,0.744408945686901,0.6813559322033899,0.6610169491525424,0.760797342192691,0.7614678899082569,0.8040345821325648,0.7370242214532872,0.6678445229681979,0.6542372881355932,0.7311475409836066,0.7391304347826086,0.6306620209059234,0.7594501718213058,0.775811209439528,0.7839335180055401,0.5759717314487632,0.8070739549839229,0.6842105263157895,0.7473684210526316,0.7577854671280276,0.7220338983050848,0.8480243161094225,0.7813504823151125,0.7009966777408638,0.8547854785478548,0.7950530035335689,0.797979797979798,0.7084745762711865,0.6749116607773852,0.6565656565656566,0.7423728813559322,0.5901060070671378,0.7684210526315789,0.7526501766784452,0.8606271777003485,0.8088737201365188,0.7385159010600707,0.7095709570957096,0.6722408026755853,0.7403508771929824
sub-NORB00103_ses-1_correlation_matrix_avg,0.735593220338983,0.48659003831417624,0.7800687285223368,0.7827476038338658,0.7024221453287197,0.7293729372937293,0.7602996254681648,0.7160883280757098,0.7227138643067846,0.7695167286245354,0.7073170731707317,0.720754716981132,0.6952908587257618,0.6351791530944625,0.7491525423728813,0.7328519855595668,0.7337883959044369,0.7070422535211267,0.7263157894736842,0.602996254681648,0.7683397683397684,0.7474402730375427,0.6996047430830039,0.6806083650190115,0.7821011673151751,0.8350515463917526,1.0,0.7416974169741697,0.7654723127035831,0.7180327868852459,0.7875457875457875,0.7539432176656151,0.8048780487804879,0.7283018867924528,0.7380191693290735,0.7491039426523297,0.6549019607843137,0.6447876447876448,0.632183908045977,0.7303370786516854,0.6282527881040892,0.7451737451737451,0.76,0.7171717171717171,0.7163636363636363,0.7009966777408638,0.6293436293436293,0.6967509025270758,0.6505576208178439,0.7224199288256228,0.7275747508305648,0.6837944664031621,0.730909090909091,0.6932907348242812,0.740072202166065,0.6952908587257618,0.7374517374517374,0.6988416988416989,0.8388278388278388,0.7425742574257426,0.663003663003663,0.6329588014981273,0.8302583025830258,0.7679180887372014,0.8168498168498168,0.8117647058823529,0.7416974169741697,0.690566037735849,0.68,0.7850162866449512,0.7582417582417582,0.7610921501706485,0.7471264367816092,0.7431906614785992,0.7547892720306514,0.7347670250896058,0.7026022304832714,0.7610921501706485,0.5985130111524164,0.7710437710437711,0.7419354838709677,0.7370242214532872,0.7053291536050157,0.7632398753894081,0.7213622291021672,0.7325227963525835,0.7433962264150943,0.6556776556776557,0.6447876447876448,0.707641196013289,0.6750902527075813,0.6776556776556777,0.711340206185567,0.6738461538461539,0.7118155619596542,0.7090909090909091,0.6988416988416989,0.6951672862453532,0.7162629757785467,0.7491039426523297,0.6577946768060836,0.696113074204947,0.7220543806646526,0.6952908587257618,0.6363636363636364,0.7152103559870551,0.7431906614785992,0.7584905660377359,0.7564575645756457,0.7564575645756457,0.7194029850746269,0.7003257328990228,0.7204301075268817,0.760797342192691,0.7564575645756457,0.773851590106007,0.703971119133574,0.6934865900383141,0.6974169741697417,0.7785977859778598,0.6521739130434783,0.8084291187739464,0.8054474708171206,0.8122743682310469,0.735191637630662,0.7898832684824902,0.6816608996539792,0.6774193548387096,0.7509433962264151
sub-NORB00092_ses-1_correlation_matrix_avg,0.6912280701754386,0.5911111111111111,0.8277153558052435,0.6977491961414791,0.7837837837837838,0.7833935018050542,0.8257261410788381,0.6634304207119741,0.6439169139465876,0.7490196078431373,0.7624521072796935,0.7824267782426778,0.6121883656509696,0.656140350877193,0.6933797909407665,0.7374517374517374,0.7381818181818182,0.6134453781512605,0.7701149425287356,0.7533039647577092,0.7759336099585062,0.7153024911032029,0.6736401673640168,0.7682403433476395,0.8212765957446808,0.7560975609756098,0.7416974169741697,1.0,0.7474402730375427,0.7333333333333333,0.7821011673151751,0.6386292834890965,0.7366548042704626,0.7907949790794979,0.6527331189710611,0.7547892720306514,0.7422222222222222,0.7444933920704846,0.6851063829787234,0.7777777777777778,0.6929460580912863,0.8111587982832618,0.6676923076923077,0.696113074204947,0.7065637065637066,0.6912280701754386,0.6680851063829787,0.7670682730923695,0.7178423236514523,0.7262357414448669,0.627906976744186,0.6851063829787234,0.7354085603112841,0.7421602787456446,0.7865612648221344,0.6121883656509696,0.7573221757322176,0.759656652360515,0.7546468401486989,0.7473684210526316,0.6758893280632411,0.7575757575757576,0.7854406130268199,0.7617328519855595,0.8132295719844358,0.7925311203319502,0.8340248962655602,0.7061224489795919,0.7211155378486056,0.7209302325581395,0.8072289156626506,0.7545126353790613,0.7108433734939759,0.7939914163090128,0.7759336099585062,0.7665369649805448,0.6784313725490196,0.8202247191011236,0.6460905349794238,0.7777777777777778,0.7338403041825095,0.7811320754716982,0.6634304207119741,0.7015873015873015,0.6913183279742765,0.6927899686520376,0.7349397590361446,0.6293436293436293,0.7444933920704846,0.6747404844290658,0.7154150197628458,0.746938775510204,0.6895306859205776,0.6634304207119741,0.6347826086956522,0.6730038022813688,0.7154811715481172,0.7387755102040816,0.7195571955719557,0.7821011673151751,0.698744769874477,0.6605166051660517,0.6314199395770392,0.6121883656509696,0.7375565610859729,0.7064846416382252,0.7637130801687764,0.7233201581027668,0.7490196078431373,0.805668016194332,0.68,0.7385159010600707,0.7786561264822134,0.7543859649122807,0.7490196078431373,0.8223938223938224,0.8189300411522634,0.7835497835497836,0.7408906882591093,0.8007968127490039,0.6371308016877637,0.7894736842105263,0.8468085106382979,0.8223938223938224,0.7660377358490567,0.8614718614718615,0.720754716981132,0.7312252964426877,0.7154150197628458
sub-NORB00035_ses-1_correlation_matrix_avg,0.8839590443686007,0.46075085324232085,0.8915254237288136,0.8746081504702194,0.8033898305084746,0.898989898989899,0.7406143344709898,0.7750759878419453,0.8516320474777448,0.7731958762886598,0.8213058419243986,0.7044673539518901,0.8060941828254847,0.6676923076923077,0.7429467084639498,0.7747440273037542,0.7850162866449512,0.7994428969359332,0.8281786941580757,0.6082474226804123,0.711340206185567,0.8839590443686007,0.6151202749140894,0.6563573883161512,0.6996587030716723,0.8943894389438944,0.7654723127035831,0.7474402730375427,1.0,0.8491803278688524,0.8144329896907216,0.8006042296072508,0.8175895765472313,0.6996587030716723,0.796923076923077,0.8020477815699659,0.5876288659793815,0.590443686006826,0.590443686006826,0.6902356902356902,0.6426116838487973,0.6791808873720137,0.8715596330275229,0.8771331058020477,0.735593220338983,0.8711864406779661,0.5876288659793815,0.7406143344709898,0.6632302405498282,0.78839590443686,0.7777777777777778,0.6013745704467354,0.7731958762886598,0.7757009345794392,0.745819397993311,0.8060941828254847,0.6838487972508591,0.6494845360824743,0.8625429553264605,0.9124579124579124,0.6860068259385665,0.6135593220338983,0.8047138047138047,0.9044368600682594,0.7807308970099668,0.7133105802047781,0.7474402730375427,0.6655290102389079,0.7016949152542373,0.9534883720930233,0.7869415807560137,0.8229508196721311,0.7044673539518901,0.6769759450171822,0.711340206185567,0.7762711864406779,0.711340206185567,0.8847457627118644,0.6040955631399317,0.9057239057239057,0.8075601374570447,0.8127090301003345,0.889967637540453,0.8761609907120743,0.8226299694189603,0.9003115264797508,0.7250859106529209,0.6907216494845361,0.6013745704467354,0.8283828382838284,0.7319587628865979,0.6996587030716723,0.8487972508591065,0.8193146417445483,0.8166189111747851,0.6943521594684385,0.6494845360824743,0.7044673539518901,0.7926421404682275,0.7898305084745763,0.6135593220338983,0.7869415807560137,0.8100890207715133,0.8060941828254847,0.5601374570446735,0.8327974276527331,0.6769759450171822,0.726962457337884,0.7610921501706485,0.7731958762886598,0.8723404255319149,0.8070739549839229,0.6828478964401294,0.893687707641196,0.7731958762886598,0.8372881355932204,0.7594501718213058,0.6563573883161512,0.7064846416382252,0.7938144329896907,0.5738831615120275,0.7474402730375427,0.7201365187713311,0.8249158249158249,0.8361774744027304,0.718213058419244,0.7830508474576271,0.6989966555183946,0.7201365187713311
sub-NORB00055_ses-1_correlation_matrix_avg,0.797979797979798,0.43859649122807015,0.8060200668896321,0.8181818181818182,0.8162544169611308,0.8508474576271187,0.7634408602150538,0.7308868501529052,0.798219584569733,0.7597173144876325,0.8220640569395018,0.7132616487455197,0.7562326869806094,0.632398753894081,0.7188498402555911,0.773851590106007,0.8213058419243986,0.7493036211699164,0.8291814946619217,0.5901060070671378,0.6842105263157895,0.797979797979798,0.5971731448763251,0.6512455516014235,0.6724738675958188,0.8110749185667753,0.7180327868852459,0.7333333333333333,0.8491803278688524,1.0,0.8149466192170819,0.7357357357357357,0.7940199335548173,0.708185053380783,0.7415384615384616,0.8149466192170819,0.5913978494623656,0.5830388692579506,0.6173285198555957,0.7102473498233216,0.6487455197132617,0.7111913357400722,0.8390092879256966,0.8033898305084746,0.697594501718213,0.8101694915254237,0.5800711743772242,0.7024221453287197,0.6823104693140795,0.7630662020905923,0.7654723127035831,0.6057347670250897,0.7597173144876325,0.8217821782178217,0.7439446366782007,0.7562326869806094,0.6797153024911032,0.6559139784946236,0.7762711864406779,0.8394648829431438,0.693950177935943,0.6070175438596491,0.8175438596491228,0.8305084745762712,0.7441077441077442,0.6632302405498282,0.7580071174377224,0.6845878136200717,0.7102473498233216,0.8566775244299675,0.773851590106007,0.7755775577557755,0.7256317689530686,0.6725978647686833,0.696113074204947,0.738831615120275,0.696113074204947,0.823728813559322,0.6200716845878136,0.8085808580858086,0.7577854671280276,0.7762711864406779,0.7968253968253968,0.8092307692307692,0.8233438485804416,0.8442367601246106,0.7102473498233216,0.6749116607773852,0.6173285198555957,0.7807308970099668,0.7173144876325088,0.7204301075268817,0.8118466898954704,0.8083067092651757,0.7855072463768116,0.7024221453287197,0.6441281138790036,0.7132616487455197,0.7923875432525952,0.8149466192170819,0.6298932384341637,0.7491289198606271,0.7671641791044777,0.7562326869806094,0.5516014234875445,0.8217821782178217,0.6607773851590106,0.7243816254416962,0.7722419928825622,0.7597173144876325,0.7957957957957958,0.8440677966101695,0.7370242214532872,0.8461538461538461,0.7722419928825622,0.8131487889273357,0.7455830388692579,0.6512455516014235,0.7031802120141343,0.7684210526315789,0.6,0.7333333333333333,0.7545126353790613,0.8006872852233677,0.8374558303886925,0.7031802120141343,0.7824561403508772,0.7073170731707317,0.7173144876325088
sub-NORB00096_ses-2_correlation_matrix_avg,0.7722419928825622,0.5265306122448979,0.8064516129032258,0.7380191693290735,0.7769516728624535,0.8149466192170819,0.8461538461538461,0.7377049180327869,0.7014925373134329,0.9012345679012346,0.8237547892720306,0.7751004016064257,0.6565096952908587,0.6105610561056105,0.6789297658862876,0.8132295719844358,0.7963636363636364,0.6676056338028169,0.8314176245210728,0.6626506024096386,0.8271604938271605,0.8109090909090909,0.6842105263157895,0.7188755020080321,0.7831325301204819,0.8245614035087719,0.7875457875457875,0.7821011673151751,0.8144329896907216,0.8149466192170819,1.0,0.6884735202492211,0.7684210526315789,0.7689243027888446,0.760797342192691,0.8735177865612648,0.6929460580912863,0.6816326530612244,0.6954732510288066,0.7568627450980392,0.6627450980392157,0.7877551020408163,0.7275541795665634,0.7906137184115524,0.7547892720306514,0.7597173144876325,0.6653061224489796,0.7471264367816092,0.6862745098039216,0.7870722433460076,0.7630662020905923,0.7095435684647303,0.7837837837837838,0.7373737373737373,0.7931034482758621,0.6565096952908587,0.7651821862348178,0.7387755102040816,0.8697318007662835,0.8035087719298246,0.7529880478087649,0.6679841897233202,0.8754863813229572,0.8064516129032258,0.79182156133829,0.7848605577689243,0.7683397683397684,0.7860082304526749,0.7164750957854407,0.797979797979798,0.7992277992277992,0.7864768683274022,0.8493723849372385,0.8008298755186722,0.7689243027888446,0.7602996254681648,0.8122448979591836,0.8122743682310469,0.6313725490196078,0.8351254480286738,0.7546468401486989,0.7745454545454545,0.7725752508361204,0.7413249211356467,0.6990595611285266,0.7429467084639498,0.8589211618257261,0.7590361445783133,0.7095435684647303,0.7421602787456446,0.7374517374517374,0.7142857142857143,0.8127340823970037,0.7041800643086816,0.6909620991253644,0.7471264367816092,0.7530864197530864,0.7470355731225297,0.7527272727272727,0.7886792452830189,0.7510373443983402,0.8132295719844358,0.6797583081570997,0.6565096952908587,0.6877637130801688,0.7491525423728813,0.7429718875502008,0.8007968127490039,0.8406374501992032,0.7566539923954373,0.7292307692307692,0.7950530035335689,0.7323420074349443,0.7979094076655052,0.8704453441295547,0.8141263940520446,0.796078431372549,0.7613168724279835,0.7088122605363985,0.779467680608365,0.7046413502109705,0.8247011952191236,0.8218623481781376,0.8555133079847909,0.8687258687258688,0.8204081632653061,0.7546468401486989,0.700374531835206,0.8367346938775511
sub-NORB00058_ses-1_correlation_matrix_avg,0.7099697885196374,0.4491803278688525,0.7386018237082067,0.8160237388724035,0.7009345794392523,0.7462235649546828,0.6426332288401254,0.7744807121661721,0.8600583090379009,0.6510903426791277,0.6435045317220544,0.5692307692307692,0.8448753462603878,0.6797583081570997,0.6913946587537092,0.7170418006430869,0.739938080495356,0.8487394957983193,0.68,0.5498392282958199,0.6050156739811913,0.6996996996996997,0.5765472312703583,0.5846645367412141,0.6253968253968254,0.8317757009345794,0.7539432176656151,0.6386292834890965,0.8006042296072508,0.7357357357357357,0.6884735202492211,1.0,0.7074626865671642,0.656957928802589,0.7850746268656716,0.6990595611285266,0.5305466237942122,0.5635179153094463,0.5737704918032787,0.6277602523659306,0.542319749216301,0.5862068965517241,0.8466076696165191,0.7353846153846154,0.6184615384615385,0.7632398753894081,0.540453074433657,0.684887459807074,0.5611285266457681,0.707936507936508,0.7881619937694704,0.5533980582524272,0.6207951070336392,0.7227138643067846,0.7234726688102894,0.8448753462603878,0.610223642172524,0.5782747603833865,0.7429467084639498,0.7907692307692308,0.6440129449838188,0.6065573770491803,0.7241379310344828,0.7492354740061162,0.7350157728706624,0.6175548589341693,0.6698412698412698,0.6038338658146964,0.5683890577507599,0.8297872340425532,0.6330275229357798,0.7981072555205048,0.6088328075709779,0.6141479099678456,0.6677524429967426,0.6553846153846153,0.6253968253968254,0.7220543806646526,0.5172413793103449,0.7737003058103975,0.7034700315457413,0.7213622291021672,0.7434402332361516,0.8181818181818182,0.7681159420289855,0.8738738738738738,0.6175548589341693,0.6063492063492063,0.5533980582524272,0.7370030581039755,0.6238244514106583,0.6050156739811913,0.6778115501519757,0.7434402332361516,0.8674351585014409,0.7180327868852459,0.6091205211726385,0.5501519756838906,0.7027863777089783,0.6780185758513931,0.5170278637770898,0.6635514018691588,0.7879656160458453,0.8448753462603878,0.47634069400630913,0.7750759878419453,0.6351791530944625,0.6613418530351438,0.6510903426791277,0.6207951070336392,0.8051575931232091,0.7091988130563798,0.6430769230769231,0.7643504531722054,0.6510903426791277,0.6797583081570997,0.5987841945288754,0.6051779935275081,0.6112852664576802,0.6291793313069909,0.5475409836065573,0.6805111821086262,0.6340694006309149,0.7320872274143302,0.6880733944954128,0.6214511041009464,0.6822429906542056,0.6261682242990654,0.6137071651090342
sub-NORB00094_ses-1_correlation_matrix_avg,0.8144329896907216,0.4907749077490775,0.8101694915254237,0.8576051779935275,0.7577854671280276,0.8556701030927835,0.7419354838709677,0.7445482866043613,0.7699115044247787,0.7634408602150538,0.7879858657243817,0.7677902621722846,0.739612188365651,0.6655948553054662,0.8156996587030717,0.7282229965156795,0.8006872852233677,0.7325905292479109,0.8078291814946619,0.5913978494623656,0.7490774907749077,0.8144329896907216,0.6704119850187266,0.7026022304832714,0.7490774907749077,0.7915309446254072,0.8048780487804879,0.7366548042704626,0.8175895765472313,0.7940199335548173,0.7684210526315789,0.7074626865671642,1.0,0.7362637362637363,0.6918429003021148,0.7560975609756098,0.6404494382022472,0.6190476190476191,0.5956678700361011,0.7638376383763837,0.700374531835206,0.7018181818181818,0.7981651376146789,0.7830508474576271,0.7243816254416962,0.7658862876254181,0.6282527881040892,0.6701030927835051,0.7228464419475655,0.7793594306049823,0.6802507836990596,0.6554307116104869,0.8021978021978022,0.744408945686901,0.6996587030716723,0.739612188365651,0.7453183520599251,0.7078651685393258,0.7800687285223368,0.8073089700996677,0.6607773851590106,0.631768953068592,0.8091872791519434,0.8225255972696246,0.7594501718213058,0.7769516728624535,0.7745454545454545,0.6872727272727273,0.7902621722846442,0.8371335504885994,0.8576779026217228,0.8033898305084746,0.703971119133574,0.7121771217712177,0.7236363636363636,0.8450184501845018,0.6631578947368421,0.8536585365853658,0.6704119850187266,0.7770491803278688,0.773851590106007,0.7923875432525952,0.8006430868167203,0.7798165137614679,0.7492354740061162,0.7920489296636085,0.7381818181818182,0.6421052631578947,0.6554307116104869,0.872791519434629,0.7454545454545455,0.7752808988764045,0.8035087719298246,0.7777777777777778,0.7378917378917379,0.6701030927835051,0.6703296703296703,0.7677902621722846,0.8483754512635379,0.7935943060498221,0.6436363636363637,0.7162629757785467,0.770392749244713,0.739612188365651,0.6104868913857678,0.801980198019802,0.7378277153558053,0.7527272727272727,0.7634408602150538,0.8021978021978022,0.8215384615384616,0.7755775577557755,0.7403508771929824,0.801980198019802,0.7508896797153025,0.8836363636363637,0.7875457875457875,0.6654545454545454,0.7827715355805244,0.8376383763837638,0.6133828996282528,0.8141263940520446,0.7454545454545455,0.8048780487804879,0.8291814946619217,0.7564575645756457,0.7614035087719299,0.7859778597785978,0.708185053380783
sub-NORB00042_ses-1_correlation_matrix_avg,0.7528089887640449,0.5707762557077626,0.7490774907749077,0.6742671009771987,0.7848605577689243,0.7454545454545455,0.8283261802575107,0.6722408026755853,0.6216216216216216,0.7489878542510121,0.7354085603112841,0.7991266375545851,0.5734072022160664,0.6654545454545454,0.7416974169741697,0.8553191489361702,0.7777777777777778,0.5830985915492958,0.7991967871485943,0.7534246575342466,0.7922077922077922,0.7269372693726938,0.812206572769953,0.7533039647577092,0.7617021276595745,0.7192982456140351,0.7283018867924528,0.7907949790794979,0.6996587030716723,0.708185053380783,0.7689243027888446,0.656957928802589,0.7362637362637363,1.0,0.6286644951140065,0.8122448979591836,0.8086124401913876,0.7767441860465116,0.7603686635944701,0.8253275109170306,0.815668202764977,0.7816593886462883,0.6448598130841121,0.7453183520599251,0.691699604743083,0.779467680608365,0.7746478873239436,0.7530864197530864,0.7937219730941704,0.8257261410788381,0.6357388316151202,0.7767441860465116,0.7777777777777778,0.7173144876325088,0.8326359832635983,0.5734072022160664,0.8709677419354839,0.8767772511848341,0.7547892720306514,0.7472924187725631,0.7903930131004366,0.757847533632287,0.7865612648221344,0.7620817843866171,0.7725490196078432,0.7939914163090128,0.868995633187773,0.8280542986425339,0.720164609053498,0.696969696969697,0.8091286307053942,0.7546468401486989,0.7835497835497836,0.8790697674418605,0.8565022421524664,0.8106995884773662,0.776824034334764,0.7416974169741697,0.7625570776255708,0.740072202166065,0.8493723849372385,0.7414448669201521,0.6611295681063123,0.6466876971608833,0.6463022508038585,0.6489028213166145,0.7637130801687764,0.6929460580912863,0.8277511961722488,0.7472118959107806,0.834061135371179,0.8733031674208145,0.7394636015325671,0.7064846416382252,0.5942028985507246,0.7676348547717843,0.8418604651162791,0.7383966244725738,0.8007968127490039,0.8271604938271605,0.7268722466960352,0.7370517928286853,0.628482972136223,0.5734072022160664,0.6742081447963801,0.7052631578947368,0.8967136150234741,0.7957446808510639,0.763265306122449,0.7777777777777778,0.6369230769230769,0.7256317689530686,0.7942386831275721,0.7295373665480427,0.8075313807531381,0.7547892720306514,0.7907949790794979,0.8685446009389671,0.8654708520179372,0.8024691358024691,0.7894736842105263,0.8528138528138528,0.8025751072961373,0.7821011673151751,0.7944664031620553,0.8165938864628821,0.8040816326530612,0.8197424892703863,0.7004048582995951
sub-NORB00028_ses-1_correlation_matrix_avg,0.7258566978193146,0.4098360655737705,0.7337461300309598,0.7699115044247787,0.6739811912225705,0.7523219814241486,0.6786885245901639,0.770392749244713,0.8040345821325648,0.7209302325581395,0.6888888888888889,0.6116504854368932,0.8116343490304709,0.6047197640117994,0.6268221574344023,0.7114754098360656,0.7027863777089783,0.8253521126760563,0.6845425867507886,0.5210355987055016,0.6611295681063123,0.7366771159874608,0.5475409836065573,0.5765472312703583,0.639344262295082,0.8056426332288401,0.7380191693290735,0.6527331189710611,0.796923076923077,0.7415384615384616,0.760797342192691,0.7850746268656716,0.6918429003021148,0.6286644951140065,1.0,0.7491749174917491,0.5415282392026578,0.5244299674267101,0.5548172757475083,0.610223642172524,0.5238095238095238,0.6303630363036303,0.8112094395280236,0.7304075235109718,0.6634304207119741,0.7587301587301587,0.521311475409836,0.656957928802589,0.5428571428571428,0.6805111821086262,0.7841269841269841,0.5548172757475083,0.6340694006309149,0.6774193548387096,0.6741214057507987,0.8116343490304709,0.6237623762376238,0.580327868852459,0.7836065573770492,0.786833855799373,0.6588628762541806,0.5369774919614148,0.7755775577557755,0.7554858934169278,0.7188498402555911,0.6416938110749185,0.6421725239616614,0.6387959866220736,0.5799373040752351,0.8153846153846154,0.6466876971608833,0.7064220183486238,0.6655518394648829,0.6171617161716172,0.639344262295082,0.6184615384615385,0.6722408026755853,0.7169230769230769,0.4984126984126984,0.780564263322884,0.6656151419558359,0.6842105263157895,0.8142414860681114,0.8258258258258259,0.7640117994100295,0.826865671641791,0.68561872909699,0.6521739130434783,0.5445544554455446,0.6797583081570997,0.6166134185303515,0.5772870662460567,0.7252396166134185,0.6887608069164265,0.8542274052478134,0.6677524429967426,0.6013289036544851,0.580952380952381,0.6452599388379205,0.6719242902208202,0.5986622073578596,0.7342192691029901,0.7842565597667639,0.8116343490304709,0.5250836120401338,0.6873156342182891,0.5960912052117264,0.6547231270358306,0.6872964169381107,0.6444444444444445,0.7606837606837606,0.7353846153846154,0.5963302752293578,0.804416403785489,0.7209302325581395,0.6842105263157895,0.6112852664576802,0.5868852459016394,0.583596214511041,0.6634920634920635,0.5488215488215489,0.6742671009771987,0.6810631229235881,0.7380191693290735,0.7142857142857143,0.6677740863787376,0.6551724137931034,0.5789473684210527,0.66996699669967
sub-NORB00050_ses-1_correlation_matrix_avg,0.7978339350180506,0.5141700404858299,0.7809187279151943,0.7605177993527508,0.7902621722846442,0.8149466192170819,0.8313253012048193,0.760797342192691,0.7117117117117117,0.8704453441295547,0.7827715355805244,0.7609561752988048,0.6565096952908587,0.6105610561056105,0.7133105802047781,0.9176954732510288,0.8095238095238095,0.6676056338028169,0.8174904942965779,0.6626506024096386,0.7975708502024291,0.7849462365591398,0.6979591836734694,0.7051792828685259,0.7411764705882353,0.7869415807560137,0.7491039426523297,0.7547892720306514,0.8020477815699659,0.8149466192170819,0.8735177865612648,0.6990595611285266,0.7560975609756098,0.8122448979591836,0.7491749174917491,1.0,0.7071129707112971,0.6816326530612244,0.7238493723849372,0.8137651821862348,0.6892430278884463,0.7877551020408163,0.7383177570093458,0.8302583025830258,0.7153558052434457,0.8513011152416357,0.6790123456790124,0.7606177606177607,0.7131474103585658,0.8287937743190662,0.7630662020905923,0.7095435684647303,0.7566539923954373,0.7731958762886598,0.806949806949807,0.6565096952908587,0.7942386831275721,0.7676348547717843,0.8141263940520446,0.8422939068100358,0.8106995884773662,0.6812749003984063,0.861003861003861,0.8194945848375451,0.7655677655677655,0.7568627450980392,0.796078431372549,0.8158995815899581,0.7034220532319392,0.797979797979798,0.7854406130268199,0.773851590106007,0.8340248962655602,0.8008298755186722,0.7689243027888446,0.7472118959107806,0.8271604938271605,0.7864768683274022,0.6573705179282868,0.8091872791519434,0.7811320754716982,0.7491039426523297,0.7377049180327869,0.7304075235109718,0.7097791798107256,0.7429467084639498,0.7991967871485943,0.7877551020408163,0.7095435684647303,0.7667844522968198,0.7509727626459144,0.7549407114624506,0.8403041825095057,0.7491749174917491,0.6909620991253644,0.7606177606177607,0.7530864197530864,0.7198443579766537,0.7785977859778598,0.8022813688212928,0.6947791164658634,0.841897233201581,0.7107692307692308,0.6565096952908587,0.6460905349794238,0.7854671280276817,0.757085020242915,0.8152610441767069,0.8117647058823529,0.7566539923954373,0.7186544342507645,0.8339350180505415,0.7453183520599251,0.8105263157894737,0.8704453441295547,0.8007380073800738,0.7414448669201521,0.746938775510204,0.7354085603112841,0.7660377358490567,0.7046413502109705,0.8102766798418972,0.8218623481781376,0.8141263940520446,0.8544061302681992,0.7911646586345381,0.7946768060836502,0.7394636015325671,0.7647058823529411
sub-NORB00083_ses-2_correlation_matrix_avg,0.6551724137931034,0.612565445026178,0.6404494382022472,0.5570032573289903,0.6546184738955824,0.6263736263736264,0.7333333333333333,0.5836177474402731,0.5135135135135135,0.7142857142857143,0.659919028340081,0.7488372093023256,0.47368421052631576,0.5571955719557196,0.6452830188679245,0.7316017316017316,0.6525096525096525,0.48169014084507045,0.6954732510288066,0.7313432835820896,0.7746478873239436,0.6551724137931034,0.8324607329842932,0.7320574162679426,0.7746478873239436,0.6042402826855123,0.6549019607843137,0.7422222222222222,0.5876288659793815,0.5913978494623656,0.6929460580912863,0.5305466237942122,0.6404494382022472,0.8086124401913876,0.5415282392026578,0.7071129707112971,1.0,0.7927461139896373,0.7044334975369458,0.7442922374429224,0.817258883248731,0.7630331753554502,0.5327102803738317,0.6349809885931559,0.6265560165975104,0.6425855513307985,0.7360406091370558,0.6595744680851063,0.775609756097561,0.7191489361702128,0.5331010452961672,0.7743589743589744,0.6851063829787234,0.6129032258064516,0.7253218884120172,0.47368421052631576,0.8226600985221675,0.8461538461538461,0.6679841897233202,0.6173285198555957,0.7235023041474654,0.7033492822966507,0.6706827309236948,0.6404494382022472,0.6442687747035574,0.7934272300469484,0.7422222222222222,0.7951219512195122,0.7130044843049327,0.5757575757575758,0.7467248908296943,0.6329588014981273,0.7488372093023256,0.8492462311557789,0.7914691943127962,0.7339055793991416,0.726027397260274,0.6452830188679245,0.7073170731707317,0.6101083032490975,0.7130801687763713,0.6168582375478927,0.5728813559322034,0.5428571428571428,0.540453074433657,0.5360501567398119,0.7130044843049327,0.6681614349775785,0.8306878306878307,0.6501901140684411,0.7534246575342466,0.7914691943127962,0.6521739130434783,0.5836177474402731,0.48985507246376814,0.6883116883116883,0.8274111675126904,0.7327188940092166,0.6842105263157895,0.6653061224489796,0.7365853658536585,0.6597510373443983,0.5264797507788161,0.47368421052631576,0.786096256684492,0.5789473684210527,0.8308457711442786,0.746606334841629,0.6851063829787234,0.7444933920704846,0.5261538461538462,0.6309963099630996,0.6877637130801688,0.6129032258064516,0.7292576419213974,0.6812749003984063,0.7422222222222222,0.8564102564102564,0.784037558685446,0.7253218884120172,0.7696335078534031,0.757847533632287,0.7375565610859729,0.6549019607843137,0.6923076923076923,0.8009478672985783,0.6846473029045643,0.7399103139013453,0.6916299559471366
sub-NORB00102_ses-1_correlation_matrix_avg,0.620817843866171,0.6864864864864865,0.6431226765799256,0.5700325732899023,0.6842105263157895,0.6290909090909091,0.73568281938326,0.5757575757575758,0.5164179104477612,0.6597510373443983,0.649402390438247,0.7040358744394619,0.48476454293628807,0.5955056179775281,0.6236162361623616,0.7046413502109705,0.667953667953668,0.49295774647887325,0.6706827309236948,0.7512437810945274,0.6977777777777778,0.5970695970695971,0.7101449275362319,0.7853658536585366,0.7285067873303167,0.6070175438596491,0.6447876447876448,0.7444933920704846,0.590443686006826,0.5830388692579506,0.6816326530612244,0.5635179153094463,0.6190476190476191,0.7767441860465116,0.5244299674267101,0.6816326530612244,0.7927461139896373,1.0,0.7587939698492462,0.7625570776255708,0.6995305164319249,0.7327188940092166,0.5261538461538462,0.6377358490566037,0.6032388663967612,0.6329588014981273,0.7044334975369458,0.6909871244635193,0.7440758293838863,0.6929460580912863,0.5363321799307958,0.7766497461928934,0.6326530612244898,0.6272401433691757,0.7130801687763713,0.48476454293628807,0.7725118483412322,0.775609756097561,0.632183908045977,0.608540925266904,0.7104072398190046,0.8090452261306532,0.6733067729083665,0.6072727272727273,0.6733067729083665,0.7155555555555555,0.7444933920704846,0.7142857142857143,0.6425531914893617,0.5681063122923588,0.7046413502109705,0.6479400749063671,0.6888888888888889,0.8146341463414634,0.7603686635944701,0.6929460580912863,0.6681222707423581,0.6356877323420075,0.7438423645320197,0.6129032258064516,0.6872427983539094,0.6575875486381323,0.5445544554455446,0.5457413249211357,0.5434083601286174,0.5389408099688473,0.670995670995671,0.6137339055793991,0.7948717948717948,0.6404494382022472,0.7092511013215859,0.7285067873303167,0.6045627376425855,0.5757575757575758,0.5102040816326531,0.6485355648535565,0.7416267942583732,0.630901287553648,0.6733067729083665,0.6954732510288066,0.6289592760180995,0.6224899598393574,0.5107033639143731,0.48476454293628807,0.6984924623115578,0.6156583629893239,0.7799043062200957,0.7030567685589519,0.6736401673640168,0.6736401673640168,0.5384615384615384,0.5985663082437276,0.6625514403292181,0.5929824561403508,0.7021276595744681,0.6705882352941176,0.6995708154506438,0.8208955223880597,0.7375565610859729,0.698744769874477,0.6847290640394089,0.7142857142857143,0.7399103139013453,0.6575875486381323,0.6549019607843137,0.7375565610859729,0.659919028340081,0.6824034334763949,0.6234309623430963
sub-NORB00014_ses-1_correlation_matrix_avg,0.6088560885608856,0.6335078534031413,0.6309963099630996,0.5700325732899023,0.6706827309236948,0.6290909090909091,0.7205240174672489,0.5972696245733788,0.5255255255255256,0.7021276595744681,0.6363636363636364,0.645021645021645,0.48476454293628807,0.6197718631178707,0.6117216117216118,0.7339055793991416,0.6551724137931034,0.49295774647887325,0.6442687747035574,0.7170731707317073,0.6828193832599119,0.5970695970695971,0.6777251184834123,0.7023255813953488,0.6828193832599119,0.6183745583038869,0.632183908045977,0.6851063829787234,0.590443686006826,0.6173285198555957,0.6954732510288066,0.5737704918032787,0.5956678700361011,0.7603686635944701,0.5548172757475083,0.7238493723849372,0.7044334975369458,0.7587939698492462,1.0,0.7155555555555555,0.6380090497737556,0.7168949771689498,0.5451713395638629,0.6254681647940075,0.5776892430278885,0.6577946768060836,0.6398104265402843,0.7205240174672489,0.695852534562212,0.6790123456790124,0.5913978494623656,0.7587939698492462,0.6460905349794238,0.6042402826855123,0.7276595744680852,0.48476454293628807,0.7235023041474654,0.7251184834123223,0.6447876447876448,0.6200716845878136,0.726027397260274,0.8090452261306532,0.7004048582995951,0.6190476190476191,0.7004048582995951,0.6425531914893617,0.7142857142857143,0.7142857142857143,0.562753036437247,0.5892255892255892,0.6356275303643725,0.6356877323420075,0.7351598173515982,0.7464788732394366,0.7603686635944701,0.6518218623481782,0.7130044843049327,0.6236162361623616,0.6619718309859155,0.6245487364620939,0.7012448132780082,0.6837944664031621,0.5445544554455446,0.5555555555555556,0.5434083601286174,0.54858934169279,0.670995670995671,0.6419213973799127,0.7241379310344828,0.5927272727272728,0.6796536796536796,0.6977777777777778,0.6168582375478927,0.5652173913043478,0.5102040816326531,0.7056277056277056,0.775609756097561,0.6033755274261603,0.6216216216216216,0.6954732510288066,0.6744186046511628,0.6356275303643725,0.52,0.48476454293628807,0.6018957345971564,0.6272401433691757,0.7302325581395349,0.7030567685589519,0.6877637130801688,0.6877637130801688,0.5384615384615384,0.6101083032490975,0.6095617529880478,0.6042402826855123,0.6877637130801688,0.6447876447876448,0.6296296296296297,0.7345971563981043,0.6916299559471366,0.6571428571428571,0.7360406091370558,0.7142857142857143,0.7244444444444444,0.6705882352941176,0.6549019607843137,0.6916299559471366,0.659919028340081,0.6540084388185654,0.6234309623430963
sub-NORB00011_ses-1_correlation_matrix_avg,0.703971119133574,0.6036866359447005,0.7769516728624535,0.6872964169381107,0.7865612648221344,0.76,0.7842323651452282,0.68561872909699,0.6238805970149254,0.7370517928286853,0.7374517374517374,0.8008658008658008,0.5844875346260388,0.6559139784946236,0.7435897435897436,0.8106995884773662,0.779467680608365,0.5943661971830986,0.7725490196078432,0.7244444444444444,0.7939914163090128,0.703971119133574,0.7333333333333333,0.7253218884120172,0.7344398340248963,0.7093425605536332,0.7303370786516854,0.7777777777777778,0.6902356902356902,0.7102473498233216,0.7568627450980392,0.6277602523659306,0.7638376383763837,0.8253275109170306,0.610223642172524,0.8137651821862348,0.7442922374429224,0.7625570776255708,0.7155555555555555,1.0,0.7533039647577092,0.7531914893617021,0.6573208722741433,0.7343173431734318,0.6809338521400778,0.7416974169741697,0.7285067873303167,0.7551020408163265,0.8116591928251121,0.7975708502024291,0.6271186440677966,0.7953488372093023,0.7370517928286853,0.7437722419928826,0.7751004016064257,0.5844875346260388,0.8222222222222222,0.8099547511312217,0.7174721189591078,0.7366548042704626,0.7617021276595745,0.7918552036199095,0.77431906614786,0.7256317689530686,0.7338403041825095,0.7805907172995781,0.8701298701298701,0.7510729613733905,0.7510373443983402,0.6989966555183946,0.8257261410788381,0.7435897435897436,0.7405857740585774,0.863013698630137,0.7787234042553192,0.7975708502024291,0.7061224489795919,0.7695167286245354,0.7972350230414746,0.7173144876325088,0.7628458498023716,0.7303370786516854,0.6524590163934426,0.6698412698412698,0.6485623003194888,0.6614420062695925,0.7510373443983402,0.6816326530612244,0.746606334841629,0.7362637362637363,0.7593360995850622,0.8253275109170306,0.7026022304832714,0.68561872909699,0.6057971014492753,0.7131474103585658,0.7467248908296943,0.7552742616033755,0.77431906614786,0.7568627450980392,0.6851063829787234,0.6988416988416989,0.6307692307692307,0.5844875346260388,0.6475770925110133,0.7437722419928826,0.7973568281938326,0.7676348547717843,0.751004016064257,0.7942386831275721,0.6492307692307693,0.7527272727272727,0.7813765182186235,0.7437722419928826,0.7795918367346939,0.8117647058823529,0.7925311203319502,0.7866666666666666,0.8025751072961373,0.7894736842105263,0.695067264573991,0.8075313807531381,0.8197424892703863,0.7701149425287356,0.7821011673151751,0.8025751072961373,0.7354085603112841,0.8212765957446808,0.7028112449799196
sub-NORB00002_ses-1_correlation_matrix_avg,0.7164750957854407,0.5652173913043478,0.700374531835206,0.6091205211726385,0.7327935222672065,0.684981684981685,0.7130801687763713,0.5946843853820598,0.5615615615615616,0.6680161943319838,0.7246963562753036,0.7899543378995434,0.518005540166205,0.6162361623616236,0.7056603773584905,0.7405857740585774,0.7011494252873564,0.5182072829131653,0.7759336099585062,0.6930232558139535,0.73568281938326,0.7034220532319392,0.8208955223880597,0.68,0.6624472573839663,0.5932203389830508,0.6282527881040892,0.6929460580912863,0.6426116838487973,0.6487455197132617,0.6627450980392157,0.542319749216301,0.700374531835206,0.815668202764977,0.5238095238095238,0.6892430278884463,0.817258883248731,0.6995305164319249,0.6380090497737556,0.7533039647577092,1.0,0.6796536796536796,0.5825545171339563,0.6958174904942965,0.6385542168674698,0.7034220532319392,0.7129186602870813,0.6571428571428571,0.8536585365853658,0.7573221757322176,0.5149501661129569,0.7156398104265402,0.7531914893617021,0.6702508960573477,0.7061224489795919,0.518005540166205,0.8293838862559242,0.8341463414634146,0.6404494382022472,0.6512455516014235,0.7030567685589519,0.6533333333333333,0.6425855513307985,0.6877323420074349,0.630188679245283,0.7533039647577092,0.7816593886462883,0.7534246575342466,0.8009049773755657,0.6187290969899666,0.8165938864628821,0.6556776556776557,0.7117903930131004,0.8028169014084507,0.7828054298642534,0.8025751072961373,0.6909871244635193,0.7056603773584905,0.8029556650246306,0.6325088339222615,0.7805907172995781,0.6282527881040892,0.6271186440677966,0.5936507936507937,0.5922330097087378,0.5862068965517241,0.679324894514768,0.6371308016877637,0.7832512315270936,0.7110266159695817,0.8433179723502304,0.9033816425120773,0.7019607843137254,0.6382252559726962,0.5273775216138329,0.6707818930041153,0.7819905213270142,0.8232558139534883,0.763265306122449,0.7448559670781894,0.6986301369863014,0.6442687747035574,0.56656346749226,0.518005540166205,0.6587677725118484,0.6466431095406361,0.8199052132701422,0.7253218884120172,0.6954732510288066,0.7991266375545851,0.5753846153846154,0.6776556776556777,0.7119341563786008,0.6583629893238434,0.7095435684647303,0.7450199203187251,0.8133333333333334,0.8086124401913876,0.8767772511848341,0.7939914163090128,0.7611940298507462,0.7361702127659574,0.6877637130801688,0.6528301886792452,0.7429718875502008,0.7444933920704846,0.7656903765690377,0.8280542986425339,0.6597510373443983
sub-NORB00070_ses-1_correlation_matrix_avg,0.6923076923076923,0.5868544600938967,0.7269372693726938,0.6547231270358306,0.6806083650190115,0.7111913357400722,0.8181818181818182,0.6411960132890365,0.6036036036036037,0.7530864197530864,0.7254901960784313,0.7424892703862661,0.556786703601108,0.5532646048109966,0.6350877192982456,0.7408906882591093,0.7026022304832714,0.5661971830985916,0.7198443579766537,0.68,0.7816593886462883,0.6923076923076923,0.7351598173515982,0.7117903930131004,0.8133333333333334,0.7102473498233216,0.7451737451737451,0.8111587982832618,0.6791808873720137,0.7111913357400722,0.7877551020408163,0.5862068965517241,0.7018181818181818,0.7816593886462883,0.6303630363036303,0.7877551020408163,0.7630331753554502,0.7327188940092166,0.7168949771689498,0.7531914893617021,0.6796536796536796,1.0,0.6261682242990654,0.684981684981685,0.6679841897233202,0.68,0.6832579185520362,0.7142857142857143,0.73568281938326,0.7154150197628458,0.6607773851590106,0.7327188940092166,0.7246963562753036,0.6494845360824743,0.7489878542510121,0.556786703601108,0.7467248908296943,0.7488789237668162,0.7587548638132295,0.701067615658363,0.7339055793991416,0.7004405286343612,0.7911646586345381,0.7142857142857143,0.7490196078431373,0.7682403433476395,0.7510373443983402,0.8009049773755657,0.6546184738955824,0.6767676767676768,0.7408906882591093,0.6823104693140795,0.8044444444444444,0.817351598173516,0.7215189873417721,0.7019607843137254,0.7510729613733905,0.7195571955719557,0.6593886462882096,0.7184115523465704,0.6964980544747081,0.6928838951310862,0.6303630363036303,0.638095238095238,0.6270096463022508,0.6300940438871473,0.7383966244725738,0.6962025316455697,0.7168949771689498,0.6512455516014235,0.689795918367347,0.7215189873417721,0.690566037735849,0.6411960132890365,0.5768115942028985,0.7004048582995951,0.7333333333333333,0.7276595744680852,0.6704119850187266,0.7312252964426877,0.7004405286343612,0.7131474103585658,0.6,0.556786703601108,0.7251184834123223,0.6608996539792388,0.7533039647577092,0.7702127659574468,0.7530864197530864,0.7387755102040816,0.6184615384615385,0.703971119133574,0.7551020408163265,0.696113074204947,0.7974683544303798,0.7451737451737451,0.7510373443983402,0.7899543378995434,0.7012448132780082,0.7211155378486056,0.695852534562212,0.7957446808510639,0.8237885462555066,0.7865612648221344,0.7568627450980392,0.7903930131004366,0.6452830188679245,0.6923076923076923,0.7617021276595745
sub-NORB00026_ses-1_correlation_matrix_avg,0.7907692307692308,0.40923076923076923,0.7981651376146789,0.8972809667673716,0.7292307692307692,0.8276923076923077,0.6718266253869969,0.7694524495677233,0.9292035398230089,0.7009345794392523,0.7337461300309598,0.6386292834890965,0.889196675900277,0.6579710144927536,0.718475073313783,0.7133956386292835,0.7784615384615384,0.883008356545961,0.739938080495356,0.5323076923076923,0.6448598130841121,0.8018575851393189,0.557632398753894,0.5851393188854489,0.6448598130841121,0.8470948012232415,0.76,0.6676923076923077,0.8715596330275229,0.8390092879256966,0.7275541795665634,0.8466076696165191,0.7981651376146789,0.6448598130841121,0.8112094395280236,0.7383177570093458,0.5327102803738317,0.5261538461538462,0.5451713395638629,0.6573208722741433,0.5825545171339563,0.6261682242990654,1.0,0.8068535825545171,0.6676923076923077,0.8018575851393189,0.5327102803738317,0.6513761467889908,0.6012461059190031,0.7258566978193146,0.8153846153846154,0.5451713395638629,0.7009345794392523,0.7699115044247787,0.6984615384615385,0.889196675900277,0.6199376947040498,0.5887850467289719,0.76,0.8513931888544891,0.6222910216718266,0.556923076923077,0.7632398753894081,0.8092307692307692,0.7415384615384616,0.6573208722741433,0.6884735202492211,0.6137071651090342,0.6470588235294118,0.9015384615384615,0.7133956386292835,0.7811550151975684,0.6386292834890965,0.6137071651090342,0.6448598130841121,0.7046153846153846,0.6448598130841121,0.803076923076923,0.557632398753894,0.8115501519756839,0.7320872274143302,0.7386018237082067,0.8438438438438438,0.8985074626865671,0.857566765578635,0.9219219219219219,0.6573208722741433,0.6160990712074303,0.5451713395638629,0.7750759878419453,0.6635514018691588,0.6448598130841121,0.7694704049844237,0.8005865102639296,0.9025787965616046,0.6822429906542056,0.5887850467289719,0.6386292834890965,0.7415384615384616,0.7275541795665634,0.56656346749226,0.7027863777089783,0.887905604719764,0.889196675900277,0.5077881619937694,0.8126888217522659,0.6137071651090342,0.6594427244582043,0.7009345794392523,0.7009345794392523,0.861671469740634,0.8103975535168195,0.6923076923076923,0.8461538461538461,0.7009345794392523,0.7708978328173375,0.6780185758513931,0.5753846153846154,0.6510903426791277,0.719626168224299,0.5202492211838006,0.6884735202492211,0.6635514018691588,0.7708978328173375,0.7585139318885449,0.6510903426791277,0.7107692307692308,0.6656346749226006,0.6430769230769231
sub-NORB00080_ses-1_correlation_matrix_avg,0.8909090909090909,0.4721189591078067,0.8327526132404182,0.819935691318328,0.8181818181818182,0.8536585365853658,0.7509157509157509,0.7523809523809524,0.7777777777777778,0.7859778597785978,0.8513011152416357,0.7509433962264151,0.7174515235457064,0.6504854368932039,0.7643097643097643,0.8007380073800738,0.7731958762886598,0.7198879551820728,0.8315018315018315,0.5970695970695971,0.7323420074349443,0.8637992831541219,0.6282527881040892,0.6853932584269663,0.6702508960573477,0.7770491803278688,0.7171717171717171,0.696113074204947,0.8771331058020477,0.8033898305084746,0.7906137184115524,0.7353846153846154,0.7830508474576271,0.7453183520599251,0.7304075235109718,0.8302583025830258,0.6349809885931559,0.6377358490566037,0.6254681647940075,0.7343173431734318,0.6958174904942965,0.684981684981685,0.8068535825545171,1.0,0.7328519855595668,0.8772563176895307,0.6226415094339622,0.701067615658363,0.7186311787072244,0.8426966292134831,0.7425742574257426,0.6377358490566037,0.7859778597785978,0.7639344262295082,0.7437722419928826,0.7174515235457064,0.7414448669201521,0.7034220532319392,0.7894736842105263,0.8939929328621908,0.7174721189591078,0.6145454545454545,0.7684210526315789,0.8456140350877193,0.7560975609756098,0.7090909090909091,0.7328519855595668,0.720754716981132,0.7472118959107806,0.8471760797342193,0.8007380073800738,0.7643097643097643,0.7509433962264151,0.7338403041825095,0.7323420074349443,0.7890909090909091,0.7718631178707225,0.8131487889273357,0.6781609195402298,0.8101694915254237,0.8228782287822878,0.7525773195876289,0.8461538461538461,0.7770897832817337,0.7353846153846154,0.8119122257053292,0.7602996254681648,0.7358490566037735,0.6756756756756757,0.8576512455516014,0.8223938223938224,0.7453183520599251,0.8810408921933085,0.8217821782178217,0.744927536231884,0.6890459363957597,0.7034220532319392,0.724907063197026,0.8327272727272728,0.8168498168498168,0.6263736263736264,0.8415094339622642,0.7253731343283583,0.7174515235457064,0.5805243445692884,0.7755775577557755,0.720754716981132,0.7620817843866171,0.7728937728937729,0.76,0.7750759878419453,0.7845117845117845,0.7003484320557491,0.8361774744027304,0.8127340823970037,0.8021201413427562,0.7582417582417582,0.6853932584269663,0.779467680608365,0.8215613382899628,0.632183908045977,0.7582417582417582,0.7163636363636363,0.7525773195876289,0.8136200716845878,0.7018181818181818,0.8228782287822878,0.7435897435897436,0.703971119133574
sub-NORB00074_ses-1_correlation_matrix_avg,0.7785977859778598,0.4732510288065844,0.7366548042704626,0.6656151419558359,0.6678700361010831,0.6860068259385665,0.7254901960784313,0.6214511041009464,0.6537313432835821,0.7911646586345381,0.7624521072796935,0.7676348547717843,0.6121883656509696,0.5374592833876222,0.6933797909407665,0.6853932584269663,0.6426116838487973,0.6044568245125348,0.7303370786516854,0.5607843137254902,0.7327935222672065,0.7785977859778598,0.6460905349794238,0.6816326530612244,0.7051792828685259,0.7319587628865979,0.7163636363636363,0.7065637065637066,0.735593220338983,0.697594501718213,0.7547892720306514,0.6184615384615385,0.7243816254416962,0.691699604743083,0.6634304207119741,0.7153558052434457,0.6265560165975104,0.6032388663967612,0.5776892430278885,0.6809338521400778,0.6385542168674698,0.6679841897233202,0.6676923076923077,0.7328519855595668,1.0,0.6912280701754386,0.6401673640167364,0.7120622568093385,0.6626506024096386,0.7132075471698113,0.6610169491525424,0.6296296296296297,0.7490196078431373,0.639344262295082,0.6436363636363637,0.6121883656509696,0.7142857142857143,0.7012448132780082,0.7811320754716982,0.7231833910034602,0.7028112449799196,0.5797665369649806,0.6945454545454546,0.7617328519855595,0.6823104693140795,0.7489878542510121,0.7198443579766537,0.6923076923076923,0.7211155378486056,0.7095709570957096,0.7786561264822134,0.6816608996539792,0.7530864197530864,0.7061224489795919,0.6784313725490196,0.7394636015325671,0.7051792828685259,0.7295373665480427,0.606425702811245,0.7044673539518901,0.6462093862815884,0.6445993031358885,0.7542662116040956,0.7015873015873015,0.7022653721682848,0.6718266253869969,0.763265306122449,0.7366255144032922,0.6995708154506438,0.6747404844290658,0.688715953307393,0.7051792828685259,0.7528089887640449,0.6634304207119741,0.6443148688046647,0.5770609318996416,0.659919028340081,0.7387755102040816,0.6945454545454546,0.7153558052434457,0.7130801687763713,0.7374517374517374,0.6513761467889908,0.6121883656509696,0.648068669527897,0.639344262295082,0.7344398340248963,0.7370517928286853,0.805668016194332,0.7354085603112841,0.6595744680851063,0.6791808873720137,0.6981132075471698,0.7667844522968198,0.7911646586345381,0.7546468401486989,0.7470355731225297,0.6546184738955824,0.6996047430830039,0.8007968127490039,0.6371308016877637,0.7609561752988048,0.7290836653386454,0.7163636363636363,0.7528089887640449,0.7269076305220884,0.6462093862815884,0.6781609195402298,0.8008298755186722
sub-NORB00095_ses-1_correlation_matrix_avg,0.8709677419354839,0.46863468634686345,0.8144329896907216,0.8146964856230032,0.8254545454545454,0.8477508650519031,0.7454545454545455,0.7476340694006309,0.7837837837837838,0.7545126353790613,0.7793594306049823,0.6823104693140795,0.7229916897506925,0.6677524429967426,0.7475083056478405,0.8773946360153256,0.8303886925795053,0.7254901960784313,0.7992831541218638,0.6282527881040892,0.7018181818181818,0.818815331010453,0.6479400749063671,0.6436363636363637,0.6654804270462633,0.7953795379537953,0.7009966777408638,0.6912280701754386,0.8711864406779661,0.8101694915254237,0.7597173144876325,0.7632398753894081,0.7658862876254181,0.779467680608365,0.7587301587301587,0.8513011152416357,0.6425855513307985,0.6329588014981273,0.6577946768060836,0.7416974169741697,0.7034220532319392,0.68,0.8018575851393189,0.8772563176895307,0.6912280701754386,1.0,0.6179775280898876,0.7454545454545455,0.7132075471698113,0.8095238095238095,0.760797342192691,0.6329588014981273,0.7295373665480427,0.758957654723127,0.7634408602150538,0.7229916897506925,0.7358490566037735,0.7241379310344828,0.7964912280701755,0.901060070671378,0.7777777777777778,0.6218181818181818,0.7879858657243817,0.8397212543554007,0.7152542372881356,0.6678445229681979,0.7785977859778598,0.7283018867924528,0.6678445229681979,0.8662207357859532,0.7562724014336918,0.7830508474576271,0.7195571955719557,0.7153558052434457,0.7528089887640449,0.7455830388692579,0.7397769516728625,0.7952218430034129,0.6730038022813688,0.8293515358361775,0.8438661710037175,0.735593220338983,0.8163934426229508,0.7723076923076924,0.7415384615384616,0.8181818181818182,0.7163636363636363,0.7174721189591078,0.6577946768060836,0.8385964912280702,0.8022813688212928,0.7660377358490567,0.8207885304659498,0.8045602605863192,0.7406340057636888,0.7454545454545455,0.7241379310344828,0.6702508960573477,0.800711743772242,0.8109090909090909,0.5985663082437276,0.8081180811808119,0.7522658610271903,0.7229916897506925,0.5531135531135531,0.7821782178217822,0.7153558052434457,0.730909090909091,0.7295373665480427,0.7295373665480427,0.7811550151975684,0.7912457912457912,0.6723549488054608,0.8815331010452961,0.7802197802197802,0.7716262975778547,0.7031802120141343,0.6928838951310862,0.7735849056603774,0.776173285198556,0.6398467432950191,0.7275985663082437,0.7111913357400722,0.7474402730375427,0.7950530035335689,0.6967509025270758,0.8302583025830258,0.7381818181818182,0.6631578947368421
sub-NORB00069_ses-4_correlation_matrix_avg,0.6425855513307985,0.5794871794871795,0.6282527881040892,0.5570032573289903,0.6284584980237155,0.6145454545454545,0.6595744680851063,0.5728813559322034,0.5135135135135135,0.6569037656903766,0.6205533596837944,0.7168949771689498,0.47368421052631576,0.5457875457875457,0.620817843866171,0.7021276595744681,0.6150943396226415,0.4733893557422969,0.6954732510288066,0.6811594202898551,0.7419354838709677,0.6551724137931034,0.7587939698492462,0.7320574162679426,0.6651982378854625,0.5929824561403508,0.6293436293436293,0.6680851063829787,0.5876288659793815,0.5800711743772242,0.6653061224489796,0.540453074433657,0.6282527881040892,0.7746478873239436,0.521311475409836,0.6790123456790124,0.7360406091370558,0.7044334975369458,0.6398104265402843,0.7285067873303167,0.7129186602870813,0.6832579185520362,0.5327102803738317,0.6226415094339622,0.6401673640167364,0.6179775280898876,1.0,0.6738197424892703,0.7251184834123223,0.7191489361702128,0.5120274914089347,0.7563451776649747,0.6569037656903766,0.5901060070671378,0.6820083682008368,0.47368421052631576,0.7535545023696683,0.7733990147783252,0.642023346303502,0.6057347670250897,0.6771300448430493,0.7198067632850241,0.6313725490196078,0.6404494382022472,0.6061776061776062,0.7285067873303167,0.757847533632287,0.695852534562212,0.6681222707423581,0.5757575757575758,0.7316017316017316,0.6452830188679245,0.6711111111111111,0.7951219512195122,0.726027397260274,0.7191489361702128,0.6651982378854625,0.6329588014981273,0.6908212560386473,0.5985663082437276,0.6707818930041153,0.6045627376425855,0.5728813559322034,0.5428571428571428,0.540453074433657,0.5360501567398119,0.6681222707423581,0.6387665198237885,0.7044334975369458,0.6377358490566037,0.7066666666666667,0.7581395348837209,0.6521739130434783,0.5836177474402731,0.48985507246376814,0.6182572614107884,0.722488038277512,0.6860986547085202,0.6842105263157895,0.6518218623481782,0.6713615023474179,0.6326530612244898,0.5264797507788161,0.47368421052631576,0.6292682926829268,0.6129032258064516,0.812807881773399,0.7155555555555555,0.6851063829787234,0.7142857142857143,0.5261538461538462,0.6072727272727273,0.6597510373443983,0.6014234875444839,0.6995708154506438,0.6679841897233202,0.696969696969697,0.748792270531401,0.7351598173515982,0.6820083682008368,0.681592039800995,0.7422222222222222,0.6768558951965066,0.6293436293436293,0.6923076923076923,0.7194570135746606,0.6437246963562753,0.7244444444444444,0.6340425531914894
sub-NORB00041_ses-1_correlation_matrix_avg,0.708185053380783,0.6108597285067874,0.7545126353790613,0.6593059936908517,0.7358490566037735,0.7142857142857143,0.7450199203187251,0.656957928802589,0.6379821958456974,0.7142857142857143,0.6900369003690037,0.6892430278884463,0.6066481994459834,0.6491228070175439,0.6747404844290658,0.7568627450980392,0.7184115523465704,0.6078431372549019,0.7358490566037735,0.7142857142857143,0.7246963562753036,0.708185053380783,0.6936170212765957,0.7012448132780082,0.6837944664031621,0.773851590106007,0.6967509025270758,0.7670682730923695,0.7406143344709898,0.7024221453287197,0.7471264367816092,0.684887459807074,0.6701030927835051,0.7530864197530864,0.656957928802589,0.7606177606177607,0.6595744680851063,0.6909871244635193,0.7205240174672489,0.7551020408163265,0.6571428571428571,0.7142857142857143,0.6513761467889908,0.701067615658363,0.7120622568093385,0.7454545454545455,0.6738197424892703,1.0,0.6816326530612244,0.7318007662835249,0.6430976430976431,0.6909871244635193,0.6629213483146067,0.711340206185567,0.7509727626459144,0.6066481994459834,0.7489539748953975,0.7215189873417721,0.7735849056603774,0.7403508771929824,0.7510373443983402,0.7489177489177489,0.724907063197026,0.7545126353790613,0.7378277153558053,0.7131474103585658,0.7959183673469388,0.7261410788381742,0.6475095785440613,0.725752508361204,0.7297297297297297,0.76,0.7028112449799196,0.7702127659574468,0.7530864197530864,0.7056603773584905,0.6837944664031621,0.7347670250896058,0.6244897959183674,0.7455830388692579,0.700374531835206,0.7216117216117216,0.6677524429967426,0.6952380952380952,0.684887459807074,0.6865203761755486,0.6602316602316602,0.7004048582995951,0.676595744680851,0.6563573883161512,0.6809338521400778,0.7246963562753036,0.6823104693140795,0.656957928802589,0.6289855072463768,0.6781609195402298,0.7215189873417721,0.6498054474708171,0.6872727272727273,0.6951672862453532,0.6625514403292181,0.690566037735849,0.6253776435045317,0.6066481994459834,0.5850622406639004,0.7231833910034602,0.7702127659574468,0.757085020242915,0.7276264591439688,0.7411764705882353,0.6636085626911316,0.7073170731707317,0.6779026217228464,0.735191637630662,0.7411764705882353,0.7472118959107806,0.7254901960784313,0.759656652360515,0.7051792828685259,0.7241379310344828,0.6425531914893617,0.7529880478087649,0.763265306122449,0.7472118959107806,0.7584905660377359,0.746938775510204,0.6877323420074349,0.7098039215686275,0.6941176470588235
sub-NORB00070_ses-3_correlation_matrix_avg,0.7132075471698113,0.5942028985507246,0.7228464419475655,0.6286644951140065,0.7429718875502008,0.706959706959707,0.7095435684647303,0.6039603960396039,0.5795795795795796,0.6923076923076923,0.7489878542510121,0.8009049773755657,0.5346260387811634,0.6263736263736264,0.7026022304832714,0.7510373443983402,0.7110266159695817,0.5350140056022409,0.8008298755186722,0.7050691244239631,0.7467248908296943,0.7132075471698113,0.7630331753554502,0.7695852534562212,0.7021276595744681,0.6135593220338983,0.6505576208178439,0.7178423236514523,0.6632302405498282,0.6823104693140795,0.6862745098039216,0.5611285266457681,0.7228464419475655,0.7937219730941704,0.5428571428571428,0.7131474103585658,0.775609756097561,0.7440758293838863,0.695852534562212,0.8116591928251121,0.8536585365853658,0.73568281938326,0.6012461059190031,0.7186311787072244,0.6626506024096386,0.7132075471698113,0.7251184834123223,0.6816326530612244,1.0,0.7824267782426778,0.5348837209302325,0.7777777777777778,0.7489539748953975,0.6797153024911032,0.6892430278884463,0.5346260387811634,0.8064516129032258,0.8277511961722488,0.6629213483146067,0.6725978647686833,0.7292576419213974,0.7104072398190046,0.6653992395437263,0.6974169741697417,0.6653992395437263,0.7489177489177489,0.8237885462555066,0.7488789237668162,0.7641921397379913,0.6387959866220736,0.8427947598253275,0.6776556776556777,0.7229437229437229,0.8309859154929577,0.762114537444934,0.8127659574468085,0.6736401673640168,0.7283018867924528,0.8325123152709359,0.6537102473498233,0.7613168724279835,0.7011494252873564,0.6474576271186441,0.6126984126984127,0.6012861736334405,0.6050156739811913,0.7046413502109705,0.6624472573839663,0.7777777777777778,0.7338403041825095,0.820627802690583,0.8779342723004695,0.7120622568093385,0.6474576271186441,0.5446685878962536,0.6546184738955824,0.7603686635944701,0.817351598173516,0.7877551020408163,0.7551020408163265,0.68,0.6549019607843137,0.5851393188854489,0.5346260387811634,0.6255707762557078,0.6917562724014337,0.7972350230414746,0.7510729613733905,0.720164609053498,0.7939914163090128,0.5938461538461538,0.6996336996336996,0.7366255144032922,0.6797153024911032,0.7344398340248963,0.7689243027888446,0.8078602620087336,0.8028169014084507,0.8356164383561644,0.7890295358649789,0.7061611374407583,0.7617021276595745,0.7130801687763713,0.6754716981132075,0.7670682730923695,0.7554585152838428,0.746938775510204,0.8222222222222222,0.698744769874477
sub-NORB00062_ses-1_correlation_matrix_avg,0.8364312267657993,0.5611814345991561,0.7921146953405018,0.758957654723127,0.8022813688212928,0.84,0.7865612648221344,0.7475083056478405,0.6996996996996997,0.796078431372549,0.8084291187739464,0.7877551020408163,0.6454293628808865,0.6406779661016949,0.7722419928825622,0.8704453441295547,0.7689530685920578,0.6470588235294118,0.9036144578313253,0.659919028340081,0.8106995884773662,0.8095238095238095,0.7383966244725738,0.7740585774058577,0.7391304347826086,0.7491525423728813,0.7224199288256228,0.7262357414448669,0.78839590443686,0.7630662020905923,0.7870722433460076,0.707936507936508,0.7793594306049823,0.8257261410788381,0.6805111821086262,0.8287937743190662,0.7191489361702128,0.6929460580912863,0.6790123456790124,0.7975708502024291,0.7573221757322176,0.7154150197628458,0.7258566978193146,0.8426966292134831,0.7132075471698113,0.8095238095238095,0.7191489361702128,0.7318007662835249,0.7824267782426778,1.0,0.6677740863787376,0.7361702127659574,0.8247011952191236,0.7594501718213058,0.7777777777777778,0.6454293628808865,0.8382978723404255,0.7957446808510639,0.7859778597785978,0.8149466192170819,0.7651821862348178,0.6923076923076923,0.7902621722846442,0.8050541516245487,0.7509157509157509,0.7689243027888446,0.8232931726907631,0.7551020408163265,0.7831325301204819,0.7725752508361204,0.8554216867469879,0.7849462365591398,0.7877551020408163,0.799163179916318,0.8106995884773662,0.8565737051792829,0.8106995884773662,0.8109090909090909,0.7238493723849372,0.7824561403508772,0.8210116731517509,0.7859778597785978,0.7830508474576271,0.7287066246056783,0.6656346749226006,0.7304075235109718,0.7975708502024291,0.7429718875502008,0.7510729613733905,0.8576779026217228,0.8506224066390041,0.8257261410788381,0.8390804597701149,0.7830508474576271,0.6695652173913044,0.7318007662835249,0.8111587982832618,0.7590361445783133,0.8745098039215686,0.8007662835249042,0.678714859437751,0.7837837837837838,0.6676737160120846,0.6454293628808865,0.6296296296296297,0.7839721254355401,0.8297872340425532,0.8589211618257261,0.8247011952191236,0.796078431372549,0.7064220183486238,0.7935943060498221,0.7433962264150943,0.7716262975778547,0.854251012145749,0.8264150943396227,0.7803921568627451,0.7593360995850622,0.8340248962655602,0.7915057915057915,0.7167381974248928,0.8683127572016461,0.7628458498023716,0.7859778597785978,0.8532818532818532,0.7894736842105263,0.806949806949807,0.8072289156626506,0.7088122605363985
sub-NORB00003_ses-1_correlation_matrix_avg,0.7152103559870551,0.4245614035087719,0.7124600638977636,0.7723076923076924,0.6831683168316832,0.7427652733118971,0.7003484320557491,0.7292307692307692,0.7970149253731343,0.7333333333333333,0.6989966555183946,0.6401384083044983,0.7451523545706371,0.5522388059701493,0.6231003039513677,0.711340206185567,0.7245901639344262,0.7577464788732394,0.6504854368932039,0.5016835016835017,0.6701754385964912,0.7041800643086816,0.5609756097560976,0.5699658703071673,0.6470588235294118,0.7864077669902912,0.7275747508305648,0.627906976744186,0.7777777777777778,0.7654723127035831,0.7630662020905923,0.7881619937694704,0.6802507836990596,0.6357388316151202,0.7841269841269841,0.7630662020905923,0.5331010452961672,0.5363321799307958,0.5913978494623656,0.6271186440677966,0.5149501661129569,0.6607773851590106,0.8153846153846154,0.7425742574257426,0.6610169491525424,0.760797342192691,0.5120274914089347,0.6430976430976431,0.5348837209302325,0.6677740863787376,1.0,0.568904593639576,0.6411960132890365,0.6656534954407295,0.718213058419244,0.7451523545706371,0.6082474226804123,0.5958188153310104,0.7627118644067796,0.7785016286644951,0.703971119133574,0.5389830508474577,0.8035087719298246,0.7234726688102894,0.707641196013289,0.6271186440677966,0.627906976744186,0.6583629893238434,0.5841584158415841,0.7968253968253968,0.6327868852459017,0.6845425867507886,0.7111913357400722,0.6236933797909407,0.6357388316151202,0.6038338658146964,0.730909090909091,0.6845425867507886,0.4983277591973244,0.7719869706840391,0.6633663366336634,0.6613418530351438,0.7186544342507645,0.7432835820895523,0.7553516819571865,0.7981651376146789,0.7454545454545455,0.7090909090909091,0.5913978494623656,0.6782334384858044,0.6120401337792643,0.570957095709571,0.725752508361204,0.7186544342507645,0.7842565597667639,0.7366548042704626,0.6070175438596491,0.5959595959595959,0.6421725239616614,0.6923076923076923,0.6042402826855123,0.7978339350180506,0.7872340425531915,0.7451523545706371,0.5483870967741935,0.6758409785932722,0.590443686006826,0.6632302405498282,0.7212543554006968,0.6411960132890365,0.7419354838709677,0.7142857142857143,0.688135593220339,0.7850162866449512,0.7333333333333333,0.6720257234726688,0.6171617161716172,0.5807560137457045,0.5775577557755776,0.6501650165016502,0.5970695970695971,0.6723549488054608,0.7153024911032029,0.7391304347826086,0.6918032786885245,0.6426116838487973,0.6416938110749185,0.5830618892508144,0.6794425087108014
sub-NORB00089_ses-1_correlation_matrix_avg,0.6452830188679245,0.6684491978609626,0.6431226765799256,0.5700325732899023,0.6442687747035574,0.6410256410256411,0.6909871244635193,0.5972696245733788,0.5255255255255256,0.7021276595744681,0.6626506024096386,0.7194570135746606,0.48476454293628807,0.5604395604395604,0.6356877323420075,0.7191489361702128,0.6551724137931034,0.49295774647887325,0.7119341563786008,0.7004830917874396,0.7934272300469484,0.6577946768060836,0.7788944723618091,0.7511961722488039,0.7603686635944701,0.6183745583038869,0.6837944664031621,0.6851063829787234,0.6013745704467354,0.6057347670250897,0.7095435684647303,0.5533980582524272,0.6554307116104869,0.7767441860465116,0.5548172757475083,0.7095435684647303,0.7743589743589744,0.7766497461928934,0.7587939698492462,0.7953488372093023,0.7156398104265402,0.7327188940092166,0.5451713395638629,0.6377358490566037,0.6296296296296297,0.6329588014981273,0.7563451776649747,0.6909871244635193,0.7777777777777778,0.7361702127659574,0.568904593639576,1.0,0.6736401673640168,0.6156583629893239,0.7130801687763713,0.48476454293628807,0.7725118483412322,0.7931034482758621,0.6972111553784861,0.631768953068592,0.7581395348837209,0.8090452261306532,0.7004048582995951,0.6309963099630996,0.6470588235294118,0.746606334841629,0.76,0.7630331753554502,0.670995670995671,0.5892255892255892,0.7641921397379913,0.6479400749063671,0.7511520737327189,0.8325123152709359,0.7603686635944701,0.7510729613733905,0.7130044843049327,0.6479400749063671,0.7788944723618091,0.6245487364620939,0.673469387755102,0.632183908045977,0.5864406779661017,0.5555555555555556,0.5434083601286174,0.54858934169279,0.7155555555555555,0.6860986547085202,0.7241379310344828,0.6653992395437263,0.7092511013215859,0.7767441860465116,0.6679841897233202,0.5972696245733788,0.5014492753623189,0.6909871244635193,0.8109452736318408,0.7040358744394619,0.7004048582995951,0.6546184738955824,0.7061611374407583,0.6489795918367347,0.5389408099688473,0.48476454293628807,0.6487804878048781,0.6156583629893239,0.8146341463414634,0.7972350230414746,0.7021276595744681,0.7316017316017316,0.5384615384615384,0.6336996336996337,0.6763485477178424,0.6272401433691757,0.7316017316017316,0.6972111553784861,0.6995708154506438,0.7681159420289855,0.7375565610859729,0.698744769874477,0.7360406091370558,0.7918552036199095,0.7880184331797235,0.6972111553784861,0.708502024291498,0.786046511627907,0.6465863453815262,0.7268722466960352,0.6796536796536796
sub-NORB00053_ses-1_correlation_matrix_avg,0.8202247191011236,0.5274261603375527,0.7890909090909091,0.7328990228013029,0.7323420074349443,0.8109090909090909,0.7975708502024291,0.6655948553054662,0.6756756756756757,0.8218623481781376,0.8196078431372549,0.8297872340425532,0.6232686980609419,0.6245733788395904,0.7562724014336918,0.752895752895753,0.7153024911032029,0.6246498599439776,0.8565737051792829,0.601593625498008,0.7925311203319502,0.8202247191011236,0.6903765690376569,0.7119341563786008,0.7489878542510121,0.7220338983050848,0.730909090909091,0.7354085603112841,0.7731958762886598,0.7597173144876325,0.7837837837837838,0.6207951070336392,0.8021978021978022,0.7777777777777778,0.6340694006309149,0.7566539923954373,0.6851063829787234,0.6326530612244898,0.6460905349794238,0.7370517928286853,0.7531914893617021,0.7246963562753036,0.7009345794392523,0.7859778597785978,0.7490196078431373,0.7295373665480427,0.6569037656903766,0.6629213483146067,0.7489539748953975,0.8247011952191236,0.6411960132890365,0.6736401673640168,1.0,0.696969696969697,0.7078651685393258,0.6232686980609419,0.7740585774058577,0.7322175732217573,0.7695167286245354,0.7491289198606271,0.6784313725490196,0.6205533596837944,0.7735849056603774,0.8426966292134831,0.7602996254681648,0.7942386831275721,0.7768924302788844,0.7224489795918367,0.7795918367346939,0.7575757575757576,0.8530612244897959,0.6838487972508591,0.799163179916318,0.7510373443983402,0.7489878542510121,0.8393574297188755,0.763265306122449,0.8081180811808119,0.7191489361702128,0.7667844522968198,0.7898832684824902,0.7564575645756457,0.7679180887372014,0.6927899686520376,0.6825396825396826,0.7053291536050157,0.7942386831275721,0.6972111553784861,0.7167381974248928,0.7875457875457875,0.7877551020408163,0.8075313807531381,0.8223938223938224,0.7209302325581395,0.6368876080691642,0.6505576208178439,0.7617021276595745,0.8297872340425532,0.8287937743190662,0.8406374501992032,0.729957805907173,0.752895752895753,0.6534954407294833,0.6232686980609419,0.6510638297872341,0.7084745762711865,0.7805907172995781,0.7959183673469388,0.8218623481781376,0.8218623481781376,0.6923076923076923,0.7162629757785467,0.7803921568627451,0.7439446366782007,0.7928286852589641,0.8378378378378378,0.8353909465020576,0.6979591836734694,0.8158995815899581,0.8461538461538461,0.7117903930131004,0.8353909465020576,0.7312252964426877,0.7695167286245354,0.8365758754863813,0.7714285714285715,0.7624521072796935,0.7470355731225297,0.7590361445783133
sub-NORB00004_ses-1_correlation_matrix_avg,0.7475728155339806,0.46996466431095407,0.801980198019802,0.803076923076923,0.7993079584775087,0.7864077669902912,0.735191637630662,0.7931034482758621,0.7435897435897436,0.696969696969697,0.7324414715719063,0.686411149825784,0.7728531855955678,0.7377049180327869,0.7953795379537953,0.7700348432055749,0.8047138047138047,0.766016713091922,0.7993079584775087,0.6344086021505376,0.6701030927835051,0.7252396166134185,0.6070175438596491,0.6376306620209059,0.658703071672355,0.739938080495356,0.6932907348242812,0.7421602787456446,0.7757009345794392,0.8217821782178217,0.7373737373737373,0.7227138643067846,0.744408945686901,0.7173144876325088,0.6774193548387096,0.7731958762886598,0.6129032258064516,0.6272401433691757,0.6042402826855123,0.7437722419928826,0.6702508960573477,0.6494845360824743,0.7699115044247787,0.7639344262295082,0.639344262295082,0.758957654723127,0.5901060070671378,0.711340206185567,0.6797153024911032,0.7594501718213058,0.6656534954407295,0.6156583629893239,0.696969696969697,1.0,0.7406143344709898,0.7728531855955678,0.6890459363957597,0.6774193548387096,0.7152103559870551,0.7877813504823151,0.6678200692041523,0.6395759717314488,0.7293729372937293,0.7669902912621359,0.7068403908794788,0.6610169491525424,0.7543859649122807,0.6701754385964912,0.6955017301038062,0.7723076923076924,0.7577854671280276,0.7836065573770492,0.686411149825784,0.693950177935943,0.7052631578947368,0.7474402730375427,0.6816608996539792,0.7836065573770492,0.6415770609318996,0.7813504823151125,0.7306397306397306,0.760797342192691,0.7177177177177178,0.7837837837837838,0.7329376854599406,0.7850746268656716,0.6498316498316499,0.6271186440677966,0.6272401433691757,0.7540453074433657,0.7142857142857143,0.7295373665480427,0.735973597359736,0.8511326860841424,0.742296918767507,0.6996587030716723,0.6537102473498233,0.6747404844290658,0.7762711864406779,0.7610921501706485,0.6055363321799307,0.6655737704918033,0.7536656891495601,0.7728531855955678,0.5508771929824562,0.8538205980066446,0.6819787985865724,0.7093425605536332,0.7084745762711865,0.7319587628865979,0.7922848664688428,0.8394648829431438,0.7104377104377104,0.7714285714285715,0.7084745762711865,0.7845117845117845,0.7301038062283737,0.6845878136200717,0.7243816254416962,0.7406143344709898,0.5871886120996441,0.7064846416382252,0.7263157894736842,0.7491749174917491,0.7830508474576271,0.712280701754386,0.7785467128027682,0.7403508771929824,0.6454849498327759
sub-NORB00008_ses-1_correlation_matrix_avg,0.7263157894736842,0.5397489539748954,0.8109090909090909,0.707936507936508,0.8509803921568627,0.7809187279151943,0.8072289156626506,0.7408637873754153,0.6735905044510386,0.7338403041825095,0.7735849056603774,0.7233201581027668,0.6398891966759003,0.6794425087108014,0.7282229965156795,0.8181818181818182,0.7875457875457875,0.6507042253521127,0.7416974169741697,0.7071129707112971,0.7732793522267206,0.7385159010600707,0.729957805907173,0.6812749003984063,0.7176470588235294,0.7785467128027682,0.740072202166065,0.7865612648221344,0.745819397993311,0.7439446366782007,0.7931034482758621,0.7234726688102894,0.6996587030716723,0.8326359832635983,0.6741214057507987,0.806949806949807,0.7253218884120172,0.7130801687763713,0.7276595744680852,0.7751004016064257,0.7061224489795919,0.7489878542510121,0.6984615384615385,0.7437722419928826,0.6436363636363637,0.7634408602150538,0.6820083682008368,0.7509727626459144,0.6892430278884463,0.7777777777777778,0.718213058419244,0.7130801687763713,0.7078651685393258,0.7406143344709898,1.0,0.6398891966759003,0.7842323651452282,0.7721518987341772,0.7655677655677655,0.7700348432055749,0.7714285714285715,0.7552742616033755,0.8098859315589354,0.735191637630662,0.8098859315589354,0.7333333333333333,0.7865612648221344,0.7907949790794979,0.6554307116104869,0.7311475409836066,0.7490494296577946,0.8036363636363636,0.751004016064257,0.8059071729957806,0.8481012658227848,0.7509433962264151,0.7732793522267206,0.8168498168498168,0.659919028340081,0.7630662020905923,0.841897233201581,0.740072202166065,0.6634920634920635,0.7009345794392523,0.6492307692307693,0.7133956386292835,0.7894736842105263,0.7211155378486056,0.7130801687763713,0.7333333333333333,0.7975708502024291,0.7590361445783133,0.7132616487455197,0.7180327868852459,0.663768115942029,0.8367346938775511,0.8025751072961373,0.6833976833976834,0.7184115523465704,0.7660377358490567,0.6842105263157895,0.7358490566037735,0.6516516516516516,0.6398891966759003,0.6348547717842323,0.7171717171717171,0.8059071729957806,0.7628458498023716,0.7471264367816092,0.7606177606177607,0.6899696048632219,0.7491289198606271,0.7624521072796935,0.7525773195876289,0.77431906614786,0.7785977859778598,0.7318007662835249,0.8111587982832618,0.7529880478087649,0.7433962264150943,0.7229437229437229,0.8007968127490039,0.7975708502024291,0.8188679245283019,0.7638376383763837,0.7670682730923695,0.7718631178707225,0.7297297297297297,0.688212927756654
sub-NORB00079_ses-2_correlation_matrix_avg,0.7229916897506925,0.37950138504155123,0.739612188365651,0.850415512465374,0.667590027700831,0.7562326869806094,0.6066481994459834,0.8116343490304709,0.9224376731301939,0.6232686980609419,0.6620498614958449,0.5678670360110804,1.0,0.6952908587257618,0.7340720221606648,0.6343490304709142,0.7119113573407202,0.9833795013850416,0.667590027700831,0.4903047091412742,0.5734072022160664,0.7229916897506925,0.49584487534626037,0.5290858725761773,0.5734072022160664,0.7839335180055401,0.6952908587257618,0.6121883656509696,0.8060941828254847,0.7562326869806094,0.6565096952908587,0.8448753462603878,0.739612188365651,0.5734072022160664,0.8116343490304709,0.6565096952908587,0.47368421052631576,0.48476454293628807,0.48476454293628807,0.5844875346260388,0.518005540166205,0.556786703601108,0.889196675900277,0.7174515235457064,0.6121883656509696,0.7229916897506925,0.47368421052631576,0.6066481994459834,0.5346260387811634,0.6454293628808865,0.7451523545706371,0.48476454293628807,0.6232686980609419,0.7728531855955678,0.6398891966759003,1.0,0.5512465373961218,0.5235457063711911,0.6952908587257618,0.7673130193905817,0.5623268698060941,0.5124653739612188,0.6786703601108033,0.739612188365651,0.6786703601108033,0.5844875346260388,0.6121883656509696,0.5457063711911357,0.5844875346260388,0.8227146814404432,0.6343490304709142,0.7340720221606648,0.5678670360110804,0.5457063711911357,0.5734072022160664,0.6454293628808865,0.5734072022160664,0.7340720221606648,0.49584487534626037,0.7617728531855956,0.6509695290858726,0.6952908587257618,0.8116343490304709,0.8725761772853186,0.8448753462603878,0.8836565096952909,0.5844875346260388,0.556786703601108,0.48476454293628807,0.7285318559556787,0.590027700831025,0.5734072022160664,0.6842105263157895,0.8116343490304709,0.9501385041551247,0.6066481994459834,0.5235457063711911,0.5678670360110804,0.6786703601108033,0.6565096952908587,0.5124653739612188,0.6343490304709142,0.8836565096952909,1.0,0.4515235457063712,0.7728531855955678,0.5457063711911357,0.5955678670360111,0.6232686980609419,0.6232686980609419,0.9002770083102493,0.7506925207756233,0.6343490304709142,0.7728531855955678,0.6232686980609419,0.6952908587257618,0.6121883656509696,0.5290858725761773,0.5789473684210527,0.6398891966759003,0.4626038781163435,0.6121883656509696,0.590027700831025,0.6952908587257618,0.6842105263157895,0.5789473684210527,0.6509695290858726,0.6011080332409973,0.590027700831025
sub-NORB00037_ses-1_correlation_matrix_avg,0.7490494296577946,0.5627906976744186,0.7453183520599251,0.6482084690553745,0.7813765182186235,0.7163636363636363,0.8253275109170306,0.6677966101694915,0.5975975975975976,0.7890295358649789,0.7590361445783133,0.8447488584474886,0.5512465373961218,0.6483516483516484,0.7378277153558053,0.8212765957446808,0.7338403041825095,0.5605633802816902,0.8106995884773662,0.7488372093023256,0.820627802690583,0.7358490566037735,0.8439024390243902,0.7808219178082192,0.7575757575757576,0.6912280701754386,0.7374517374517374,0.7573221757322176,0.6838487972508591,0.6797153024911032,0.7651821862348178,0.610223642172524,0.7453183520599251,0.8709677419354839,0.6237623762376238,0.7942386831275721,0.8226600985221675,0.7725118483412322,0.7235023041474654,0.8222222222222222,0.8293838862559242,0.7467248908296943,0.6199376947040498,0.7414448669201521,0.7142857142857143,0.7358490566037735,0.7535545023696683,0.7489539748953975,0.8064516129032258,0.8382978723404255,0.6082474226804123,0.7725118483412322,0.7740585774058577,0.6890459363957597,0.7842323651452282,0.5512465373961218,1.0,0.8926829268292683,0.7374517374517374,0.693950177935943,0.7709251101321586,0.7066666666666667,0.7689243027888446,0.7323420074349443,0.7411764705882353,0.8552036199095022,0.8181818181818182,0.8418604651162791,0.7748917748917749,0.67003367003367,0.8369098712446352,0.724907063197026,0.8116591928251121,0.8767772511848341,0.8883720930232558,0.8227848101265823,0.8044444444444444,0.7378277153558053,0.7746478873239436,0.6868327402135231,0.8312236286919831,0.6981132075471698,0.6565656565656566,0.6317460317460317,0.6310679611650486,0.6238244514106583,0.7903930131004366,0.7316017316017316,0.824390243902439,0.7303370786516854,0.8642533936651584,0.8538812785388128,0.7490196078431373,0.6677966101694915,0.5801749271137027,0.7489539748953975,0.8743961352657005,0.7641921397379913,0.7689243027888446,0.7795918367346939,0.7534246575342466,0.7327935222672065,0.5840978593272171,0.5512465373961218,0.7156398104265402,0.6890459363957597,0.8947368421052632,0.8237885462555066,0.7740585774058577,0.8197424892703863,0.6123076923076923,0.6967509025270758,0.7613168724279835,0.701067615658363,0.8197424892703863,0.7786561264822134,0.7872340425531915,0.8483412322274881,0.880184331797235,0.8297872340425532,0.8208955223880597,0.834061135371179,0.7991266375545851,0.7374517374517374,0.7768924302788844,0.8295964125560538,0.8008298755186722,0.7854077253218884,0.7383966244725738
sub-NORB00069_ses-3_correlation_matrix_avg,0.7241379310344828,0.5902439024390244,0.7078651685393258,0.6156351791530945,0.7551020408163265,0.6923076923076923,0.7816593886462883,0.6338983050847458,0.5675675675675675,0.7322175732217573,0.7327935222672065,0.815668202764977,0.5235457063711911,0.6236162361623616,0.7132075471698113,0.8095238095238095,0.7354085603112841,0.5238095238095238,0.7842323651452282,0.7511961722488039,0.8248847926267281,0.7241379310344828,0.8308457711442786,0.7511520737327189,0.76,0.6445993031358885,0.6988416988416989,0.759656652360515,0.6494845360824743,0.6559139784946236,0.7387755102040816,0.5782747603833865,0.7078651685393258,0.8767772511848341,0.580327868852459,0.7676348547717843,0.8461538461538461,0.775609756097561,0.7251184834123223,0.8099547511312217,0.8341463414634146,0.7488789237668162,0.5887850467289719,0.7034220532319392,0.7012448132780082,0.7241379310344828,0.7733990147783252,0.7215189873417721,0.8277511961722488,0.7957446808510639,0.5958188153310104,0.7931034482758621,0.7322175732217573,0.6774193548387096,0.7721518987341772,0.5235457063711911,0.8926829268292683,1.0,0.7120622568093385,0.6702508960573477,0.8064516129032258,0.7395348837209302,0.7154150197628458,0.6951672862453532,0.688715953307393,0.8099547511312217,0.8061674008810573,0.812206572769953,0.7467248908296943,0.6254180602006689,0.8253275109170306,0.700374531835206,0.7668161434977578,0.8829268292682927,0.8248847926267281,0.8111587982832618,0.76,0.7132075471698113,0.7951219512195122,0.6512455516014235,0.7740585774058577,0.660377358490566,0.6338983050847458,0.6,0.6091205211726385,0.5924764890282131,0.7937219730941704,0.7180616740088106,0.8666666666666667,0.7186311787072244,0.8356164383561644,0.8767772511848341,0.7233201581027668,0.6450511945392492,0.5420289855072464,0.7361702127659574,0.8439024390243902,0.7668161434977578,0.7714285714285715,0.7676348547717843,0.7725118483412322,0.7344398340248963,0.5924764890282131,0.5235457063711911,0.7004830917874396,0.6537102473498233,0.9014778325123153,0.7955555555555556,0.7468354430379747,0.8078602620087336,0.5815384615384616,0.684981684981685,0.7489539748953975,0.6774193548387096,0.7922077922077922,0.7529880478087649,0.7903930131004366,0.8905472636815921,0.8685446009389671,0.8025751072961373,0.8071065989847716,0.8061674008810573,0.7866666666666666,0.6988416988416989,0.751004016064257,0.8341013824884793,0.7593360995850622,0.8044444444444444,0.7402597402597403
sub-NORB00005_ses-1_correlation_matrix_avg,0.8351254480286738,0.5097276264591439,0.8303886925795053,0.7492163009404389,0.7385159010600707,0.7762711864406779,0.7735849056603774,0.7160883280757098,0.7432835820895523,0.8521400778210116,0.7818181818181819,0.7338403041825095,0.6952908587257618,0.6141479099678456,0.7142857142857143,0.7843866171003717,0.7457044673539519,0.7070422535211267,0.8021978021978022,0.6273764258555133,0.796078431372549,0.8618181818181818,0.6862745098039216,0.6934865900383141,0.8102766798418972,0.8869257950530035,0.8388278388278388,0.7546468401486989,0.8625429553264605,0.7762711864406779,0.8697318007662835,0.7429467084639498,0.7800687285223368,0.7547892720306514,0.7836065573770492,0.8141263940520446,0.6679841897233202,0.632183908045977,0.6447876447876448,0.7174721189591078,0.6404494382022472,0.7587548638132295,0.76,0.7894736842105263,0.7811320754716982,0.7964912280701755,0.642023346303502,0.7735849056603774,0.6629213483146067,0.7859778597785978,0.7627118644067796,0.6972111553784861,0.7695167286245354,0.7152103559870551,0.7655677655677655,0.6952908587257618,0.7374517374517374,0.7120622568093385,1.0,0.8397212543554007,0.752895752895753,0.6329588014981273,0.8302583025830258,0.8836363636363637,0.8036363636363636,0.7976653696498055,0.7546468401486989,0.7707509881422925,0.6923076923076923,0.8451178451178452,0.7712177121771218,0.7854671280276817,0.8167330677290837,0.7431906614785992,0.7547892720306514,0.76,0.7821011673151751,0.823321554770318,0.6104868913857678,0.8456140350877193,0.7545126353790613,0.7614035087719299,0.8193979933110368,0.7854889589905363,0.7320872274143302,0.7757009345794392,0.7976653696498055,0.7725490196078432,0.6575875486381323,0.7423728813559322,0.724907063197026,0.6900369003690037,0.7978339350180506,0.7380191693290735,0.7118155619596542,0.7090909090909091,0.7529880478087649,0.7078651685393258,0.7403508771929824,0.7491039426523297,0.6964980544747081,0.8113207547169812,0.7220543806646526,0.6952908587257618,0.649402390438247,0.7377049180327869,0.7568627450980392,0.8274509803921568,0.8237547892720306,0.7435897435897436,0.7614678899082569,0.7575757575757576,0.708185053380783,0.8466898954703833,0.8521400778210116,0.7864768683274022,0.7416974169741697,0.7065637065637066,0.7100371747211895,0.8052434456928839,0.6653386454183267,0.8365758754863813,0.7915057915057915,0.8523985239852399,0.8376383763837638,0.8181818181818182,0.7295373665480427,0.6654804270462633,0.8196078431372549
sub-NORB00068_ses-1_correlation_matrix_avg,0.8615916955017301,0.47330960854092524,0.856655290102389,0.865814696485623,0.8048780487804879,0.8900343642611683,0.7651245551601423,0.7757009345794392,0.8208955223880597,0.7864768683274022,0.7854671280276817,0.7031802120141343,0.7673130193905817,0.6656151419558359,0.7540453074433657,0.8136200716845878,0.8225255972696246,0.7703081232492998,0.8175438596491228,0.6042402826855123,0.7224199288256228,0.8487972508591065,0.6113074204946997,0.6774193548387096,0.7102473498233216,0.8481848184818482,0.7425742574257426,0.7473684210526316,0.9124579124579124,0.8394648829431438,0.8035087719298246,0.7907692307692308,0.8073089700996677,0.7472924187725631,0.786833855799373,0.8422939068100358,0.6173285198555957,0.608540925266904,0.6200716845878136,0.7366548042704626,0.6512455516014235,0.701067615658363,0.8513931888544891,0.8939929328621908,0.7231833910034602,0.901060070671378,0.6057347670250897,0.7403508771929824,0.6725978647686833,0.8149466192170819,0.7785016286644951,0.631768953068592,0.7491289198606271,0.7877813504823151,0.7700348432055749,0.7673130193905817,0.693950177935943,0.6702508960573477,0.8397212543554007,1.0,0.7204301075268817,0.6325088339222615,0.818815331010453,0.856655290102389,0.7815699658703071,0.7003484320557491,0.7849462365591398,0.7111913357400722,0.7003484320557491,0.8943894389438944,0.775438596491228,0.8249158249158249,0.7275985663082437,0.6989247311827957,0.7224199288256228,0.7647058823529411,0.7347670250896058,0.8498293515358362,0.6227758007117438,0.8839590443686007,0.7964912280701755,0.8144329896907216,0.8566775244299675,0.8215384615384616,0.7689969604863222,0.8683385579937304,0.7366548042704626,0.7132616487455197,0.631768953068592,0.8556701030927835,0.7437722419928826,0.7102473498233216,0.8385964912280702,0.8210862619808307,0.7971014492753623,0.7162629757785467,0.6823104693140795,0.6794425087108014,0.818815331010453,0.7909407665505227,0.6210526315789474,0.8136200716845878,0.7791044776119403,0.7673130193905817,0.5658362989323843,0.8110749185667753,0.6989247311827957,0.7508896797153025,0.7614035087719299,0.7250859106529209,0.8297872340425532,0.8327759197324415,0.6923076923076923,0.8976109215017065,0.7992831541218638,0.8269896193771626,0.7231833910034602,0.6654804270462633,0.7295373665480427,0.7824561403508772,0.6028880866425993,0.7722419928825622,0.7437722419928826,0.8144329896907216,0.8257839721254355,0.7295373665480427,0.8091872791519434,0.7212543554006968,0.7073170731707317
sub-NORB00030_ses-1_correlation_matrix_avg,0.724907063197026,0.5384615384615384,0.6967509025270758,0.6293929712460063,0.7549407114624506,0.693950177935943,0.7366255144032922,0.6588628762541806,0.6096096096096096,0.7613168724279835,0.7470355731225297,0.7215189873417721,0.5623268698060941,0.5601374570446735,0.6654804270462633,0.8382978723404255,0.7228464419475655,0.571830985915493,0.7276264591439688,0.630901287553648,0.7748917748917749,0.724907063197026,0.7603686635944701,0.676595744680851,0.7154811715481172,0.7173144876325088,0.663003663003663,0.6758893280632411,0.6860068259385665,0.693950177935943,0.7529880478087649,0.6440129449838188,0.6607773851590106,0.7903930131004366,0.6588628762541806,0.8106995884773662,0.7235023041474654,0.7104072398190046,0.726027397260274,0.7617021276595745,0.7030567685589519,0.7339055793991416,0.6222910216718266,0.7174721189591078,0.7028112449799196,0.7777777777777778,0.6771300448430493,0.7510373443983402,0.7292576419213974,0.7651821862348178,0.703971119133574,0.7581395348837209,0.6784313725490196,0.6678200692041523,0.7714285714285715,0.5623268698060941,0.7709251101321586,0.8064516129032258,0.752895752895753,0.7204301075268817,1.0,0.6796536796536796,0.7707509881422925,0.6967509025270758,0.6779026217228464,0.7178423236514523,0.7593360995850622,0.8433179723502304,0.6626506024096386,0.6835016835016835,0.7349397590361446,0.7269372693726938,0.8133333333333334,0.7937219730941704,0.7748917748917749,0.7098039215686275,0.7748917748917749,0.7142857142857143,0.6828193832599119,0.6890459363957597,0.7312252964426877,0.6389891696750902,0.6588628762541806,0.6444444444444445,0.6126984126984127,0.6363636363636364,0.7922077922077922,0.8280542986425339,0.7581395348837209,0.6945454545454546,0.7552742616033755,0.7748917748917749,0.7374517374517374,0.6478405315614618,0.5918367346938775,0.7805907172995781,0.7899543378995434,0.6790123456790124,0.7164750957854407,0.7254901960784313,0.7092511013215859,0.7925311203319502,0.6261682242990654,0.5623268698060941,0.6412556053811659,0.6794425087108014,0.7937219730941704,0.8253275109170306,0.746938775510204,0.7188755020080321,0.6246153846153846,0.7111913357400722,0.667953667953668,0.7275985663082437,0.8212765957446808,0.7262357414448669,0.6758893280632411,0.7511111111111111,0.7238493723849372,0.7154150197628458,0.7703349282296651,0.7740585774058577,0.7854077253218884,0.752895752895753,0.7647058823529411,0.7238493723849372,0.7176470588235294,0.7142857142857143,0.7405857740585774
sub-NORB00085_ses-1_correlation_matrix_avg,0.5985663082437276,0.7219251336898396,0.6802973977695167,0.5922330097087378,0.6837944664031621,0.6776556776556777,0.6903765690376569,0.6094276094276094,0.5370919881305638,0.6334661354581673,0.6245210727969349,0.6595744680851063,0.5124653739612188,0.6452830188679245,0.6363636363636364,0.689795918367347,0.6806083650190115,0.5126050420168067,0.6705882352941176,0.748792270531401,0.696969696969697,0.6101083032490975,0.6930232558139535,0.7327188940092166,0.6824034334763949,0.6306620209059234,0.6329588014981273,0.7575757575757576,0.6135593220338983,0.6070175438596491,0.6679841897233202,0.6065573770491803,0.631768953068592,0.757847533632287,0.5369774919614148,0.6812749003984063,0.7033492822966507,0.8090452261306532,0.8090452261306532,0.7918552036199095,0.6533333333333333,0.7004405286343612,0.556923076923077,0.6145454545454545,0.5797665369649806,0.6218181818181818,0.7198067632850241,0.7489177489177489,0.7104072398190046,0.6923076923076923,0.5389830508474577,0.8090452261306532,0.6205533596837944,0.6395759717314488,0.7552742616033755,0.5124653739612188,0.7066666666666667,0.7395348837209302,0.6329588014981273,0.6325088339222615,0.6796536796536796,1.0,0.6731517509727627,0.631768953068592,0.7131474103585658,0.6708860759493671,0.7729257641921398,0.6828193832599119,0.6163265306122448,0.6013289036544851,0.689795918367347,0.6981132075471698,0.6317991631799164,0.7767441860465116,0.757847533632287,0.7061224489795919,0.6265560165975104,0.6853932584269663,0.7251184834123223,0.6370106761565836,0.6867469879518072,0.7098039215686275,0.5570032573289903,0.5873015873015873,0.5654952076677316,0.5799373040752351,0.6296296296296297,0.588477366255144,0.7061611374407583,0.6290909090909091,0.6652719665271967,0.7268722466960352,0.6059479553903345,0.5880398671096345,0.5304347826086957,0.6763485477178424,0.7235023041474654,0.6317991631799164,0.6731517509727627,0.6679841897233202,0.6157205240174672,0.5862068965517241,0.5319148936170213,0.5124653739612188,0.589041095890411,0.6630824372759857,0.7767441860465116,0.6877637130801688,0.659919028340081,0.7154811715481172,0.5692307692307692,0.6344086021505376,0.649402390438247,0.6055363321799307,0.6465863453815262,0.7098039215686275,0.6846473029045643,0.7819905213270142,0.7056277056277056,0.6573705179282868,0.6525821596244131,0.7276595744680852,0.7379912663755459,0.6833976833976834,0.667953667953668,0.7205240174672489,0.6600790513833992,0.7253218884120172,0.5983935742971888
sub-NORB00069_ses-1_correlation_matrix_avg,0.7508650519031141,0.4980392156862745,0.8091872791519434,0.7980456026058632,0.7933579335793358,0.8566308243727598,0.848605577689243,0.7411003236245954,0.7253731343283583,0.8431372549019608,0.7992565055762082,0.7509727626459144,0.6786703601108033,0.6156351791530945,0.705685618729097,0.8160919540229885,0.8122743682310469,0.6901408450704225,0.7802197802197802,0.6293436293436293,0.8152610441767069,0.775438596491228,0.6892430278884463,0.7098039215686275,0.7865612648221344,0.8397212543554007,0.8302583025830258,0.7854406130268199,0.8047138047138047,0.8175438596491228,0.8754863813229572,0.7241379310344828,0.8091872791519434,0.7865612648221344,0.7755775577557755,0.861003861003861,0.6706827309236948,0.6733067729083665,0.7004048582995951,0.77431906614786,0.6425855513307985,0.7911646586345381,0.7632398753894081,0.7684210526315789,0.6945454545454546,0.7879858657243817,0.6313725490196078,0.724907063197026,0.6653992395437263,0.7902621722846442,0.8035087719298246,0.7004048582995951,0.7735849056603774,0.7293729372937293,0.8098859315589354,0.6786703601108033,0.7689243027888446,0.7154150197628458,0.8302583025830258,0.818815331010453,0.7707509881422925,0.6731517509727627,1.0,0.7716262975778547,0.8352059925093633,0.788235294117647,0.7854406130268199,0.7751004016064257,0.7078651685393258,0.8249158249158249,0.7886792452830189,0.7894736842105263,0.7928286852589641,0.7751004016064257,0.7865612648221344,0.7509157509157509,0.7725490196078432,0.8149466192170819,0.6121673003802282,0.8245614035087719,0.797752808988764,0.7906137184115524,0.729903536977492,0.7445482866043613,0.7241379310344828,0.768025078369906,0.8167330677290837,0.7354085603112841,0.6733067729083665,0.7700348432055749,0.7283018867924528,0.7056603773584905,0.8021978021978022,0.7188498402555911,0.7142857142857143,0.7915057915057915,0.7429718875502008,0.7110266159695817,0.7818181818181819,0.8188679245283019,0.6996047430830039,0.7752808988764045,0.7142857142857143,0.6786703601108033,0.6653061224489796,0.7525083612040134,0.7470355731225297,0.7898832684824902,0.7870722433460076,0.7735849056603774,0.7538461538461538,0.7854671280276817,0.7490774907749077,0.8257839721254355,0.8287937743190662,0.8302583025830258,0.7323420074349443,0.7233201581027668,0.7132075471698113,0.7695167286245354,0.6816326530612244,0.841897233201581,0.8693877551020408,0.9003831417624522,0.8021978021978022,0.8087649402390438,0.7454545454545455,0.7047970479704797,0.7414448669201521
sub-NORB00031_ses-1_correlation_matrix_avg,0.8924731182795699,0.4907749077490775,0.8606271777003485,0.799373040752351,0.7700348432055749,0.8305084745762712,0.7802197802197802,0.7337461300309598,0.7910447761194029,0.8021978021978022,0.7879858657243817,0.7677902621722846,0.739612188365651,0.6549520766773163,0.7674418604651163,0.8036363636363636,0.7525083612040134,0.742296918767507,0.8608058608058609,0.6263736263736264,0.7490774907749077,0.8790035587188612,0.6579925650557621,0.6776556776556777,0.7490774907749077,0.8394648829431438,0.7679180887372014,0.7617328519855595,0.9044368600682594,0.8305084745762712,0.8064516129032258,0.7492354740061162,0.8225255972696246,0.7620817843866171,0.7554858934169278,0.8194945848375451,0.6404494382022472,0.6072727272727273,0.6190476190476191,0.7256317689530686,0.6877323420074349,0.7142857142857143,0.8092307692307692,0.8456140350877193,0.7617328519855595,0.8397212543554007,0.6404494382022472,0.7545126353790613,0.6974169741697417,0.8050541516245487,0.7234726688102894,0.6309963099630996,0.8426966292134831,0.7669902912621359,0.735191637630662,0.739612188365651,0.7323420074349443,0.6951672862453532,0.8836363636363637,0.856655290102389,0.6967509025270758,0.631768953068592,0.7716262975778547,1.0,0.7839721254355401,0.7638376383763837,0.7875457875457875,0.724907063197026,0.7256317689530686,0.898989898989899,0.8036363636363636,0.7557755775577558,0.7546468401486989,0.7121771217712177,0.7362637362637363,0.7921146953405018,0.7490774907749077,0.8536585365853658,0.6457564575645757,0.8625429553264605,0.7864768683274022,0.8048780487804879,0.8604651162790697,0.8130841121495327,0.804416403785489,0.8255451713395638,0.7381818181818182,0.6895306859205776,0.6554307116104869,0.7845117845117845,0.7582417582417582,0.7490774907749077,0.8422939068100358,0.8006430868167203,0.7478510028653295,0.6701030927835051,0.6951672862453532,0.7416974169741697,0.7964912280701755,0.8194945848375451,0.6678966789667896,0.8036363636363636,0.7597597597597597,0.739612188365651,0.6104868913857678,0.7901639344262295,0.7378277153558053,0.7655677655677655,0.8021978021978022,0.7890909090909091,0.7993920972644377,0.7873754152823921,0.7403508771929824,0.8508474576271187,0.7890909090909091,0.8175438596491228,0.8007380073800738,0.6776556776556777,0.7564575645756457,0.8513011152416357,0.6254681647940075,0.8007380073800738,0.7328519855595668,0.8048780487804879,0.8690909090909091,0.7695167286245354,0.7992831541218638,0.7102473498233216,0.7582417582417582
sub-NORB00072_ses-1_correlation_matrix_avg,0.726962457337884,0.5341365461847389,0.8483754512635379,0.7864077669902912,0.7802197802197802,0.8048780487804879,0.8196078431372549,0.729903536977492,0.7151335311572701,0.7602996254681648,0.7728937728937729,0.7374517374517374,0.6786703601108033,0.7282229965156795,0.7288135593220338,0.7362637362637363,0.7491289198606271,0.6901408450704225,0.7419354838709677,0.6549019607843137,0.7587548638132295,0.726962457337884,0.6498054474708171,0.7098039215686275,0.7451737451737451,0.8269896193771626,0.8168498168498168,0.8132295719844358,0.7807308970099668,0.7441077441077442,0.79182156133829,0.7350157728706624,0.7594501718213058,0.7725490196078432,0.7188498402555911,0.7655677655677655,0.6442687747035574,0.6733067729083665,0.7004048582995951,0.7338403041825095,0.630188679245283,0.7490196078431373,0.7415384615384616,0.7560975609756098,0.6823104693140795,0.7152542372881356,0.6061776061776062,0.7378277153558053,0.6653992395437263,0.7509157509157509,0.707641196013289,0.6470588235294118,0.7602996254681648,0.7068403908794788,0.8098859315589354,0.6786703601108033,0.7411764705882353,0.688715953307393,0.8036363636363636,0.7815699658703071,0.6779026217228464,0.7131474103585658,0.8352059925093633,0.7839721254355401,1.0,0.77431906614786,0.7584905660377359,0.7198443579766537,0.6826568265682657,0.7770491803278688,0.7362637362637363,0.7894736842105263,0.7374517374517374,0.7333333333333333,0.7865612648221344,0.7509157509157509,0.7186311787072244,0.8279569892473119,0.6,0.7993079584775087,0.797752808988764,0.8302583025830258,0.6971608832807571,0.7665615141955836,0.6923076923076923,0.7570093457943925,0.7606177606177607,0.6579925650557621,0.6733067729083665,0.7220338983050848,0.7283018867924528,0.6802973977695167,0.7024221453287197,0.6971608832807571,0.7142857142857143,0.7121771217712177,0.7290836653386454,0.6728624535315985,0.7314487632508834,0.8052434456928839,0.6862745098039216,0.7111913357400722,0.6539589442815249,0.6786703601108033,0.6385542168674698,0.7293729372937293,0.7333333333333333,0.7358490566037735,0.7735849056603774,0.7472118959107806,0.7325227963525835,0.7142857142857143,0.7236363636363636,0.7525083612040134,0.7735849056603774,0.8036363636363636,0.7323420074349443,0.7233201581027668,0.7132075471698113,0.7827715355805244,0.6414342629482072,0.7992277992277992,0.796078431372549,0.8302583025830258,0.7508896797153025,0.7665369649805448,0.7454545454545455,0.68,0.7026022304832714
sub-NORB00101_ses-1_correlation_matrix_avg,0.7289377289377289,0.5605381165919282,0.7638376383763837,0.6763754045307443,0.6928838951310862,0.7224199288256228,0.799163179916318,0.6524590163934426,0.6336336336336337,0.8242677824267782,0.7509727626459144,0.8654708520179372,0.5844875346260388,0.5986159169550173,0.693950177935943,0.7391304347826086,0.6774193548387096,0.5943661971830986,0.7725490196078432,0.6943231441048034,0.8577777777777778,0.7677902621722846,0.7972350230414746,0.7402597402597403,0.8253275109170306,0.7455830388692579,0.8117647058823529,0.7925311203319502,0.7133105802047781,0.6632302405498282,0.7848605577689243,0.6175548589341693,0.7769516728624535,0.7939914163090128,0.6416938110749185,0.7568627450980392,0.7934272300469484,0.7155555555555555,0.6425531914893617,0.7805907172995781,0.7533039647577092,0.7682403433476395,0.6573208722741433,0.7090909090909091,0.7489878542510121,0.6678445229681979,0.7285067873303167,0.7131474103585658,0.7489177489177489,0.7689243027888446,0.6271186440677966,0.746606334841629,0.7942386831275721,0.6610169491525424,0.7333333333333333,0.5844875346260388,0.8552036199095022,0.8099547511312217,0.7976653696498055,0.7003484320557491,0.7178423236514523,0.6708860759493671,0.788235294117647,0.7638376383763837,0.77431906614786,1.0,0.7925311203319502,0.7816593886462883,0.7957446808510639,0.7104377104377104,0.8410041841004184,0.7184115523465704,0.8008658008658008,0.863013698630137,0.7939914163090128,0.7975708502024291,0.7637130801687764,0.7695167286245354,0.6883116883116883,0.7295373665480427,0.7490196078431373,0.7047970479704797,0.68561872909699,0.6698412698412698,0.6699029126213593,0.6510903426791277,0.8111587982832618,0.7095435684647303,0.7625570776255708,0.6989247311827957,0.7448559670781894,0.7637130801687764,0.7283018867924528,0.6416938110749185,0.5965417867435159,0.6862745098039216,0.7937219730941704,0.8008658008658008,0.7471264367816092,0.7431906614785992,0.76,0.7254901960784313,0.6307692307692307,0.5844875346260388,0.7725118483412322,0.6723549488054608,0.8461538461538461,0.8127659574468085,0.7795918367346939,0.8242677824267782,0.6492307692307693,0.6794425087108014,0.7813765182186235,0.7073170731707317,0.8091286307053942,0.7976653696498055,0.8227848101265823,0.8026905829596412,0.7872340425531915,0.8340248962655602,0.726027397260274,0.8540772532188842,0.8197424892703863,0.7837837837837838,0.7683397683397684,0.8666666666666667,0.6958174904942965,0.7188755020080321,0.7890295358649789
sub-NORB00090_ses-2_correlation_matrix_avg,0.740072202166065,0.5770925110132159,0.8141263940520446,0.7087378640776699,0.8260869565217391,0.7833935018050542,0.8106995884773662,0.6852459016393443,0.6636636636636637,0.7490196078431373,0.7624521072796935,0.8127659574468085,0.6121883656509696,0.6917562724014337,0.7419354838709677,0.8218623481781376,0.7769516728624535,0.6134453781512605,0.8406374501992032,0.7379912663755459,0.7907949790794979,0.7527272727272727,0.762114537444934,0.7991266375545851,0.7907949790794979,0.7439446366782007,0.7416974169741697,0.8340248962655602,0.7474402730375427,0.7580071174377224,0.7683397683397684,0.6698412698412698,0.7745454545454545,0.868995633187773,0.6421725239616614,0.796078431372549,0.7422222222222222,0.7444933920704846,0.7142857142857143,0.8701298701298701,0.7816593886462883,0.7510373443983402,0.6884735202492211,0.7328519855595668,0.7198443579766537,0.7785977859778598,0.757847533632287,0.7959183673469388,0.8237885462555066,0.8232931726907631,0.627906976744186,0.76,0.7768924302788844,0.7543859649122807,0.7865612648221344,0.6121883656509696,0.8181818181818182,0.8061674008810573,0.7546468401486989,0.7849462365591398,0.7593360995850622,0.7729257641921398,0.7854406130268199,0.7875457875457875,0.7584905660377359,0.7925311203319502,1.0,0.7489539748953975,0.7777777777777778,0.7441077441077442,0.8672199170124482,0.7933579335793358,0.7387755102040816,0.8414096916299559,0.8212765957446808,0.8232931726907631,0.691699604743083,0.8202247191011236,0.7467248908296943,0.7777777777777778,0.8167330677290837,0.8084291187739464,0.6852459016393443,0.7015873015873015,0.6913183279742765,0.6927899686520376,0.7489878542510121,0.6679841897233202,0.7757847533632287,0.7472924187725631,0.8008298755186722,0.868995633187773,0.7397769516728625,0.6963696369636964,0.6347826086956522,0.7254901960784313,0.7748917748917749,0.7824267782426778,0.7992277992277992,0.8247011952191236,0.698744769874477,0.6981132075471698,0.6615384615384615,0.6121883656509696,0.648068669527897,0.7667844522968198,0.8577777777777778,0.7942386831275721,0.7911646586345381,0.8353909465020576,0.68,0.7634408602150538,0.7928286852589641,0.7667844522968198,0.7768924302788844,0.8365758754863813,0.8340248962655602,0.7991266375545851,0.8297872340425532,0.8152610441767069,0.7092511013215859,0.8493723849372385,0.8468085106382979,0.8084291187739464,0.8210116731517509,0.8297872340425532,0.788235294117647,0.8481012658227848,0.7154150197628458
sub-NORB00076_ses-1_correlation_matrix_avg,0.7414448669201521,0.5534883720930233,0.6996336996336996,0.6205787781350482,0.7176470588235294,0.6967509025270758,0.8008658008658008,0.6387959866220736,0.5915915915915916,0.7957446808510639,0.7233201581027668,0.7709251101321586,0.5457063711911357,0.5830388692579506,0.68,0.7974683544303798,0.7262357414448669,0.5549295774647888,0.7590361445783133,0.6622222222222223,0.7955555555555556,0.7414448669201521,0.8164251207729468,0.7092511013215859,0.7641921397379913,0.696113074204947,0.690566037735849,0.7061224489795919,0.6655290102389079,0.6845878136200717,0.7860082304526749,0.6038338658146964,0.6872727272727273,0.8280542986425339,0.6387959866220736,0.8158995815899581,0.7951219512195122,0.7142857142857143,0.7142857142857143,0.7510729613733905,0.7534246575342466,0.8009049773755657,0.6137071651090342,0.720754716981132,0.6923076923076923,0.7283018867924528,0.695852534562212,0.7261410788381742,0.7488789237668162,0.7551020408163265,0.6583629893238434,0.7630331753554502,0.7224489795918367,0.6701754385964912,0.7907949790794979,0.5457063711911357,0.8418604651162791,0.812206572769953,0.7707509881422925,0.7111913357400722,0.8433179723502304,0.6828193832599119,0.7751004016064257,0.724907063197026,0.7198443579766537,0.7816593886462883,0.7489539748953975,1.0,0.6929460580912863,0.6632996632996633,0.7530864197530864,0.7047970479704797,0.8525345622119815,0.8325581395348837,0.8280542986425339,0.7551020408163265,0.8447488584474886,0.7174721189591078,0.7013574660633484,0.6917562724014337,0.7489878542510121,0.6531365313653137,0.6498316498316499,0.6253968253968254,0.6038338658146964,0.6175548589341693,0.7816593886462883,0.7847533632286996,0.7630331753554502,0.6974169741697417,0.8061674008810573,0.7797356828193832,0.7549407114624506,0.6610169491525424,0.5743440233236151,0.7702127659574468,0.84688995215311,0.7253218884120172,0.7198443579766537,0.7429718875502008,0.7442922374429224,0.7676348547717843,0.5876923076923077,0.5457063711911357,0.7061611374407583,0.6470588235294118,0.8325581395348837,0.8311111111111111,0.7656903765690377,0.7224489795918367,0.6061538461538462,0.7142857142857143,0.7246963562753036,0.7060931899641577,0.8268398268398268,0.7431906614785992,0.7344398340248963,0.8215962441314554,0.7729257641921398,0.746938775510204,0.8109452736318408,0.8095238095238095,0.7903930131004366,0.7568627450980392,0.7831325301204819,0.7729257641921398,0.7489878542510121,0.7322175732217573,0.7748917748917749
sub-NORB00022_ses-1_correlation_matrix_avg,0.7289377289377289,0.5064935064935064,0.7509157509157509,0.6872964169381107,0.7451737451737451,0.76,0.7269076305220884,0.6310679611650486,0.6336336336336337,0.7233201581027668,0.7928286852589641,0.8654708520179372,0.5844875346260388,0.5767918088737202,0.730909090909091,0.685823754789272,0.6895306859205776,0.5766016713091922,0.8152610441767069,0.6234309623430963,0.7637130801687764,0.7416974169741697,0.7030567685589519,0.7402597402597403,0.7061224489795919,0.6521739130434783,0.68,0.7211155378486056,0.7016949152542373,0.7102473498233216,0.7164750957854407,0.5683890577507599,0.7902621722846442,0.720164609053498,0.5799373040752351,0.7034220532319392,0.7130044843049327,0.6425531914893617,0.562753036437247,0.7510373443983402,0.8009049773755657,0.6546184738955824,0.6470588235294118,0.7472118959107806,0.7211155378486056,0.6678445229681979,0.6681222707423581,0.6475095785440613,0.7641921397379913,0.7831325301204819,0.5841584158415841,0.670995670995671,0.7795918367346939,0.6955017301038062,0.6554307116104869,0.5844875346260388,0.7748917748917749,0.7467248908296943,0.6923076923076923,0.7003484320557491,0.6626506024096386,0.6163265306122448,0.7078651685393258,0.7256317689530686,0.6826568265682657,0.7957446808510639,0.7777777777777778,0.6929460580912863,1.0,0.6765676567656765,0.8884120171673819,0.6819787985865724,0.7119341563786008,0.7510729613733905,0.7061224489795919,0.8423236514522822,0.6653386454183267,0.7695167286245354,0.7180616740088106,0.6816608996539792,0.7088122605363985,0.7047970479704797,0.696969696969697,0.6593059936908517,0.6591639871382636,0.6510903426791277,0.7366255144032922,0.6546184738955824,0.7309417040358744,0.7490774907749077,0.7740585774058577,0.8095238095238095,0.7821011673151751,0.68561872909699,0.5965417867435159,0.5985130111524164,0.6877637130801688,0.8654708520179372,0.8023715415019763,0.7707509881422925,0.6851063829787234,0.685823754789272,0.6207951070336392,0.5844875346260388,0.7077625570776256,0.6838487972508591,0.7510729613733905,0.7530864197530864,0.7651821862348178,0.8091286307053942,0.6492307692307693,0.7153024911032029,0.7391304347826086,0.7073170731707317,0.751004016064257,0.8260869565217391,0.8382978723404255,0.6962025316455697,0.8025751072961373,0.8189300411522634,0.68,0.7925311203319502,0.7593360995850622,0.7047970479704797,0.796078431372549,0.7721518987341772,0.7354085603112841,0.8212765957446808,0.6892430278884463
sub-NORB00081_ses-1_correlation_matrix_avg,0.8538205980066446,0.4418604651162791,0.8613861386138614,0.8934169278996865,0.7873754152823921,0.8811881188118812,0.725752508361204,0.7717717717717718,0.8584070796460177,0.7575757575757576,0.7926421404682275,0.6902356902356902,0.8227146814404432,0.6555891238670695,0.7292307692307692,0.7710437710437711,0.7928802588996764,0.8263305322128851,0.7993311036789298,0.5852842809364549,0.696969696969697,0.8538205980066446,0.6026936026936027,0.6321070234113713,0.696969696969697,0.9141914191419142,0.7850162866449512,0.7209302325581395,0.9534883720930233,0.8566775244299675,0.797979797979798,0.8297872340425532,0.8371335504885994,0.696969696969697,0.8153846153846154,0.797979797979798,0.5757575757575758,0.5681063122923588,0.5892255892255892,0.6989966555183946,0.6187290969899666,0.6767676767676768,0.9015384615384615,0.8471760797342193,0.7095709570957096,0.8662207357859532,0.5757575757575758,0.725752508361204,0.6387959866220736,0.7725752508361204,0.7968253968253968,0.5892255892255892,0.7575757575757576,0.7723076923076924,0.7311475409836066,0.8227146814404432,0.67003367003367,0.6254180602006689,0.8451178451178452,0.8943894389438944,0.6835016835016835,0.6013289036544851,0.8249158249158249,0.898989898989899,0.7770491803278688,0.7104377104377104,0.7441077441077442,0.6632996632996633,0.6765676567656765,1.0,0.7591973244147158,0.8306188925081434,0.6902356902356902,0.6632996632996633,0.696969696969697,0.7377049180327869,0.696969696969697,0.8547854785478548,0.5813953488372093,0.9003322259136213,0.7912457912457912,0.7967213114754098,0.873015873015873,0.8830769230769231,0.8409785932721713,0.9190031152647975,0.7104377104377104,0.6767676767676768,0.5892255892255892,0.8122977346278317,0.705685618729097,0.68561872909699,0.8193979933110368,0.8042813455657493,0.833810888252149,0.7142857142857143,0.6363636363636364,0.6789297658862876,0.7770491803278688,0.7740863787375415,0.6013289036544851,0.7710437710437711,0.827893175074184,0.8227146814404432,0.5488215488215489,0.8402555910543131,0.6632996632996633,0.7123745819397993,0.745819397993311,0.745819397993311,0.8905775075987842,0.8146964856230032,0.6913183279742765,0.900990099009901,0.7575757575757576,0.8085808580858086,0.7324414715719063,0.6321070234113713,0.6810631229235881,0.7658862876254181,0.5622895622895623,0.7441077441077442,0.7171717171717171,0.8327759197324415,0.8316498316498316,0.7037037037037037,0.7442622950819672,0.6963696369636964,0.705685618729097
sub-NORB00064_ses-3_correlation_matrix_avg,0.8081180811808119,0.5574468085106383,0.8168498168498168,0.745928338762215,0.8007662835249042,0.8388278388278388,0.7848605577689243,0.6893203883495146,0.6876876876876877,0.7944664031620553,0.849802371541502,0.8787878787878788,0.6343490304709142,0.6382252559726962,0.7833935018050542,0.7821011673151751,0.7672727272727272,0.6267409470752089,0.902834008097166,0.6707818930041153,0.8396624472573839,0.8352059925093633,0.7510729613733905,0.8025751072961373,0.7942386831275721,0.735593220338983,0.7582417582417582,0.8072289156626506,0.7869415807560137,0.773851590106007,0.7992277992277992,0.6330275229357798,0.8576779026217228,0.8091286307053942,0.6466876971608833,0.7854406130268199,0.7467248908296943,0.7046413502109705,0.6356275303643725,0.8257261410788381,0.8165938864628821,0.7408906882591093,0.7133956386292835,0.8007380073800738,0.7786561264822134,0.7562724014336918,0.7316017316017316,0.7297297297297297,0.8427947598253275,0.8554216867469879,0.6327868852459017,0.7641921397379913,0.8530612244897959,0.7577854671280276,0.7490494296577946,0.6343490304709142,0.8369098712446352,0.8253275109170306,0.7712177121771218,0.775438596491228,0.7349397590361446,0.689795918367347,0.7886792452830189,0.8036363636363636,0.7362637362637363,0.8410041841004184,0.8672199170124482,0.7530864197530864,0.8884120171673819,0.7591973244147158,1.0,0.7455830388692579,0.7714285714285715,0.8283261802575107,0.7795918367346939,0.9012345679012346,0.7233201581027668,0.850187265917603,0.7662337662337663,0.7560975609756098,0.7915057915057915,0.7582417582417582,0.7694915254237288,0.726984126984127,0.7060702875399361,0.7178683385579937,0.8106995884773662,0.7131474103585658,0.7641921397379913,0.8154981549815498,0.8340248962655602,0.8874458874458875,0.8521400778210116,0.7342192691029901,0.6484149855907781,0.6779026217228464,0.7637130801687764,0.8787878787878788,0.8735177865612648,0.8274509803921568,0.7322175732217573,0.7414448669201521,0.6861538461538461,0.6343490304709142,0.696969696969697,0.7457044673539519,0.8441558441558441,0.8271604938271605,0.8232931726907631,0.8838174273858921,0.7046153846153846,0.7793594306049823,0.8102766798418972,0.7950530035335689,0.8087649402390438,0.9123505976095617,0.8987341772151899,0.7721518987341772,0.8638297872340426,0.8930041152263375,0.6995708154506438,0.8828451882845189,0.8189300411522634,0.797752808988764,0.896414342629482,0.8481012658227848,0.7777777777777778,0.8506224066390041,0.7470355731225297
sub-NORB00075_ses-2_correlation_matrix_avg,0.735973597359736,0.5169811320754717,0.8408304498269896,0.8158730158730159,0.84,0.7993311036789298,0.7347670250896058,0.7602523659305994,0.7434402332361516,0.7314487632508834,0.7560975609756098,0.6607773851590106,0.7340720221606648,0.7142857142857143,0.7377049180327869,0.7963636363636364,0.818815331010453,0.7270194986072424,0.775438596491228,0.6554307116104869,0.703971119133574,0.7710437710437711,0.6754716981132075,0.6951672862453532,0.7163636363636363,0.8703071672354948,0.7610921501706485,0.7545126353790613,0.8229508196721311,0.7755775577557755,0.7864768683274022,0.7981072555205048,0.8033898305084746,0.7546468401486989,0.7064220183486238,0.773851590106007,0.6329588014981273,0.6479400749063671,0.6356877323420075,0.7435897435897436,0.6556776556776557,0.6823104693140795,0.7811550151975684,0.7643097643097643,0.6816608996539792,0.7830508474576271,0.6452830188679245,0.76,0.6776556776556777,0.7849462365591398,0.6845425867507886,0.6479400749063671,0.6838487972508591,0.7836065573770492,0.8036363636363636,0.7340720221606648,0.724907063197026,0.700374531835206,0.7854671280276817,0.8249158249158249,0.7269372693726938,0.6981132075471698,0.7894736842105263,0.7557755775577558,0.7894736842105263,0.7184115523465704,0.7933579335793358,0.7047970479704797,0.6819787985865724,0.8306188925081434,0.7455830388692579,1.0,0.6845878136200717,0.7303370786516854,0.7811320754716982,0.7849462365591398,0.6797153024911032,0.8596491228070176,0.6263736263736264,0.8181818181818182,0.8050541516245487,0.8105263157894737,0.7383177570093458,0.8181818181818182,0.7014925373134329,0.796923076923077,0.7184115523465704,0.6823104693140795,0.660377358490566,0.8144329896907216,0.7509157509157509,0.7289377289377289,0.7239057239057239,0.7492163009404389,0.7421203438395415,0.7859778597785978,0.7132075471698113,0.6491228070175439,0.7894736842105263,0.7491289198606271,0.6014234875444839,0.697594501718213,0.7126099706744868,0.7340720221606648,0.5451263537906137,0.8823529411764706,0.7433962264150943,0.7712177121771218,0.7192982456140351,0.7192982456140351,0.8153846153846154,0.8169491525423729,0.6745762711864407,0.7953795379537953,0.7562724014336918,0.8105263157894737,0.7052631578947368,0.720754716981132,0.7236363636363636,0.7044673539518901,0.630188679245283,0.7672727272727272,0.7381818181818182,0.8362989323843416,0.7839721254355401,0.7236363636363636,0.7793594306049823,0.7655677655677655,0.701067615658363
sub-NORB00078_ses-1_correlation_matrix_avg,0.7718631178707225,0.5475113122171946,0.7289377289377289,0.656957928802589,0.7088122605363985,0.7132616487455197,0.8197424892703863,0.6767676767676768,0.6156156156156156,0.8942731277533039,0.7689243027888446,0.8061674008810573,0.5678670360110804,0.5563139931740614,0.6845878136200717,0.8158995815899581,0.7047970479704797,0.5774647887323944,0.7911646586345381,0.625531914893617,0.8311111111111111,0.7584905660377359,0.7695852534562212,0.7142857142857143,0.7835497835497836,0.7243816254416962,0.7471264367816092,0.7108433734939759,0.7044673539518901,0.7256317689530686,0.8493723849372385,0.6088328075709779,0.703971119133574,0.7835497835497836,0.6655518394648829,0.8340248962655602,0.7488372093023256,0.6888888888888889,0.7351598173515982,0.7405857740585774,0.7117903930131004,0.8044444444444444,0.6386292834890965,0.7509433962264151,0.7530864197530864,0.7195571955719557,0.6711111111111111,0.7028112449799196,0.7229437229437229,0.7877551020408163,0.7111913357400722,0.7511520737327189,0.799163179916318,0.686411149825784,0.751004016064257,0.5678670360110804,0.8116591928251121,0.7668161434977578,0.8167330677290837,0.7275985663082437,0.8133333333333334,0.6317991631799164,0.7928286852589641,0.7546468401486989,0.7374517374517374,0.8008658008658008,0.7387755102040816,0.8525345622119815,0.7119341563786008,0.6902356902356902,0.7714285714285715,0.6845878136200717,1.0,0.8026905829596412,0.7835497835497836,0.7450199203187251,0.9162790697674419,0.7216117216117216,0.6623376623376623,0.7328519855595668,0.7254901960784313,0.6703296703296703,0.6996587030716723,0.6507936507936508,0.6190476190476191,0.6426332288401254,0.8488888888888889,0.820627802690583,0.7511520737327189,0.6895306859205776,0.7489539748953975,0.7531914893617021,0.7725490196078432,0.6767676767676768,0.597667638483965,0.7306122448979592,0.8325581395348837,0.7748917748917749,0.7241379310344828,0.7470355731225297,0.7808219178082192,0.8008298755186722,0.6123076923076923,0.5678670360110804,0.7440758293838863,0.6632302405498282,0.7866666666666666,0.8666666666666667,0.8777292576419214,0.7551020408163265,0.6307692307692307,0.7184115523465704,0.7154150197628458,0.7224199288256228,0.8942731277533039,0.7471264367816092,0.7530864197530864,0.7444933920704846,0.7468354430379747,0.7795918367346939,0.8146341463414634,0.8283261802575107,0.8095238095238095,0.77431906614786,0.8152610441767069,0.776824034334764,0.7254901960784313,0.6812749003984063,0.8253275109170306
sub-NORB00083_ses-1_correlation_matrix_avg,0.7026022304832714,0.6135265700483091,0.7378277153558053,0.6416938110749185,0.7450199203187251,0.7216117216117216,0.8165938864628821,0.6610169491525424,0.5915915915915916,0.7805907172995781,0.751004016064257,0.8356164383561644,0.5457063711911357,0.6173285198555957,0.6923076923076923,0.7974683544303798,0.7394636015325671,0.5549295774647888,0.7732793522267206,0.7725118483412322,0.8447488584474886,0.7153558052434457,0.8341463414634146,0.755656108597285,0.7797356828193832,0.696113074204947,0.7431906614785992,0.7939914163090128,0.6769759450171822,0.6725978647686833,0.8008298755186722,0.6141479099678456,0.7121771217712177,0.8790697674418605,0.6171617161716172,0.8008298755186722,0.8492462311557789,0.8146341463414634,0.7464788732394366,0.863013698630137,0.8028169014084507,0.817351598173516,0.6137071651090342,0.7338403041825095,0.7061224489795919,0.7153558052434457,0.7951219512195122,0.7702127659574468,0.8309859154929577,0.799163179916318,0.6236933797909407,0.8325123152709359,0.7510373443983402,0.693950177935943,0.8059071729957806,0.5457063711911357,0.8767772511848341,0.8829268292682927,0.7431906614785992,0.6989247311827957,0.7937219730941704,0.7767441860465116,0.7751004016064257,0.7121771217712177,0.7333333333333333,0.863013698630137,0.8414096916299559,0.8325581395348837,0.7510729613733905,0.6632996632996633,0.8283261802575107,0.7303370786516854,0.8026905829596412,1.0,0.8447488584474886,0.799163179916318,0.7797356828193832,0.7303370786516854,0.7652582159624414,0.703971119133574,0.7925311203319502,0.690566037735849,0.6387959866220736,0.6253968253968254,0.6245954692556634,0.6175548589341693,0.7973568281938326,0.7379912663755459,0.8146341463414634,0.7228464419475655,0.7903930131004366,0.8280542986425339,0.7142857142857143,0.6498316498316499,0.5652173913043478,0.7552742616033755,0.84688995215311,0.7866666666666666,0.7609561752988048,0.7714285714285715,0.7442922374429224,0.7387755102040816,0.5975232198142415,0.5457063711911357,0.722488038277512,0.6819787985865724,0.8851674641148325,0.8149779735682819,0.7656903765690377,0.8111587982832618,0.6061538461538462,0.7018181818181818,0.7824267782426778,0.693950177935943,0.8111587982832618,0.7707509881422925,0.8095238095238095,0.8926829268292683,0.820627802690583,0.7907949790794979,0.7931034482758621,0.8414096916299559,0.8385650224215246,0.7568627450980392,0.7689243027888446,0.8538812785388128,0.7349397590361446,0.7922077922077922,0.7446808510638298
sub-NORB00079_ses-1_correlation_matrix_avg,0.7397769516728625,0.5565610859728507,0.7752808988764045,0.6742671009771987,0.7991967871485943,0.7328519855595668,0.7974683544303798,0.6949152542372882,0.6216216216216216,0.7777777777777778,0.7490196078431373,0.7682403433476395,0.5734072022160664,0.6900369003690037,0.7289377289377289,0.8242677824267782,0.7509433962264151,0.5830985915492958,0.7848605577689243,0.7375565610859729,0.776824034334764,0.7269372693726938,0.812206572769953,0.7533039647577092,0.7468354430379747,0.7192982456140351,0.7547892720306514,0.7759336099585062,0.711340206185567,0.696113074204947,0.7689243027888446,0.6677524429967426,0.7236363636363636,0.8565022421524664,0.639344262295082,0.7689243027888446,0.7914691943127962,0.7603686635944701,0.7603686635944701,0.7787234042553192,0.7828054298642534,0.7215189873417721,0.6448598130841121,0.7323420074349443,0.6784313725490196,0.7528089887640449,0.726027397260274,0.7530864197530864,0.762114537444934,0.8106995884773662,0.6357388316151202,0.7603686635944701,0.7489878542510121,0.7052631578947368,0.8481012658227848,0.5734072022160664,0.8883720930232558,0.8248847926267281,0.7547892720306514,0.7224199288256228,0.7748917748917749,0.757847533632287,0.7865612648221344,0.7362637362637363,0.7865612648221344,0.7939914163090128,0.8212765957446808,0.8280542986425339,0.7061224489795919,0.696969696969697,0.7795918367346939,0.7811320754716982,0.7835497835497836,0.8447488584474886,1.0,0.7959183673469388,0.776824034334764,0.7677902621722846,0.7155555555555555,0.7153024911032029,0.8808510638297873,0.7414448669201521,0.6501650165016502,0.6571428571428571,0.6151419558359621,0.6489028213166145,0.7637130801687764,0.7071129707112971,0.7934272300469484,0.7343173431734318,0.8502202643171806,0.8078602620087336,0.7132075471698113,0.6611295681063123,0.5942028985507246,0.8127659574468085,0.8947368421052632,0.7095435684647303,0.7587548638132295,0.7975708502024291,0.696969696969697,0.7098039215686275,0.5795795795795796,0.5734072022160664,0.6742081447963801,0.7052631578947368,0.8790697674418605,0.8111587982832618,0.763265306122449,0.8075313807531381,0.6369230769230769,0.701067615658363,0.7098039215686275,0.7173144876325088,0.7777777777777778,0.7821011673151751,0.7327935222672065,0.817351598173516,0.8325991189427313,0.7877551020408163,0.7894736842105263,0.8212765957446808,0.8025751072961373,0.7821011673151751,0.752895752895753,0.8008658008658008,0.8189300411522634,0.7593360995850622,0.6867469879518072
sub-NORB00089_ses-2_correlation_matrix_avg,0.8095238095238095,0.5611814345991561,0.8315018315018315,0.758957654723127,0.7886792452830189,0.8267148014440433,0.7587548638132295,0.7133550488599348,0.6895522388059702,0.7683397683397684,0.8084291187739464,0.8174273858921162,0.6454293628808865,0.6747404844290658,0.8241758241758241,0.7701149425287356,0.7562724014336918,0.637883008356546,0.8588235294117647,0.673469387755102,0.7959183673469388,0.8228782287822878,0.7383966244725738,0.7740585774058577,0.7813765182186235,0.725752508361204,0.7347670250896058,0.7665369649805448,0.7762711864406779,0.738831615120275,0.7602996254681648,0.6553846153846153,0.8450184501845018,0.8106995884773662,0.6184615384615385,0.7472118959107806,0.7339055793991416,0.6929460580912863,0.6518218623481782,0.7975708502024291,0.8025751072961373,0.7019607843137254,0.7046153846153846,0.7890909090909091,0.7394636015325671,0.7455830388692579,0.7191489361702128,0.7056603773584905,0.8127659574468085,0.8565737051792829,0.6038338658146964,0.7510729613733905,0.8393574297188755,0.7474402730375427,0.7509433962264151,0.6454293628808865,0.8227848101265823,0.8111587982832618,0.76,0.7647058823529411,0.7098039215686275,0.7061224489795919,0.7509157509157509,0.7921146953405018,0.7509157509157509,0.7975708502024291,0.8232931726907631,0.7551020408163265,0.8423236514522822,0.7377049180327869,0.9012345679012346,0.7849462365591398,0.7450199203187251,0.799163179916318,0.7959183673469388,1.0,0.7254901960784313,0.8513011152416357,0.7682403433476395,0.7457044673539519,0.806949806949807,0.7728937728937729,0.7591973244147158,0.7287066246056783,0.67601246105919,0.719626168224299,0.7689243027888446,0.6756756756756757,0.7361702127659574,0.8576779026217228,0.8506224066390041,0.8723404255319149,0.8113207547169812,0.7710437710437711,0.6504297994269341,0.6802973977695167,0.7805907172995781,0.8174273858921162,0.8893280632411067,0.8007662835249042,0.6923076923076923,0.6923076923076923,0.6676737160120846,0.6454293628808865,0.6431535269709544,0.7716262975778547,0.8454935622317596,0.8285714285714286,0.7821011673151751,0.854251012145749,0.7169230769230769,0.7560975609756098,0.7566539923954373,0.7594501718213058,0.7821011673151751,0.8980392156862745,0.8380566801619433,0.7740585774058577,0.8808510638297873,0.848605577689243,0.7167381974248928,0.8683127572016461,0.7628458498023716,0.7728937728937729,0.8390804597701149,0.8040816326530612,0.806949806949807,0.8672199170124482,0.722007722007722
sub-NORB00001_ses-1_correlation_matrix_avg,0.7931034482758621,0.5426008968609866,0.7111913357400722,0.6634304207119741,0.7034220532319392,0.7204301075268817,0.7974683544303798,0.6949152542372882,0.6216216216216216,0.8540772532188842,0.7354085603112841,0.7682403433476395,0.5734072022160664,0.5631399317406144,0.6678445229681979,0.8242677824267782,0.6872727272727273,0.5830985915492958,0.7707509881422925,0.620253164556962,0.7922077922077922,0.7660377358490567,0.746606334841629,0.6652719665271967,0.7322175732217573,0.7073170731707317,0.7026022304832714,0.6784313725490196,0.711340206185567,0.696113074204947,0.8122448979591836,0.6253968253968254,0.6631578947368421,0.776824034334764,0.6722408026755853,0.8271604938271605,0.726027397260274,0.6681222707423581,0.7130044843049327,0.7061224489795919,0.6909871244635193,0.7510729613733905,0.6448598130841121,0.7718631178707225,0.7051792828685259,0.7397769516728625,0.6651982378854625,0.6837944664031621,0.6736401673640168,0.8106995884773662,0.730909090909091,0.7130044843049327,0.763265306122449,0.6816608996539792,0.7732793522267206,0.5734072022160664,0.8044444444444444,0.76,0.7821011673151751,0.7347670250896058,0.7748917748917749,0.6265560165975104,0.7725490196078432,0.7490774907749077,0.7186311787072244,0.7637130801687764,0.691699604743083,0.8447488584474886,0.6653386454183267,0.696969696969697,0.7233201581027668,0.6797153024911032,0.9162790697674419,0.7797356828193832,0.776824034334764,0.7254901960784313,1.0,0.703971119133574,0.6425531914893617,0.740072202166065,0.7470355731225297,0.6534296028880866,0.7064846416382252,0.6466876971608833,0.6151419558359621,0.6489028213166145,0.8414096916299559,0.8133333333333334,0.7285067873303167,0.7090909090909091,0.7721518987341772,0.7178423236514523,0.7803921568627451,0.7064846416382252,0.6034985422740525,0.7676348547717843,0.8248847926267281,0.7095435684647303,0.7186311787072244,0.7276264591439688,0.7422222222222222,0.8396624472573839,0.6184615384615385,0.5734072022160664,0.7050691244239631,0.658703071672355,0.7797356828193832,0.8111587982832618,0.8382978723404255,0.7211155378486056,0.6269113149847095,0.7132616487455197,0.6833976833976834,0.7173144876325088,0.8701298701298701,0.7026022304832714,0.7188755020080321,0.7379912663755459,0.7405857740585774,0.7450199203187251,0.8067632850241546,0.7759336099585062,0.7573221757322176,0.7414448669201521,0.7665369649805448,0.7552742616033755,0.7470355731225297,0.6627450980392157,0.7573221757322176
sub-NORB00097_ses-1_correlation_matrix_avg,0.8200692041522492,0.5169811320754717,0.9345454545454546,0.8274760383386581,0.8810408921933085,0.901060070671378,0.7859778597785978,0.7383177570093458,0.7744807121661721,0.7818181818181819,0.8736059479553904,0.7735849056603774,0.7340720221606648,0.7142857142857143,0.7845117845117845,0.7833935018050542,0.8062283737024222,0.7270194986072424,0.84,0.6554307116104869,0.7811320754716982,0.8718861209964412,0.6629213483146067,0.7078651685393258,0.7677902621722846,0.8451178451178452,0.7610921501706485,0.8202247191011236,0.8847457627118644,0.823728813559322,0.8122743682310469,0.7220543806646526,0.8536585365853658,0.7416974169741697,0.7169230769230769,0.7864768683274022,0.6452830188679245,0.6356877323420075,0.6236162361623616,0.7695167286245354,0.7056603773584905,0.7195571955719557,0.803076923076923,0.8131487889273357,0.7295373665480427,0.7952218430034129,0.6329588014981273,0.7347670250896058,0.7283018867924528,0.8109090909090909,0.6845425867507886,0.6479400749063671,0.8081180811808119,0.7836065573770492,0.8168498168498168,0.7340720221606648,0.7378277153558053,0.7132075471698113,0.823321554770318,0.8498293515358362,0.7142857142857143,0.6853932584269663,0.8149466192170819,0.8536585365853658,0.8279569892473119,0.7695167286245354,0.8202247191011236,0.7174721189591078,0.7695167286245354,0.8547854785478548,0.850187265917603,0.8596491228070176,0.7216117216117216,0.7303370786516854,0.7677902621722846,0.8513011152416357,0.703971119133574,1.0,0.6754716981132075,0.8430034129692833,0.8315018315018315,0.823321554770318,0.8175895765472313,0.8412698412698413,0.7325227963525835,0.8193146417445483,0.7962264150943397,0.6945454545454546,0.660377358490566,0.8269896193771626,0.8037735849056604,0.7811320754716982,0.7964912280701755,0.7602523659305994,0.7421203438395415,0.7102473498233216,0.7132075471698113,0.7735849056603774,0.8149466192170819,0.8254545454545454,0.6728624535315985,0.7333333333333333,0.7227138643067846,0.7340720221606648,0.6150943396226415,0.8193979933110368,0.7433962264150943,0.7582417582417582,0.7818181818181819,0.8215613382899628,0.8153846153846154,0.8169491525423729,0.7455830388692579,0.8440677966101695,0.7948717948717948,0.9325842696629213,0.8202247191011236,0.7078651685393258,0.7752808988764045,0.8302583025830258,0.630188679245283,0.8066914498141264,0.7769516728624535,0.8763636363636363,0.8618181818181818,0.7752808988764045,0.8050541516245487,0.7655677655677655,0.7509157509157509
sub-NORB00073_ses-1_correlation_matrix_avg,0.6730038022813688,0.5879396984924623,0.6704119850187266,0.5830618892508144,0.7004048582995951,0.6556776556776557,0.6652719665271967,0.5681063122923588,0.5375375375375375,0.6224899598393574,0.7061224489795919,0.7375565610859729,0.49584487534626037,0.6104868913857678,0.6754716981132075,0.7071129707112971,0.6833976833976834,0.4957983193277311,0.7283950617283951,0.6558139534883721,0.6855895196506551,0.660377358490566,0.7129186602870813,0.6894977168949772,0.6286919831223629,0.5661016949152542,0.5985130111524164,0.6460905349794238,0.6040955631399317,0.6200716845878136,0.6313725490196078,0.5172413793103449,0.6704119850187266,0.7625570776255708,0.4984126984126984,0.6573705179282868,0.7073170731707317,0.7438423645320197,0.6619718309859155,0.7972350230414746,0.8029556650246306,0.6593886462882096,0.557632398753894,0.6781609195402298,0.606425702811245,0.6730038022813688,0.6908212560386473,0.6244897959183674,0.8325123152709359,0.7238493723849372,0.4983277591973244,0.7788944723618091,0.7191489361702128,0.6415770609318996,0.659919028340081,0.49584487534626037,0.7746478873239436,0.7951219512195122,0.6104868913857678,0.6227758007117438,0.6828193832599119,0.7251184834123223,0.6121673003802282,0.6457564575645757,0.6,0.6883116883116883,0.7467248908296943,0.7013574660633484,0.7180616740088106,0.5813953488372093,0.7662337662337663,0.6263736263736264,0.6623376623376623,0.7652582159624414,0.7155555555555555,0.7682403433476395,0.6425531914893617,0.6754716981132075,1.0,0.5929824561403508,0.7178423236514523,0.6226415094339622,0.6,0.5682539682539682,0.5562700964630225,0.5611285266457681,0.6455696202531646,0.5899581589958159,0.7101449275362319,0.6806083650190115,0.7899543378995434,0.84688995215311,0.6837944664031621,0.6109215017064846,0.5043227665706052,0.6244897959183674,0.7276995305164319,0.7534246575342466,0.7306122448979592,0.6979591836734694,0.6322869955156951,0.6254980079681275,0.5323076923076923,0.49584487534626037,0.5616438356164384,0.6415770609318996,0.7652582159624414,0.6909871244635193,0.6489795918367347,0.7641921397379913,0.5507692307692308,0.6363636363636364,0.7071129707112971,0.6183745583038869,0.6763485477178424,0.7131474103585658,0.7467248908296943,0.7535545023696683,0.8215962441314554,0.7446808510638298,0.6878048780487804,0.6877637130801688,0.6540084388185654,0.6104868913857678,0.6972111553784861,0.6943231441048034,0.7322175732217573,0.7918552036199095,0.6265560165975104
sub-NORB00075_ses-3_correlation_matrix_avg,0.8169491525423729,0.4767025089605735,0.8625429553264605,0.8359621451104101,0.7854671280276817,0.8831615120274914,0.7963636363636364,0.7694704049844237,0.7935103244837758,0.7793594306049823,0.7785467128027682,0.7204301075268817,0.7617728531855956,0.6698412698412698,0.7142857142857143,0.7809187279151943,0.7792642140468228,0.7746478873239436,0.8105263157894737,0.6200716845878136,0.740072202166065,0.8047138047138047,0.6156583629893239,0.6702508960573477,0.740072202166065,0.8662207357859532,0.7710437710437711,0.7777777777777778,0.9057239057239057,0.8085808580858086,0.8351254480286738,0.7737003058103975,0.7770491803278688,0.740072202166065,0.780564263322884,0.8091872791519434,0.6101083032490975,0.6129032258064516,0.6245487364620939,0.7173144876325088,0.6325088339222615,0.7184115523465704,0.8115501519756839,0.8101694915254237,0.7044673539518901,0.8293515358361775,0.5985663082437276,0.7455830388692579,0.6537102473498233,0.7824561403508772,0.7719869706840391,0.6245487364620939,0.7667844522968198,0.7813504823151125,0.7630662020905923,0.7617728531855956,0.6868327402135231,0.6512455516014235,0.8456140350877193,0.8839590443686007,0.6890459363957597,0.6370106761565836,0.8245614035087719,0.8625429553264605,0.7993079584775087,0.7295373665480427,0.7777777777777778,0.6917562724014337,0.6816608996539792,0.9003322259136213,0.7560975609756098,0.8181818181818182,0.7328519855595668,0.703971119133574,0.7153024911032029,0.7457044673539519,0.740072202166065,0.8430034129692833,0.5929824561403508,1.0,0.7647058823529411,0.8200692041522492,0.8263665594855305,0.8153846153846154,0.7846153846153846,0.8390092879256966,0.7419354838709677,0.6819787985865724,0.6363636363636364,0.7873754152823921,0.712280701754386,0.6912280701754386,0.7938144329896907,0.7917981072555205,0.7809798270893372,0.697594501718213,0.6872727272727273,0.696113074204947,0.7508417508417509,0.7839721254355401,0.6487455197132617,0.7684210526315789,0.7626112759643917,0.7617728531855956,0.5927272727272728,0.8045602605863192,0.6797153024911032,0.7192982456140351,0.7793594306049823,0.7301038062283737,0.8237082066869301,0.7901639344262295,0.7084745762711865,0.8528428093645485,0.7921146953405018,0.8075601374570447,0.7526501766784452,0.6823104693140795,0.6982456140350877,0.7508650519031141,0.6072727272727273,0.7651245551601423,0.7617328519855595,0.8456140350877193,0.818815331010453,0.7472924187725631,0.7647058823529411,0.6907216494845361,0.7491039426523297
sub-NORB00087_ses-2_correlation_matrix_avg,0.8036363636363636,0.4939759036144578,0.8388278388278388,0.7654723127035831,0.8666666666666667,0.8078291814946619,0.7803921568627451,0.7311475409836066,0.7057057057057057,0.7490494296577946,0.8022813688212928,0.7529880478087649,0.6509695290858726,0.7419354838709677,0.7667844522968198,0.83399209486166,0.8021978021978022,0.6619718309859155,0.7962264150943397,0.7095435684647303,0.7333333333333333,0.7906137184115524,0.7322175732217573,0.6837944664031621,0.6934865900383141,0.7679180887372014,0.7419354838709677,0.7338403041825095,0.8075601374570447,0.7577854671280276,0.7546468401486989,0.7034700315457413,0.773851590106007,0.8493723849372385,0.6656151419558359,0.7811320754716982,0.7130801687763713,0.6872427983539094,0.7012448132780082,0.7628458498023716,0.7805907172995781,0.6964980544747081,0.7320872274143302,0.8228782287822878,0.6462093862815884,0.8438661710037175,0.6707818930041153,0.700374531835206,0.7613168724279835,0.8210116731517509,0.6633663366336634,0.673469387755102,0.7898832684824902,0.7306397306397306,0.841897233201581,0.6509695290858726,0.8312236286919831,0.7740585774058577,0.7545126353790613,0.7964912280701755,0.7312252964426877,0.6867469879518072,0.797752808988764,0.7864768683274022,0.797752808988764,0.7490196078431373,0.8167330677290837,0.7489878542510121,0.7088122605363985,0.7912457912457912,0.7915057915057915,0.8050541516245487,0.7254901960784313,0.7925311203319502,0.8808510638297873,0.806949806949807,0.7470355731225297,0.8315018315018315,0.7178423236514523,0.7647058823529411,1.0,0.7802197802197802,0.7198697068403909,0.7350157728706624,0.6718266253869969,0.7366771159874608,0.7490196078431373,0.6833976833976834,0.7154811715481172,0.8109090909090909,0.8744769874476988,0.8040816326530612,0.7655677655677655,0.7311475409836066,0.6657060518731989,0.8087649402390438,0.8042553191489362,0.7120622568093385,0.8113207547169812,0.8509803921568627,0.6470588235294118,0.7378277153558053,0.6636636636636637,0.6509695290858726,0.5983935742971888,0.7663230240549829,0.8075313807531381,0.7509727626459144,0.7358490566037735,0.803921568627451,0.7230769230769231,0.738831615120275,0.7121771217712177,0.7785467128027682,0.7624521072796935,0.8066914498141264,0.7471264367816092,0.7676348547717843,0.8423236514522822,0.8132295719844358,0.7106382978723405,0.77431906614786,0.7431906614785992,0.7933579335793358,0.7785977859778598,0.7411764705882353,0.8725099601593626,0.7725490196078432,0.6531365313653137
sub-NORB00084_ses-2_correlation_matrix_avg,0.735593220338983,0.545816733067729,0.8303886925795053,0.7942122186495176,0.776173285198556,0.8257839721254355,0.7602996254681648,0.726984126984127,0.7227138643067846,0.7184115523465704,0.7314487632508834,0.6951672862453532,0.6952908587257618,0.7133105802047781,0.7491525423728813,0.7454545454545455,0.7824561403508772,0.6974789915966386,0.8154981549815498,0.6653696498054474,0.7026022304832714,0.735593220338983,0.6226415094339622,0.7609561752988048,0.7283018867924528,0.7859531772575251,0.7370242214532872,0.7811320754716982,0.8127090301003345,0.7762711864406779,0.7745454545454545,0.7213622291021672,0.7923875432525952,0.7414448669201521,0.6842105263157895,0.7491039426523297,0.6168582375478927,0.6575875486381323,0.6837944664031621,0.7303370786516854,0.6282527881040892,0.6928838951310862,0.7386018237082067,0.7525773195876289,0.6445993031358885,0.735593220338983,0.6045627376425855,0.7216117216117216,0.7011494252873564,0.7859778597785978,0.6613418530351438,0.632183908045977,0.7564575645756457,0.760797342192691,0.740072202166065,0.6952908587257618,0.6981132075471698,0.660377358490566,0.7614035087719299,0.8144329896907216,0.6389891696750902,0.7098039215686275,0.7906137184115524,0.8048780487804879,0.8302583025830258,0.7047970479704797,0.8084291187739464,0.6531365313653137,0.7047970479704797,0.7967213114754098,0.7582417582417582,0.8105263157894737,0.6703296703296703,0.690566037735849,0.7414448669201521,0.7728937728937729,0.6534296028880866,0.823321554770318,0.6226415094339622,0.8200692041522492,0.7802197802197802,1.0,0.726984126984127,0.7523219814241486,0.7003058103975535,0.7647058823529411,0.6923076923076923,0.5971731448763251,0.6447876447876448,0.7785467128027682,0.6996336996336996,0.7026022304832714,0.735191637630662,0.7380191693290735,0.7118155619596542,0.6845878136200717,0.660377358490566,0.6703296703296703,0.8036363636363636,0.8007380073800738,0.620817843866171,0.6842105263157895,0.6814159292035398,0.6952908587257618,0.5741444866920152,0.8213058419243986,0.7034220532319392,0.7453183520599251,0.7184115523465704,0.730909090909091,0.7614678899082569,0.7575757575757576,0.6842105263157895,0.7491749174917491,0.7060931899641577,0.8122743682310469,0.7289377289377289,0.6934865900383141,0.7100371747211895,0.740072202166065,0.5893536121673004,0.7811320754716982,0.7378277153558053,0.7992831541218638,0.7849462365591398,0.7358490566037735,0.7802197802197802,0.7269372693726938,0.6630824372759857
sub-NORB00006_ses-1_correlation_matrix_avg,0.8653198653198653,0.4576271186440678,0.8006430868167203,0.8018018018018018,0.7170418006430869,0.8436482084690554,0.6786885245901639,0.7084548104956269,0.8144927536231884,0.7559322033898305,0.7792642140468228,0.688135593220339,0.8116343490304709,0.6047197640117994,0.7275541795665634,0.7227722772277227,0.7241379310344828,0.8050139275766016,0.8101694915254237,0.5409836065573771,0.6949152542372882,0.8779661016949153,0.5892255892255892,0.6296296296296297,0.6835016835016835,0.794392523364486,0.7053291536050157,0.6634304207119741,0.889967637540453,0.7968253968253968,0.7725752508361204,0.7434402332361516,0.8006430868167203,0.6611295681063123,0.8142414860681114,0.7377049180327869,0.5728813559322034,0.5445544554455446,0.5445544554455446,0.6524590163934426,0.6271186440677966,0.6303630363036303,0.8438438438438438,0.8461538461538461,0.7542662116040956,0.8163934426229508,0.5728813559322034,0.6677524429967426,0.6474576271186441,0.7830508474576271,0.7186544342507645,0.5864406779661017,0.7679180887372014,0.7177177177177178,0.6634920634920635,0.8116343490304709,0.6565656565656566,0.6338983050847458,0.8193979933110368,0.8566775244299675,0.6588628762541806,0.5570032573289903,0.729903536977492,0.8604651162790697,0.6971608832807571,0.68561872909699,0.6852459016393443,0.6498316498316499,0.696969696969697,0.873015873015873,0.7694915254237288,0.7383177570093458,0.6996587030716723,0.6387959866220736,0.6501650165016502,0.7591973244147158,0.7064846416382252,0.8175895765472313,0.6,0.8263665594855305,0.7198697068403909,0.726984126984127,1.0,0.8593272171253823,0.8287461773700305,0.826865671641791,0.7201365187713311,0.6745762711864407,0.5972696245733788,0.8229508196721311,0.7152542372881356,0.6835016835016835,0.8305084745762712,0.7920489296636085,0.8223495702005731,0.6151419558359621,0.6450511945392492,0.6996587030716723,0.7873754152823921,0.7263843648208469,0.6313993174061433,0.7694915254237288,0.7947214076246334,0.8116343490304709,0.5563139931740614,0.7492354740061162,0.6610169491525424,0.7104377104377104,0.7559322033898305,0.7095709570957096,0.8230088495575221,0.7904761904761904,0.6466876971608833,0.8631921824104235,0.7559322033898305,0.7836065573770492,0.7423728813559322,0.6079734219269103,0.7016949152542373,0.7643097643097643,0.5699658703071673,0.7306397306397306,0.6482084690553745,0.7605177993527508,0.8181818181818182,0.6789297658862876,0.7311475409836066,0.6721311475409836,0.726962457337884
sub-NORB00033_ses-1_correlation_matrix_avg,0.7832817337461301,0.43492063492063493,0.8476190476190476,0.8678678678678678,0.765079365079365,0.8092307692307692,0.6845425867507886,0.7725947521865889,0.8567335243553008,0.7034700315457413,0.7587301587301587,0.6507936507936508,0.8725761772853186,0.6795252225519288,0.7313432835820896,0.7160883280757098,0.76,0.8662952646239555,0.7539432176656151,0.5619047619047619,0.6571428571428571,0.8056426332288401,0.5682539682539682,0.6063492063492063,0.6571428571428571,0.8746081504702194,0.7632398753894081,0.7015873015873015,0.8761609907120743,0.8092307692307692,0.7413249211356467,0.8181818181818182,0.7798165137614679,0.6466876971608833,0.8258258258258259,0.7304075235109718,0.5428571428571428,0.5457413249211357,0.5555555555555556,0.6698412698412698,0.5936507936507937,0.638095238095238,0.8985074626865671,0.7770897832817337,0.7015873015873015,0.7723076923076924,0.5428571428571428,0.6952380952380952,0.6126984126984127,0.7287066246056783,0.7432835820895523,0.5555555555555556,0.6927899686520376,0.7837837837837838,0.7009345794392523,0.8725761772853186,0.6317460317460317,0.6,0.7854889589905363,0.8215384615384616,0.6444444444444445,0.5873015873015873,0.7445482866043613,0.8130841121495327,0.7665615141955836,0.6698412698412698,0.7015873015873015,0.6253968253968254,0.6593059936908517,0.8830769230769231,0.726984126984127,0.8181818181818182,0.6507936507936508,0.6253968253968254,0.6571428571428571,0.7287066246056783,0.6466876971608833,0.8412698412698413,0.5682539682539682,0.8153846153846154,0.7350157728706624,0.7523219814241486,0.8593272171253823,1.0,0.8289085545722714,0.8925373134328358,0.6698412698412698,0.638095238095238,0.5555555555555556,0.7462235649546828,0.6761904761904762,0.6571428571428571,0.7507788161993769,0.7725947521865889,0.8853868194842407,0.6739811912225705,0.6,0.6507936507936508,0.7337461300309598,0.719626168224299,0.5772870662460567,0.6947040498442367,0.8376811594202899,0.8725761772853186,0.5174603174603175,0.8390092879256966,0.6253968253968254,0.6719242902208202,0.7142857142857143,0.7142857142857143,0.8443804034582133,0.8255451713395638,0.6636085626911316,0.8504672897196262,0.7142857142857143,0.7968253968253968,0.7015873015873015,0.6063492063492063,0.6529968454258676,0.722397476340694,0.5301587301587302,0.7015873015873015,0.6761904761904762,0.7968253968253968,0.7841269841269841,0.6634920634920635,0.7133956386292835,0.6782334384858044,0.6761904761904762
sub-NORB00032_ses-1_correlation_matrix_avg,0.7415384615384616,0.41214057507987223,0.7492354740061162,0.7739130434782608,0.6904024767801857,0.7675840978593272,0.684887459807074,0.6565096952908587,0.8386167146974063,0.6719242902208202,0.6947040498442367,0.6721311475409836,0.8448753462603878,0.5931232091690545,0.6814159292035398,0.6635514018691588,0.7186544342507645,0.8384401114206128,0.722397476340694,0.5498392282958199,0.6151419558359621,0.7415384615384616,0.5663430420711975,0.5846645367412141,0.6357827476038339,0.7764350453172205,0.7213622291021672,0.6913183279742765,0.8226299694189603,0.8233438485804416,0.6990595611285266,0.7681159420289855,0.7492354740061162,0.6463022508038585,0.7640117994100295,0.7097791798107256,0.540453074433657,0.5434083601286174,0.5434083601286174,0.6485623003194888,0.5922330097087378,0.6270096463022508,0.857566765578635,0.7353846153846154,0.7022653721682848,0.7415384615384616,0.540453074433657,0.684887459807074,0.6012861736334405,0.6656346749226006,0.7553516819571865,0.5434083601286174,0.6825396825396826,0.7329376854599406,0.6492307692307693,0.8448753462603878,0.6310679611650486,0.6091205211726385,0.7320872274143302,0.7689969604863222,0.6126984126984127,0.5654952076677316,0.7241379310344828,0.804416403785489,0.6923076923076923,0.6699029126213593,0.6913183279742765,0.6038338658146964,0.6591639871382636,0.8409785932721713,0.7060702875399361,0.7014925373134329,0.6190476190476191,0.6245954692556634,0.6151419558359621,0.67601246105919,0.6151419558359621,0.7325227963525835,0.5562700964630225,0.7846153846153846,0.6718266253869969,0.7003058103975535,0.8287461773700305,0.8289085545722714,1.0,0.8192419825072886,0.6074766355140186,0.5862068965517241,0.5737704918032787,0.6955223880597015,0.6238244514106583,0.6463022508038585,0.7304075235109718,0.7434402332361516,0.8674351585014409,0.6024464831804281,0.5583596214511041,0.639871382636656,0.7027863777089783,0.7206349206349206,0.5960912052117264,0.6739811912225705,0.8299120234604106,0.8448753462603878,0.5244299674267101,0.7537537537537538,0.6245954692556634,0.6300940438871473,0.6932907348242812,0.7152103559870551,0.8155619596541787,0.7614678899082569,0.7281553398058253,0.796923076923077,0.6719242902208202,0.7320872274143302,0.7022653721682848,0.594855305466238,0.6421725239616614,0.7346278317152104,0.5275080906148867,0.6698412698412698,0.6872964169381107,0.7320872274143302,0.7304075235109718,0.6634304207119741,0.6718266253869969,0.6466876971608833,0.6655948553054662
sub-NORB00091_ses-1_correlation_matrix_avg,0.8068535825545171,0.42946708463949845,0.8369905956112853,0.9027355623100304,0.7554858934169278,0.8557993730407524,0.6865203761755486,0.8160237388724035,0.9120234604105572,0.7053291536050157,0.7492163009404389,0.6426332288401254,0.8836565096952909,0.7014925373134329,0.7126099706744868,0.7178683385579937,0.794392523364486,0.8774373259052924,0.7554858934169278,0.554858934169279,0.6489028213166145,0.7956656346749226,0.5514018691588785,0.5987460815047022,0.6386292834890965,0.8753894080996885,0.7325227963525835,0.6927899686520376,0.9003115264797508,0.8442367601246106,0.7429467084639498,0.8738738738738738,0.7920489296636085,0.6489028213166145,0.826865671641791,0.7429467084639498,0.5360501567398119,0.5389408099688473,0.54858934169279,0.6614420062695925,0.5862068965517241,0.6300940438871473,0.9219219219219219,0.8119122257053292,0.6718266253869969,0.8181818181818182,0.5360501567398119,0.6865203761755486,0.6050156739811913,0.7304075235109718,0.7981651376146789,0.54858934169279,0.7053291536050157,0.7850746268656716,0.7133956386292835,0.8836565096952909,0.6238244514106583,0.5924764890282131,0.7757009345794392,0.8683385579937304,0.6363636363636364,0.5799373040752351,0.768025078369906,0.8255451713395638,0.7570093457943925,0.6510903426791277,0.6927899686520376,0.6175548589341693,0.6510903426791277,0.9190031152647975,0.7178683385579937,0.796923076923077,0.6426332288401254,0.6175548589341693,0.6489028213166145,0.719626168224299,0.6489028213166145,0.8193146417445483,0.5611285266457681,0.8390092879256966,0.7366771159874608,0.7647058823529411,0.826865671641791,0.8925373134328358,0.8192419825072886,1.0,0.6614420062695925,0.6300940438871473,0.54858934169279,0.7907692307692308,0.6677115987460815,0.6489028213166145,0.774294670846395,0.8160237388724035,0.9077809798270894,0.6865203761755486,0.5924764890282131,0.6426332288401254,0.7570093457943925,0.7320872274143302,0.5603715170278638,0.7178683385579937,0.8492753623188406,0.8836565096952909,0.5109717868338558,0.8287461773700305,0.6175548589341693,0.6635514018691588,0.6947040498442367,0.7053291536050157,0.8775510204081632,0.7933130699088146,0.6758409785932722,0.8513931888544891,0.7053291536050157,0.786833855799373,0.6927899686520376,0.5987460815047022,0.6551724137931034,0.7241379310344828,0.5235109717868338,0.6927899686520376,0.6677115987460815,0.7647058823529411,0.774294670846395,0.6551724137931034,0.7258566978193146,0.6697819314641744,0.6470588235294118
sub-NORB00082_ses-1_correlation_matrix_avg,0.7546468401486989,0.5466666666666666,0.7769516728624535,0.6872964169381107,0.7725490196078432,0.76,0.8143459915611815,0.68561872909699,0.6336336336336337,0.8553191489361702,0.8367346938775511,0.8325991189427313,0.5844875346260388,0.5767918088737202,0.6819787985865724,0.7813765182186235,0.7018181818181818,0.5943661971830986,0.7725490196078432,0.6099585062240664,0.8914027149321267,0.7946768060836502,0.7030567685589519,0.7253218884120172,0.7787234042553192,0.7455830388692579,0.7433962264150943,0.7349397590361446,0.7250859106529209,0.7102473498233216,0.8589211618257261,0.6175548589341693,0.7381818181818182,0.7637130801687764,0.68561872909699,0.7991967871485943,0.7130044843049327,0.670995670995671,0.670995670995671,0.7510373443983402,0.679324894514768,0.7383966244725738,0.6573208722741433,0.7602996254681648,0.763265306122449,0.7163636363636363,0.6681222707423581,0.6602316602316602,0.7046413502109705,0.7975708502024291,0.7454545454545455,0.7155555555555555,0.7942386831275721,0.6498316498316499,0.7894736842105263,0.5844875346260388,0.7903930131004366,0.7937219730941704,0.7976653696498055,0.7366548042704626,0.7922077922077922,0.6296296296296297,0.8167330677290837,0.7381818181818182,0.7606177606177607,0.8111587982832618,0.7489878542510121,0.7816593886462883,0.7366255144032922,0.7104377104377104,0.8106995884773662,0.7184115523465704,0.8488888888888889,0.7973568281938326,0.7637130801687764,0.7689243027888446,0.8414096916299559,0.7962264150943397,0.6455696202531646,0.7419354838709677,0.7490196078431373,0.6923076923076923,0.7201365187713311,0.6698412698412698,0.6074766355140186,0.6614420062695925,1.0,0.8311111111111111,0.7788018433179723,0.7362637362637363,0.7890295358649789,0.7344398340248963,0.7683397683397684,0.6744186046511628,0.6151603498542274,0.7408906882591093,0.7937219730941704,0.7702127659574468,0.7338403041825095,0.7848605577689243,0.8082191780821918,0.8565400843881856,0.6307692307692307,0.5844875346260388,0.7077625570776256,0.6387959866220736,0.7662337662337663,0.7974683544303798,0.8553191489361702,0.751004016064257,0.6492307692307693,0.7153024911032029,0.7391304347826086,0.7562724014336918,0.8874458874458875,0.7837837837837838,0.7777777777777778,0.7402597402597403,0.7427385892116183,0.7894736842105263,0.7746478873239436,0.8227848101265823,0.8042553191489362,0.7837837837837838,0.796078431372549,0.8025751072961373,0.7088122605363985,0.691699604743083,0.8354978354978355
sub-NORB00043_ses-1_correlation_matrix_avg,0.7303370786516854,0.4889867841409692,0.6895306859205776,0.6230031948881789,0.6934865900383141,0.6749116607773852,0.7004048582995951,0.6411960132890365,0.6036036036036037,0.7974683544303798,0.7529880478087649,0.7276595744680852,0.556786703601108,0.5016611295681063,0.6124567474048442,0.7551020408163265,0.6534296028880866,0.5661971830985916,0.7065637065637066,0.5815899581589958,0.7816593886462883,0.7433962264150943,0.6888888888888889,0.6401673640167364,0.6653061224489796,0.7102473498233216,0.6556776556776557,0.6293436293436293,0.6907216494845361,0.6749116607773852,0.7590361445783133,0.6063492063492063,0.6421052631578947,0.6929460580912863,0.6521739130434783,0.7877551020408163,0.6681614349775785,0.6137339055793991,0.6419213973799127,0.6816326530612244,0.6371308016877637,0.6962025316455697,0.6160990712074303,0.7358490566037735,0.7366255144032922,0.7174721189591078,0.6387665198237885,0.7004048582995951,0.6624472573839663,0.7429718875502008,0.7090909090909091,0.6860986547085202,0.6972111553784861,0.6271186440677966,0.7211155378486056,0.556786703601108,0.7316017316017316,0.7180616740088106,0.7725490196078432,0.7132616487455197,0.8280542986425339,0.588477366255144,0.7354085603112841,0.6895306859205776,0.6579925650557621,0.7095435684647303,0.6679841897233202,0.7847533632286996,0.6546184738955824,0.6767676767676768,0.7131474103585658,0.6823104693140795,0.820627802690583,0.7379912663755459,0.7071129707112971,0.6756756756756757,0.8133333333333334,0.6945454545454546,0.5899581589958159,0.6819787985865724,0.6833976833976834,0.5971731448763251,0.6745762711864407,0.638095238095238,0.5862068965517241,0.6300940438871473,0.8311111111111111,1.0,0.6860986547085202,0.6750902527075813,0.7037037037037037,0.6790123456790124,0.7431906614785992,0.6521739130434783,0.5860058309037901,0.7142857142857143,0.7488789237668162,0.6707818930041153,0.6704119850187266,0.6781609195402298,0.7155555555555555,0.8454935622317596,0.6099071207430341,0.556786703601108,0.6177777777777778,0.6271186440677966,0.7081545064377682,0.7854077253218884,0.7824267782426778,0.6705882352941176,0.6184615384615385,0.6917562724014337,0.6475095785440613,0.7204301075268817,0.8441558441558441,0.6928838951310862,0.6549019607843137,0.6680851063829787,0.673469387755102,0.6809338521400778,0.7276995305164319,0.7366255144032922,0.7178423236514523,0.7056603773584905,0.7568627450980392,0.7012448132780082,0.6577946768060836,0.6264591439688716,0.7617021276595745
sub-NORB00080_ses-2_correlation_matrix_avg,0.6577946768060836,0.616580310880829,0.6554307116104869,0.5700325732899023,0.7261410788381742,0.6410256410256411,0.7828054298642534,0.5757575757575758,0.5255255255255256,0.7316017316017316,0.7037037037037037,0.8181818181818182,0.48476454293628807,0.5836431226765799,0.6479400749063671,0.7489177489177489,0.667953667953668,0.49295774647887325,0.7261410788381742,0.7170731707317073,0.7603686635944701,0.6452830188679245,0.7611940298507462,0.7853658536585366,0.7442922374429224,0.6070175438596491,0.6447876447876448,0.7444933920704846,0.6013745704467354,0.6173285198555957,0.7095435684647303,0.5533980582524272,0.6554307116104869,0.8277511961722488,0.5445544554455446,0.7095435684647303,0.8306878306878307,0.7948717948717948,0.7241379310344828,0.746606334841629,0.7832512315270936,0.7168949771689498,0.5451713395638629,0.6756756756756757,0.6995708154506438,0.6577946768060836,0.7044334975369458,0.676595744680851,0.7777777777777778,0.7510729613733905,0.5913978494623656,0.7241379310344828,0.7167381974248928,0.6272401433691757,0.7130801687763713,0.48476454293628807,0.824390243902439,0.8666666666666667,0.6575875486381323,0.631768953068592,0.7581395348837209,0.7061611374407583,0.6733067729083665,0.6554307116104869,0.6733067729083665,0.7625570776255708,0.7757847533632287,0.7630331753554502,0.7309417040358744,0.5892255892255892,0.7641921397379913,0.660377358490566,0.7511520737327189,0.8146341463414634,0.7934272300469484,0.7361702127659574,0.7285067873303167,0.660377358490566,0.7101449275362319,0.6363636363636364,0.7154811715481172,0.6447876447876448,0.5972696245733788,0.5555555555555556,0.5737704918032787,0.54858934169279,0.7788018433179723,0.6860986547085202,1.0,0.6653992395437263,0.8046511627906977,0.7934272300469484,0.6679841897233202,0.5864406779661017,0.5102040816326531,0.6624472573839663,0.7931034482758621,0.7194570135746606,0.7142857142857143,0.7383966244725738,0.7560975609756098,0.7191489361702128,0.5389408099688473,0.48476454293628807,0.7157360406091371,0.6042402826855123,0.8325123152709359,0.7333333333333333,0.762114537444934,0.7316017316017316,0.5384615384615384,0.6457564575645757,0.7191489361702128,0.6272401433691757,0.762114537444934,0.6972111553784861,0.7918552036199095,0.8391959798994975,0.8199052132701422,0.7575757575757576,0.772020725388601,0.76,0.755656108597285,0.6705882352941176,0.708502024291498,0.786046511627907,0.7154811715481172,0.757847533632287,0.7399103139013453
sub-NORB00081_ses-2_correlation_matrix_avg,0.8515901060070671,0.5094339622641509,0.7845117845117845,0.8566775244299675,0.7935943060498221,0.8807017543859649,0.7153024911032029,0.7539432176656151,0.7581120943952803,0.7366548042704626,0.7864768683274022,0.7142857142857143,0.7285318559556787,0.6742671009771987,0.8144329896907216,0.776173285198556,0.7993079584775087,0.7214484679665738,0.8327272727272728,0.6,0.7216117216117216,0.8131487889273357,0.6554307116104869,0.700374531835206,0.6845878136200717,0.744408945686901,0.707641196013289,0.6747404844290658,0.8283828382838284,0.7807308970099668,0.7421602787456446,0.7370030581039755,0.872791519434629,0.7472118959107806,0.6797583081570997,0.7667844522968198,0.6501901140684411,0.6404494382022472,0.5927272727272728,0.7362637362637363,0.7110266159695817,0.6512455516014235,0.7750759878419453,0.8576512455516014,0.6747404844290658,0.8385964912280702,0.6377358490566037,0.6563573883161512,0.7338403041825095,0.8576779026217228,0.6782334384858044,0.6653992395437263,0.7875457875457875,0.7540453074433657,0.7333333333333333,0.7285318559556787,0.7303370786516854,0.7186311787072244,0.7423728813559322,0.8556701030927835,0.6945454545454546,0.6290909090909091,0.7700348432055749,0.7845117845117845,0.7220338983050848,0.6989247311827957,0.7472924187725631,0.6974169741697417,0.7490774907749077,0.8122977346278317,0.8154981549815498,0.8144329896907216,0.6895306859205776,0.7228464419475655,0.7343173431734318,0.8576779026217228,0.7090909090909091,0.8269896193771626,0.6806083650190115,0.7873754152823921,0.8109090909090909,0.7785467128027682,0.8229508196721311,0.7462235649546828,0.6955223880597015,0.7907692307692308,0.7362637362637363,0.6750902527075813,0.6653992395437263,1.0,0.8098859315589354,0.7735849056603774,0.8279569892473119,0.834983498349835,0.7363896848137536,0.6912280701754386,0.7186311787072244,0.7142857142857143,0.9169811320754717,0.7921146953405018,0.6057347670250897,0.7634408602150538,0.7373134328358208,0.7285318559556787,0.5604395604395604,0.8006644518272426,0.7490494296577946,0.7638376383763837,0.7243816254416962,0.7366548042704626,0.7981651376146789,0.7740863787375415,0.6791808873720137,0.8006644518272426,0.7617328519855595,0.8291814946619217,0.7347670250896058,0.6877323420074349,0.7946768060836502,0.7706093189964157,0.6349809885931559,0.7859778597785978,0.6819787985865724,0.7542662116040956,0.8021201413427562,0.703971119133574,0.8241758241758241,0.7712177121771218,0.6585365853658537
sub-NORB00065_ses-1_correlation_matrix_avg,0.8160919540229885,0.5283842794759825,0.797752808988764,0.6938110749185668,0.8683127572016461,0.7672727272727272,0.7777777777777778,0.6810631229235881,0.6396396396396397,0.7312252964426877,0.8448979591836735,0.8095238095238095,0.590027700831025,0.6872727272727273,0.7638376383763837,0.8040816326530612,0.7472118959107806,0.5910364145658263,0.8380566801619433,0.6738197424892703,0.7721518987341772,0.8022813688212928,0.757847533632287,0.7489177489177489,0.7004048582995951,0.6813559322033899,0.6750902527075813,0.7154150197628458,0.7319587628865979,0.7173144876325088,0.7374517374517374,0.6238244514106583,0.7454545454545455,0.834061135371179,0.6166134185303515,0.7509727626459144,0.7534246575342466,0.7092511013215859,0.6796536796536796,0.7593360995850622,0.8433179723502304,0.689795918367347,0.6635514018691588,0.8223938223938224,0.688715953307393,0.8022813688212928,0.7066666666666667,0.6809338521400778,0.820627802690583,0.8506224066390041,0.6120401337792643,0.7092511013215859,0.7877551020408163,0.7142857142857143,0.7975708502024291,0.590027700831025,0.8642533936651584,0.8356164383561644,0.724907063197026,0.7437722419928826,0.7552742616033755,0.6652719665271967,0.7283018867924528,0.7582417582417582,0.7283018867924528,0.7448559670781894,0.8008298755186722,0.8061674008810573,0.7740585774058577,0.705685618729097,0.8340248962655602,0.7509157509157509,0.7489539748953975,0.7903930131004366,0.8502202643171806,0.8506224066390041,0.7721518987341772,0.8037735849056604,0.7899543378995434,0.712280701754386,0.8744769874476988,0.6996336996336996,0.7152542372881356,0.6761904761904762,0.6238244514106583,0.6677115987460815,0.7890295358649789,0.7037037037037037,0.8046511627906977,0.8098859315589354,1.0,0.8666666666666667,0.803921568627451,0.726962457337884,0.6115942028985507,0.7349397590361446,0.8356164383561644,0.7637130801687764,0.8102766798418972,0.8367346938775511,0.7081545064377682,0.7609561752988048,0.6072507552870091,0.590027700831025,0.6277056277056277,0.7024221453287197,0.8385650224215246,0.7759336099585062,0.7590361445783133,0.8174273858921162,0.6553846153846153,0.7347670250896058,0.7333333333333333,0.7508896797153025,0.8024691358024691,0.7915057915057915,0.8158995815899581,0.7955555555555556,0.8923766816143498,0.8423236514522822,0.7511520737327189,0.7860082304526749,0.7246963562753036,0.724907063197026,0.7898832684824902,0.7510373443983402,0.8589211618257261,0.8297872340425532,0.6972111553784861
sub-NORB00071_ses-1_correlation_matrix_avg,0.779467680608365,0.5707762557077626,0.7620817843866171,0.6742671009771987,0.7991967871485943,0.7582417582417582,0.7530864197530864,0.6501650165016502,0.6216216216216216,0.7075098814229249,0.7768924302788844,0.8149779735682819,0.5734072022160664,0.6654545454545454,0.7811320754716982,0.8091286307053942,0.7642585551330798,0.5654596100278552,0.8436213991769548,0.7066666666666667,0.776824034334764,0.7660377358490567,0.812206572769953,0.7533039647577092,0.7322175732217573,0.6610169491525424,0.6776556776556777,0.746938775510204,0.6996587030716723,0.7204301075268817,0.7142857142857143,0.6050156739811913,0.7752808988764045,0.8733031674208145,0.5772870662460567,0.7549407114624506,0.7914691943127962,0.7285067873303167,0.6977777777777778,0.8253275109170306,0.9033816425120773,0.7215189873417721,0.6448598130841121,0.7453183520599251,0.7051792828685259,0.7660377358490567,0.7581395348837209,0.7246963562753036,0.8779342723004695,0.8257261410788381,0.570957095709571,0.7767441860465116,0.8075313807531381,0.7295373665480427,0.7590361445783133,0.5734072022160664,0.8538812785388128,0.8767772511848341,0.6900369003690037,0.7102473498233216,0.7748917748917749,0.7268722466960352,0.7056603773584905,0.7490774907749077,0.6802973977695167,0.7637130801687764,0.868995633187773,0.7797356828193832,0.8095238095238095,0.68561872909699,0.8874458874458875,0.7289377289377289,0.7531914893617021,0.8280542986425339,0.8078602620087336,0.8723404255319149,0.7178423236514523,0.7811320754716982,0.84688995215311,0.6912280701754386,0.8040816326530612,0.7026022304832714,0.6835016835016835,0.6571428571428571,0.6463022508038585,0.6489028213166145,0.7344398340248963,0.6790123456790124,0.7934272300469484,0.7735849056603774,0.8666666666666667,1.0,0.7665369649805448,0.7064846416382252,0.5850144092219021,0.7108433734939759,0.8082191780821918,0.8475336322869955,0.8299595141700404,0.7975708502024291,0.7117903930131004,0.6833976833976834,0.628482972136223,0.5734072022160664,0.6444444444444445,0.7173144876325088,0.8790697674418605,0.7957446808510639,0.763265306122449,0.8540772532188842,0.6369230769230769,0.7256317689530686,0.7651821862348178,0.7173144876325088,0.763265306122449,0.8247011952191236,0.8369098712446352,0.817351598173516,0.8995433789954338,0.8326359832635983,0.7725118483412322,0.8212765957446808,0.7573221757322176,0.7153558052434457,0.8232931726907631,0.7702127659574468,0.7894736842105263,0.8844444444444445,0.7004048582995951
sub-NORB00060_ses-1_correlation_matrix_avg,0.8884758364312267,0.47126436781609193,0.7663230240549829,0.7813504823151125,0.7617328519855595,0.8505338078291815,0.7323420074349443,0.7363344051446945,0.7417417417417418,0.8223938223938224,0.8479087452471483,0.7725490196078432,0.6842105263157895,0.5910543130990416,0.7474402730375427,0.7962264150943397,0.7439446366782007,0.6768802228412256,0.8697318007662835,0.5762081784386617,0.7665369649805448,0.8884758364312267,0.6575875486381323,0.7176470588235294,0.700374531835206,0.760797342192691,0.711340206185567,0.6895306859205776,0.8487972508591065,0.8118466898954704,0.8127340823970037,0.6778115501519757,0.8035087719298246,0.7394636015325671,0.7252396166134185,0.8403041825095057,0.6521739130434783,0.6045627376425855,0.6168582375478927,0.7026022304832714,0.7019607843137254,0.690566037735849,0.7694704049844237,0.8810408921933085,0.7528089887640449,0.8207885304659498,0.6521739130434783,0.6823104693140795,0.7120622568093385,0.8390804597701149,0.725752508361204,0.6679841897233202,0.8223938223938224,0.735973597359736,0.7132616487455197,0.6842105263157895,0.7490196078431373,0.7233201581027668,0.7978339350180506,0.8385964912280702,0.7374517374517374,0.6059479553903345,0.8021978021978022,0.8422939068100358,0.7024221453287197,0.7283018867924528,0.7397769516728625,0.7549407114624506,0.7821011673151751,0.8193979933110368,0.8521400778210116,0.7239057239057239,0.7725490196078432,0.7142857142857143,0.7132075471698113,0.8113207547169812,0.7803921568627451,0.7964912280701755,0.6837944664031621,0.7938144329896907,0.7655677655677655,0.735191637630662,0.8305084745762712,0.7507788161993769,0.7304075235109718,0.774294670846395,0.7683397683397684,0.7431906614785992,0.6679841897233202,0.8279569892473119,0.803921568627451,0.7665369649805448,1.0,0.7940199335548173,0.7101449275362319,0.6702508960573477,0.7098039215686275,0.7725490196078432,0.828996282527881,0.7992565055762082,0.667953667953668,0.8521400778210116,0.7308868501529052,0.6842105263157895,0.6078431372549019,0.7591973244147158,0.7411764705882353,0.7837837837837838,0.7946768060836502,0.8084291187739464,0.7492354740061162,0.7923875432525952,0.7184115523465704,0.8200692041522492,0.8223938223938224,0.8241758241758241,0.779467680608365,0.6781609195402298,0.77431906614786,0.8037735849056604,0.649402390438247,0.806949806949807,0.7228464419475655,0.7597173144876325,0.8783269961977186,0.7338403041825095,0.8052434456928839,0.7642585551330798,0.7228464419475655
sub-NORB00045_ses-1_correlation_matrix_avg,0.840531561461794,0.4478114478114478,0.7777777777777778,0.8348623853211009,0.739413680781759,0.8083067092651757,0.7009966777408638,0.8255451713395638,0.8040345821325648,0.6872964169381107,0.7328990228013029,0.6655518394648829,0.8116343490304709,0.6842105263157895,0.8175895765472313,0.7342192691029901,0.746031746031746,0.7950138504155124,0.7740863787375415,0.5614617940199336,0.6722408026755853,0.7813504823151125,0.5892255892255892,0.6296296296296297,0.639344262295082,0.7614678899082569,0.6738461538461539,0.6634304207119741,0.8193146417445483,0.8083067092651757,0.7041800643086816,0.7434402332361516,0.7777777777777778,0.7064846416382252,0.6887608069164265,0.7491749174917491,0.5836177474402731,0.5757575757575758,0.5652173913043478,0.68561872909699,0.6382252559726962,0.6411960132890365,0.8005865102639296,0.8217821782178217,0.6634304207119741,0.8045602605863192,0.5836177474402731,0.656957928802589,0.6474576271186441,0.7830508474576271,0.7186544342507645,0.5972696245733788,0.7209302325581395,0.8511326860841424,0.7180327868852459,0.8116343490304709,0.6677966101694915,0.6450511945392492,0.7380191693290735,0.8210862619808307,0.6478405315614618,0.5880398671096345,0.7188498402555911,0.8006430868167203,0.6971608832807571,0.6416938110749185,0.6963696369636964,0.6610169491525424,0.68561872909699,0.8042813455657493,0.7342192691029901,0.7492163009404389,0.6767676767676768,0.6498316498316499,0.6611295681063123,0.7710437710437711,0.7064846416382252,0.7602523659305994,0.6109215017064846,0.7917981072555205,0.7311475409836066,0.7380191693290735,0.7920489296636085,0.7725947521865889,0.7434402332361516,0.8160237388724035,0.6744186046511628,0.6521739130434783,0.5864406779661017,0.834983498349835,0.726962457337884,0.7064846416382252,0.7940199335548173,1.0,0.7715877437325905,0.6677524429967426,0.6450511945392492,0.6655518394648829,0.7873754152823921,0.7491749174917491,0.5775577557755776,0.7342192691029901,0.7947214076246334,0.8116343490304709,0.5250836120401338,0.7819314641744548,0.6610169491525424,0.7104377104377104,0.7209302325581395,0.6983606557377049,0.844776119402985,0.7791798107255521,0.7003257328990228,0.804416403785489,0.7324414715719063,0.7491961414790996,0.6963696369636964,0.6296296296296297,0.7133105802047781,0.7180327868852459,0.5699658703071673,0.707641196013289,0.66996699669967,0.7053291536050157,0.758957654723127,0.6677740863787376,0.7541528239202658,0.7171717171717171,0.6166134185303515
sub-NORB00020_ses-1_correlation_matrix_avg,0.7406340057636888,0.391304347826087,0.7579250720461095,0.8518518518518519,0.6927536231884058,0.7752161383285303,0.6384839650145773,0.7815126050420168,0.9150141643059491,0.6559766763848397,0.6869565217391305,0.597667638483965,0.9501385041551247,0.6638655462184874,0.6935933147632312,0.6579710144927536,0.7391304347826086,0.9442896935933147,0.6829971181556196,0.5072463768115942,0.5942028985507246,0.7306590257879656,0.5043227665706052,0.5568513119533528,0.5850144092219021,0.8040345821325648,0.7118155619596542,0.6347826086956522,0.8166189111747851,0.7855072463768116,0.6909620991253644,0.8674351585014409,0.7378917378917379,0.5942028985507246,0.8542274052478134,0.6909620991253644,0.48985507246376814,0.5102040816326531,0.5102040816326531,0.6057971014492753,0.5273775216138329,0.5768115942028985,0.9025787965616046,0.744927536231884,0.6443148688046647,0.7406340057636888,0.48985507246376814,0.6289855072463768,0.5446685878962536,0.6695652173913044,0.7842565597667639,0.5014492753623189,0.6368876080691642,0.742296918767507,0.663768115942029,0.9501385041551247,0.5801749271137027,0.5420289855072464,0.7118155619596542,0.7971014492753623,0.5918367346938775,0.5304347826086957,0.7142857142857143,0.7478510028653295,0.7142857142857143,0.5965417867435159,0.6347826086956522,0.5743440233236151,0.5965417867435159,0.833810888252149,0.6484149855907781,0.7421203438395415,0.597667638483965,0.5652173913043478,0.5942028985507246,0.6504297994269341,0.6034985422740525,0.7421203438395415,0.5043227665706052,0.7809798270893372,0.6657060518731989,0.7118155619596542,0.8223495702005731,0.8853868194842407,0.8674351585014409,0.9077809798270894,0.6151603498542274,0.5860058309037901,0.5102040816326531,0.7363896848137536,0.6115942028985507,0.5850144092219021,0.7101449275362319,0.7715877437325905,1.0,0.6289855072463768,0.5420289855072464,0.579250720461095,0.6848137535816619,0.6811594202898551,0.5393586005830904,0.6676384839650146,0.8647887323943662,0.9501385041551247,0.4752186588921283,0.7620396600566572,0.5652173913043478,0.6080691642651297,0.6559766763848397,0.6368876080691642,0.8607242339832869,0.7593123209169055,0.6579710144927536,0.792507204610951,0.6559766763848397,0.7118155619596542,0.6253602305475504,0.5478260869565217,0.590778097982709,0.663768115942029,0.4868804664723032,0.6347826086956522,0.6209912536443148,0.7118155619596542,0.7002881844380403,0.6,0.6753623188405797,0.6045845272206304,0.6115942028985507
sub-NORB00099_ses-1_correlation_matrix_avg,0.6724738675958188,0.5021097046413502,0.7173144876325088,0.6805111821086262,0.7624521072796935,0.7024221453287197,0.7312252964426877,0.7123745819397993,0.6379821958456974,0.7011494252873564,0.6900369003690037,0.6498054474708171,0.6066481994459834,0.6376306620209059,0.6406779661016949,0.7991967871485943,0.7962264150943397,0.6169014084507042,0.6974169741697417,0.6431535269709544,0.7108433734939759,0.6842105263157895,0.7379912663755459,0.6205533596837944,0.6837944664031621,0.7370242214532872,0.7090909090909091,0.6730038022813688,0.6943521594684385,0.7024221453287197,0.7471264367816092,0.7180327868852459,0.6701030927835051,0.7676348547717843,0.6677524429967426,0.7606177606177607,0.6883116883116883,0.6485355648535565,0.7056277056277056,0.7131474103585658,0.6707818930041153,0.7004048582995951,0.6822429906542056,0.6890459363957597,0.5770609318996416,0.7454545454545455,0.6182572614107884,0.6781609195402298,0.6546184738955824,0.7318007662835249,0.7366548042704626,0.6909871244635193,0.6505576208178439,0.6996587030716723,0.8367346938775511,0.6066481994459834,0.7489539748953975,0.7361702127659574,0.7090909090909091,0.7162629757785467,0.7805907172995781,0.6763485477178424,0.7915057915057915,0.6701030927835051,0.7121771217712177,0.6862745098039216,0.7254901960784313,0.7702127659574468,0.5985130111524164,0.7142857142857143,0.6779026217228464,0.7859778597785978,0.7306122448979592,0.7552742616033755,0.8127659574468085,0.6802973977695167,0.7676348547717843,0.7102473498233216,0.6244897959183674,0.697594501718213,0.8087649402390438,0.6845878136200717,0.6151419558359621,0.6739811912225705,0.6024464831804281,0.6865203761755486,0.7408906882591093,0.7142857142857143,0.6624472573839663,0.6912280701754386,0.7349397590361446,0.7108433734939759,0.6702508960573477,0.6677524429967426,0.6289855072463768,1.0,0.7816593886462883,0.6245210727969349,0.6872727272727273,0.720754716981132,0.6356275303643725,0.7164750957854407,0.6452599388379205,0.6066481994459834,0.5850622406639004,0.6996587030716723,0.7405857740585774,0.757085020242915,0.6754716981132075,0.7011494252873564,0.6534954407294833,0.7192982456140351,0.6654275092936803,0.711340206185567,0.7142857142857143,0.6967509025270758,0.6356877323420075,0.729957805907173,0.691699604743083,0.6605166051660517,0.746606334841629,0.7254901960784313,0.7489878542510121,0.7602996254681648,0.6945454545454546,0.7051792828685259,0.7394636015325671,0.6964980544747081,0.6425855513307985
sub-NORB00064_ses-1_correlation_matrix_avg,0.7241379310344828,0.5902439024390244,0.7078651685393258,0.6156351791530945,0.7408906882591093,0.6923076923076923,0.7816593886462883,0.6450511945392492,0.5675675675675675,0.7922077922077922,0.7327935222672065,0.7511111111111111,0.5235457063711911,0.6479400749063671,0.6877323420074349,0.7939914163090128,0.6958174904942965,0.532394366197183,0.7695473251028807,0.7183098591549296,0.8082191780821918,0.7241379310344828,0.8308457711442786,0.7351598173515982,0.7757847533632287,0.6678445229681979,0.6988416988416989,0.7154811715481172,0.6494845360824743,0.6441281138790036,0.7530864197530864,0.6091205211726385,0.6703296703296703,0.8418604651162791,0.6013289036544851,0.7530864197530864,0.8274111675126904,0.7416267942583732,0.775609756097561,0.7467248908296943,0.7819905213270142,0.7333333333333333,0.5887850467289719,0.7034220532319392,0.659919028340081,0.7241379310344828,0.722488038277512,0.7215189873417721,0.7603686635944701,0.8111587982832618,0.6070175438596491,0.8109452736318408,0.7617021276595745,0.6537102473498233,0.8025751072961373,0.5235457063711911,0.8743961352657005,0.8439024390243902,0.7529880478087649,0.6823104693140795,0.7899543378995434,0.7235023041474654,0.7429718875502008,0.6951672862453532,0.7290836653386454,0.7937219730941704,0.7748917748917749,0.84688995215311,0.6877637130801688,0.6363636363636364,0.7637130801687764,0.7132075471698113,0.8325581395348837,0.84688995215311,0.8947368421052632,0.7805907172995781,0.8248847926267281,0.7132075471698113,0.7276995305164319,0.6872727272727273,0.8042553191489362,0.660377358490566,0.6450511945392492,0.6,0.5583596214511041,0.5924764890282131,0.7937219730941704,0.7488789237668162,0.7931034482758621,0.7186311787072244,0.8356164383561644,0.8082191780821918,0.7098039215686275,0.6450511945392492,0.5420289855072464,0.7816593886462883,1.0,0.73568281938326,0.7429718875502008,0.7387755102040816,0.755868544600939,0.720164609053498,0.5535168195718655,0.5235457063711911,0.7004830917874396,0.6421052631578947,0.8829268292682927,0.8447488584474886,0.7617021276595745,0.7617021276595745,0.5815384615384616,0.6606498194945848,0.6923076923076923,0.6774193548387096,0.7922077922077922,0.7254901960784313,0.729957805907173,0.8181818181818182,0.817351598173516,0.7427385892116183,0.844559585492228,0.8222222222222222,0.7709251101321586,0.7254901960784313,0.7370517928286853,0.8009049773755657,0.7593360995850622,0.7276595744680852,0.7253218884120172
sub-NORB00077_ses-1_correlation_matrix_avg,0.7453183520599251,0.52,0.7546468401486989,0.6677524429967426,0.722007722007722,0.7509157509157509,0.7306122448979592,0.6221498371335505,0.6156156156156156,0.7551020408163265,0.7975708502024291,0.8552036199095022,0.5678670360110804,0.5778546712802768,0.7090909090909091,0.7019607843137254,0.68,0.5598885793871866,0.805668016194332,0.6118143459915611,0.8149779735682819,0.7718631178707225,0.7534246575342466,0.7142857142857143,0.7383966244725738,0.6542372881355932,0.6951672862453532,0.7387755102040816,0.7044673539518901,0.7132616487455197,0.7470355731225297,0.5501519756838906,0.7677902621722846,0.7383966244725738,0.580952380952381,0.7198443579766537,0.7327188940092166,0.630901287553648,0.6033755274261603,0.7552742616033755,0.8232558139534883,0.7276595744680852,0.6386292834890965,0.724907063197026,0.7387755102040816,0.6702508960573477,0.6860986547085202,0.6498054474708171,0.817351598173516,0.7590361445783133,0.5959595959595959,0.7040358744394619,0.8297872340425532,0.6747404844290658,0.6833976833976834,0.5678670360110804,0.7641921397379913,0.7668161434977578,0.7078651685393258,0.6794425087108014,0.6790123456790124,0.6317991631799164,0.7110266159695817,0.7416974169741697,0.6728624535315985,0.8008658008658008,0.7824267782426778,0.7253218884120172,0.8654708520179372,0.6789297658862876,0.8787878787878788,0.6491228070175439,0.7748917748917749,0.7866666666666666,0.7095435684647303,0.8174273858921162,0.7095435684647303,0.7735849056603774,0.7534246575342466,0.696113074204947,0.7120622568093385,0.6703296703296703,0.6996587030716723,0.6507936507936508,0.639871382636656,0.6426332288401254,0.7702127659574468,0.6707818930041153,0.7194570135746606,0.7142857142857143,0.7637130801687764,0.8475336322869955,0.7725490196078432,0.6655518394648829,0.579250720461095,0.6245210727969349,0.73568281938326,1.0,0.7647058823529411,0.7470355731225297,0.7488789237668162,0.688715953307393,0.632398753894081,0.5678670360110804,0.7276995305164319,0.6518771331058021,0.7709251101321586,0.7573221757322176,0.7842323651452282,0.8614718614718615,0.6307692307692307,0.693950177935943,0.7860082304526749,0.7102473498233216,0.7551020408163265,0.8167330677290837,0.8766519823788547,0.7292576419213974,0.776824034334764,0.8242677824267782,0.7142857142857143,0.7974683544303798,0.7489539748953975,0.7078651685393258,0.8007968127490039,0.7922077922077922,0.7120622568093385,0.7957446808510639,0.7637130801687764
sub-NORB00070_ses-2_correlation_matrix_avg,0.8136200716845878,0.5465587044534413,0.7839721254355401,0.7980456026058632,0.7933579335793358,0.8566308243727598,0.7509433962264151,0.707936507936508,0.7151335311572701,0.7602996254681648,0.7728937728937729,0.7647058823529411,0.6786703601108033,0.6588628762541806,0.8021201413427562,0.8022813688212928,0.8254545454545454,0.6713091922005571,0.8910505836575876,0.642023346303502,0.7451737451737451,0.800711743772242,0.7028112449799196,0.751004016064257,0.7186311787072244,0.7311475409836066,0.7162629757785467,0.7195571955719557,0.7926421404682275,0.7923875432525952,0.7527272727272727,0.7027863777089783,0.8483754512635379,0.8007968127490039,0.6452599388379205,0.7785977859778598,0.6842105263157895,0.6733067729083665,0.6216216216216216,0.77431906614786,0.763265306122449,0.6704119850187266,0.7415384615384616,0.8327272727272728,0.6945454545454546,0.800711743772242,0.6842105263157895,0.6872727272727273,0.7877551020408163,0.8745098039215686,0.6421725239616614,0.7004048582995951,0.8287937743190662,0.7762711864406779,0.7184115523465704,0.6786703601108033,0.7689243027888446,0.7714285714285715,0.7403508771929824,0.818815331010453,0.7164750957854407,0.6731517509727627,0.7818181818181819,0.7964912280701755,0.7314487632508834,0.7471264367816092,0.7992277992277992,0.7198443579766537,0.8023715415019763,0.7770491803278688,0.8735177865612648,0.7894736842105263,0.7241379310344828,0.7609561752988048,0.7587548638132295,0.8893280632411067,0.7186311787072244,0.8149466192170819,0.7306122448979592,0.7508417508417509,0.8113207547169812,0.8036363636363636,0.7873754152823921,0.7337461300309598,0.7027863777089783,0.7570093457943925,0.7338403041825095,0.6704119850187266,0.7142857142857143,0.9169811320754717,0.8102766798418972,0.8299595141700404,0.828996282527881,0.7873754152823921,0.6848137535816619,0.6872727272727273,0.7429718875502008,0.7647058823529411,1.0,0.8188679245283019,0.6475095785440613,0.7362637362637363,0.7039274924471299,0.6786703601108033,0.6,0.8131487889273357,0.8040816326530612,0.8181818181818182,0.7472118959107806,0.7735849056603774,0.7431192660550459,0.7854671280276817,0.7236363636363636,0.7762711864406779,0.7602996254681648,0.8576779026217228,0.7854406130268199,0.7370517928286853,0.8380566801619433,0.8098859315589354,0.6680161943319838,0.8132295719844358,0.7283018867924528,0.7651245551601423,0.828996282527881,0.752895752895753,0.8390804597701149,0.8260869565217391,0.6776556776556777
sub-NORB00021_ses-1_correlation_matrix_avg,0.7978339350180506,0.5020080321285141,0.8327272727272728,0.7719869706840391,0.8455598455598455,0.8279569892473119,0.8313253012048193,0.7041800643086816,0.7117117117117117,0.7701149425287356,0.8378378378378378,0.8189300411522634,0.6565096952908587,0.7003484320557491,0.773851590106007,0.7992277992277992,0.8095238095238095,0.6582633053221288,0.8455598455598455,0.649402390438247,0.7549407114624506,0.7849462365591398,0.6706827309236948,0.7188755020080321,0.7276264591439688,0.7391304347826086,0.7491039426523297,0.7821011673151751,0.7898305084745763,0.8149466192170819,0.7886792452830189,0.6780185758513931,0.7935943060498221,0.8271604938271605,0.6719242902208202,0.8022813688212928,0.6653061224489796,0.6954732510288066,0.6954732510288066,0.7568627450980392,0.7448559670781894,0.7312252964426877,0.7275541795665634,0.8168498168498168,0.7153558052434457,0.8109090909090909,0.6518218623481782,0.6951672862453532,0.7551020408163265,0.8007662835249042,0.6923076923076923,0.6546184738955824,0.8406374501992032,0.7610921501706485,0.7660377358490567,0.6565096952908587,0.7795918367346939,0.7676348547717843,0.7491039426523297,0.7909407665505227,0.7254901960784313,0.6679841897233202,0.8188679245283019,0.8194945848375451,0.8052434456928839,0.7431906614785992,0.8247011952191236,0.7429718875502008,0.7707509881422925,0.7740863787375415,0.8274509803921568,0.7491289198606271,0.7470355731225297,0.7714285714285715,0.7975708502024291,0.8007662835249042,0.7276264591439688,0.8254545454545454,0.6979591836734694,0.7839721254355401,0.8509803921568627,0.8007380073800738,0.7263843648208469,0.719626168224299,0.7206349206349206,0.7320872274143302,0.7848605577689243,0.6781609195402298,0.7383966244725738,0.7921146953405018,0.8367346938775511,0.7975708502024291,0.7992565055762082,0.7491749174917491,0.6811594202898551,0.720754716981132,0.7387755102040816,0.7470355731225297,0.8188679245283019,1.0,0.6947791164658634,0.7718631178707225,0.6696696696696697,0.6565096952908587,0.6194331983805668,0.7491525423728813,0.757085020242915,0.7451737451737451,0.7837837837837838,0.7976653696498055,0.7292307692307692,0.7577854671280276,0.7584905660377359,0.7854671280276817,0.7837837837837838,0.8277153558052435,0.796078431372549,0.7327935222672065,0.8353909465020576,0.8352941176470589,0.7046413502109705,0.796078431372549,0.7928286852589641,0.7875457875457875,0.8127340823970037,0.7490196078431373,0.8365758754863813,0.7803921568627451,0.7110266159695817
sub-NORB00040_ses-1_correlation_matrix_avg,0.6579925650557621,0.5260663507109005,0.6678966789667896,0.5718849840255591,0.6575875486381323,0.6415770609318996,0.7797356828193832,0.5775577557755776,0.5370919881305638,0.7446808510638298,0.7028112449799196,0.7808219178082192,0.5124653739612188,0.5516014234875445,0.6245487364620939,0.6761133603238867,0.6190476190476191,0.5211267605633803,0.6972111553784861,0.6380090497737556,0.8403755868544601,0.6958174904942965,0.7416267942583732,0.6563876651982379,0.7117903930131004,0.6306620209059234,0.6577946768060836,0.698744769874477,0.6135593220338983,0.6298932384341637,0.7510373443983402,0.5170278637770898,0.6436363636363637,0.7268722466960352,0.5986622073578596,0.6947791164658634,0.7365853658536585,0.6289592760180995,0.6744186046511628,0.6851063829787234,0.6986301369863014,0.7004405286343612,0.56656346749226,0.6263736263736264,0.7130801687763713,0.5985663082437276,0.6713615023474179,0.6625514403292181,0.68,0.678714859437751,0.6042402826855123,0.7061611374407583,0.729957805907173,0.6055363321799307,0.6842105263157895,0.5124653739612188,0.7534246575342466,0.7725118483412322,0.6964980544747081,0.6210526315789474,0.7092511013215859,0.6157205240174672,0.6996047430830039,0.6678966789667896,0.6862745098039216,0.76,0.698744769874477,0.7442922374429224,0.6851063829787234,0.6013289036544851,0.7322175732217573,0.6014234875444839,0.7808219178082192,0.7442922374429224,0.696969696969697,0.6923076923076923,0.7422222222222222,0.6728624535315985,0.6322869955156951,0.6487455197132617,0.6470588235294118,0.620817843866171,0.6313993174061433,0.5772870662460567,0.5960912052117264,0.5603715170278638,0.8082191780821918,0.7155555555555555,0.7560975609756098,0.6057347670250897,0.7081545064377682,0.7117903930131004,0.667953667953668,0.5775577557755776,0.5393586005830904,0.6356275303643725,0.755868544600939,0.7488789237668162,0.6475095785440613,0.6947791164658634,1.0,0.7037037037037037,0.5507692307692308,0.5124653739612188,0.7142857142857143,0.5622895622895623,0.7442922374429224,0.7167381974248928,0.759656652360515,0.729957805907173,0.5501519756838906,0.6462093862815884,0.689795918367347,0.6395759717314488,0.759656652360515,0.6964980544747081,0.7575757575757576,0.7327188940092166,0.7056277056277056,0.7405857740585774,0.7339901477832512,0.7276595744680852,0.7379912663755459,0.6833976833976834,0.7075098814229249,0.7668161434977578,0.6470588235294118,0.6680497925311203,0.817351598173516
sub-NORB00061_ses-1_correlation_matrix_avg,0.8352059925093633,0.49387755102040815,0.7282229965156795,0.7124600638977636,0.7343173431734318,0.7614035087719299,0.7568627450980392,0.7227722772277227,0.6876876876876877,0.8232931726907631,0.7931034482758621,0.7714285714285715,0.6343490304709142,0.5533980582524272,0.6632996632996633,0.796078431372549,0.7173144876325088,0.6450704225352113,0.7735849056603774,0.5675675675675675,0.7795918367346939,0.8081180811808119,0.6518218623481782,0.6733067729083665,0.6704980842911877,0.7594501718213058,0.696113074204947,0.6605166051660517,0.7869415807560137,0.7491289198606271,0.8132295719844358,0.6635514018691588,0.7162629757785467,0.7370517928286853,0.7342192691029901,0.841897233201581,0.6597510373443983,0.6224899598393574,0.6356275303643725,0.6988416988416989,0.6442687747035574,0.7131474103585658,0.7027863777089783,0.8415094339622642,0.7374517374517374,0.8081180811808119,0.6326530612244898,0.690566037735849,0.6549019607843137,0.7837837837837838,0.7978339350180506,0.6489795918367347,0.752895752895753,0.6655737704918033,0.7358490566037735,0.6343490304709142,0.7327935222672065,0.7344398340248963,0.8113207547169812,0.8136200716845878,0.7925311203319502,0.5862068965517241,0.7752808988764045,0.8036363636363636,0.7111913357400722,0.7254901960784313,0.6981132075471698,0.7676348547717843,0.685823754789272,0.7710437710437711,0.7414448669201521,0.697594501718213,0.8008298755186722,0.7387755102040816,0.7098039215686275,0.6923076923076923,0.8396624472573839,0.7333333333333333,0.6254980079681275,0.7684210526315789,0.7378277153558053,0.6842105263157895,0.7694915254237288,0.6947040498442367,0.6739811912225705,0.7178683385579937,0.8565400843881856,0.8454935622317596,0.7191489361702128,0.7634408602150538,0.7609561752988048,0.6833976833976834,0.8521400778210116,0.7342192691029901,0.6676384839650146,0.7164750957854407,0.720164609053498,0.688715953307393,0.7362637362637363,0.7718631178707225,0.7037037037037037,1.0,0.6861538461538461,0.6343490304709142,0.6131687242798354,0.6765676567656765,0.7108433734939759,0.7549407114624506,0.7944664031620553,0.7132075471698113,0.6941896024464832,0.7301038062283737,0.6776556776556777,0.7824561403508772,0.8683127572016461,0.7204301075268817,0.7110266159695817,0.6867469879518072,0.7176470588235294,0.7490494296577946,0.6995708154506438,0.7509727626459144,0.7198443579766537,0.7204301075268817,0.7962264150943397,0.7176470588235294,0.7509433962264151,0.6579925650557621,0.7609561752988048
sub-NORB00010_ses-1_correlation_matrix_avg,0.7522658610271903,0.3944954128440367,0.7286135693215339,0.8466076696165191,0.6617210682492581,0.7566765578635015,0.6156156156156156,0.7739130434782608,0.8898550724637682,0.6636085626911316,0.6656716417910448,0.6222910216718266,0.8836565096952909,0.6239316239316239,0.7126099706744868,0.6758409785932722,0.7091988130563798,0.8774373259052924,0.6918429003021148,0.5075987841945289,0.628482972136223,0.7522658610271903,0.5514018691588785,0.5501519756838906,0.6184615384615385,0.775811209439528,0.7220543806646526,0.6314199395770392,0.8100890207715133,0.7671641791044777,0.6797583081570997,0.7879656160458453,0.770392749244713,0.628482972136223,0.7842565597667639,0.7107692307692308,0.5264797507788161,0.5107033639143731,0.52,0.6307692307692307,0.56656346749226,0.6,0.887905604719764,0.7253731343283583,0.6513761467889908,0.7522658610271903,0.5264797507788161,0.6253776435045317,0.5851393188854489,0.6676737160120846,0.7872340425531915,0.5389408099688473,0.6534954407294833,0.7536656891495601,0.6516516516516516,0.8836565096952909,0.5840978593272171,0.5924764890282131,0.7220543806646526,0.7791044776119403,0.6261682242990654,0.5319148936170213,0.7142857142857143,0.7597597597597597,0.6539589442815249,0.6307692307692307,0.6615384615384615,0.5876923076923077,0.6207951070336392,0.827893175074184,0.6861538461538461,0.7126099706744868,0.6123076923076923,0.5975232198142415,0.5795795795795796,0.6676737160120846,0.6184615384615385,0.7227138643067846,0.5323076923076923,0.7626112759643917,0.6636636636636637,0.6814159292035398,0.7947214076246334,0.8376811594202899,0.8299120234604106,0.8492753623188406,0.6307692307692307,0.6099071207430341,0.5389408099688473,0.7373134328358208,0.6072507552870091,0.628482972136223,0.7308868501529052,0.7947214076246334,0.8647887323943662,0.6452599388379205,0.5535168195718655,0.632398753894081,0.7039274924471299,0.6696696696696697,0.5507692307692308,0.6861538461538461,1.0,0.8836565096952909,0.5015576323987538,0.7640117994100295,0.5975232198142415,0.6330275229357798,0.6636085626911316,0.6738461538461539,0.8347578347578347,0.7717717717717718,0.6758409785932722,0.8066465256797583,0.6636085626911316,0.7014925373134329,0.6615384615384615,0.5596330275229358,0.6048632218844985,0.6819571865443425,0.5046439628482973,0.6615384615384615,0.6369230769230769,0.7117117117117117,0.7203647416413373,0.6346749226006192,0.6537313432835821,0.6492307692307693,0.6369230769230769
sub-NORB00024_ses-1_correlation_matrix_avg,0.7229916897506925,0.37950138504155123,0.739612188365651,0.850415512465374,0.667590027700831,0.7562326869806094,0.6066481994459834,0.8116343490304709,0.9224376731301939,0.6232686980609419,0.6620498614958449,0.5678670360110804,1.0,0.6952908587257618,0.7340720221606648,0.6343490304709142,0.7119113573407202,0.9833795013850416,0.667590027700831,0.4903047091412742,0.5734072022160664,0.7229916897506925,0.49584487534626037,0.5290858725761773,0.5734072022160664,0.7839335180055401,0.6952908587257618,0.6121883656509696,0.8060941828254847,0.7562326869806094,0.6565096952908587,0.8448753462603878,0.739612188365651,0.5734072022160664,0.8116343490304709,0.6565096952908587,0.47368421052631576,0.48476454293628807,0.48476454293628807,0.5844875346260388,0.518005540166205,0.556786703601108,0.889196675900277,0.7174515235457064,0.6121883656509696,0.7229916897506925,0.47368421052631576,0.6066481994459834,0.5346260387811634,0.6454293628808865,0.7451523545706371,0.48476454293628807,0.6232686980609419,0.7728531855955678,0.6398891966759003,1.0,0.5512465373961218,0.5235457063711911,0.6952908587257618,0.7673130193905817,0.5623268698060941,0.5124653739612188,0.6786703601108033,0.739612188365651,0.6786703601108033,0.5844875346260388,0.6121883656509696,0.5457063711911357,0.5844875346260388,0.8227146814404432,0.6343490304709142,0.7340720221606648,0.5678670360110804,0.5457063711911357,0.5734072022160664,0.6454293628808865,0.5734072022160664,0.7340720221606648,0.49584487534626037,0.7617728531855956,0.6509695290858726,0.6952908587257618,0.8116343490304709,0.8725761772853186,0.8448753462603878,0.8836565096952909,0.5844875346260388,0.556786703601108,0.48476454293628807,0.7285318559556787,0.590027700831025,0.5734072022160664,0.6842105263157895,0.8116343490304709,0.9501385041551247,0.6066481994459834,0.5235457063711911,0.5678670360110804,0.6786703601108033,0.6565096952908587,0.5124653739612188,0.6343490304709142,0.8836565096952909,1.0,0.4515235457063712,0.7728531855955678,0.5457063711911357,0.5955678670360111,0.6232686980609419,0.6232686980609419,0.9002770083102493,0.7506925207756233,0.6343490304709142,0.7728531855955678,0.6232686980609419,0.6952908587257618,0.6121883656509696,0.5290858725761773,0.5789473684210527,0.6398891966759003,0.4626038781163435,0.6121883656509696,0.590027700831025,0.6952908587257618,0.6842105263157895,0.5789473684210527,0.6509695290858726,0.6011080332409973,0.590027700831025
sub-NORB00090_ses-1_correlation_matrix_avg,0.6,0.5544041450777202,0.6104868913857678,0.5309446254071661,0.5843137254901961,0.5970695970695971,0.6977777777777778,0.5250836120401338,0.4894894894894895,0.7092511013215859,0.6275303643724697,0.7440758293838863,0.4515235457063712,0.47330960854092524,0.5677655677655677,0.6265560165975104,0.5730337078651685,0.4591549295774648,0.6356275303643725,0.6585365853658537,0.7370892018779343,0.6121673003802282,0.7185929648241206,0.6619718309859155,0.7703349282296651,0.5759717314487632,0.6363636363636364,0.7375565610859729,0.5601374570446735,0.5516014234875445,0.6877637130801688,0.47634069400630913,0.6104868913857678,0.6742081447963801,0.5250836120401338,0.6460905349794238,0.786096256684492,0.6984924623115578,0.6018957345971564,0.6475770925110133,0.6587677725118484,0.7251184834123223,0.5077881619937694,0.5805243445692884,0.648068669527897,0.5531135531135531,0.6292682926829268,0.5850622406639004,0.6255707762557078,0.6296296296296297,0.5483870967741935,0.6487804878048781,0.6510638297872341,0.5508771929824562,0.6348547717842323,0.4515235457063712,0.7156398104265402,0.7004830917874396,0.649402390438247,0.5658362989323843,0.6412556053811659,0.589041095890411,0.6653061224489796,0.6104868913857678,0.6385542168674698,0.7725118483412322,0.648068669527897,0.7061611374407583,0.7077625570776256,0.5488215488215489,0.696969696969697,0.5451263537906137,0.7440758293838863,0.722488038277512,0.6742081447963801,0.6431535269709544,0.7050691244239631,0.6150943396226415,0.5616438356164384,0.5927272727272728,0.5983935742971888,0.5741444866920152,0.5563139931740614,0.5174603174603175,0.5244299674267101,0.5109717868338558,0.7077625570776256,0.6177777777777778,0.7157360406091371,0.5604395604395604,0.6277056277056277,0.6444444444444445,0.6078431372549019,0.5250836120401338,0.4752186588921283,0.5850622406639004,0.7004830917874396,0.7276995305164319,0.6,0.6194331983805668,0.7142857142857143,0.6131687242798354,0.5015576323987538,0.4515235457063712,1.0,0.5085324232081911,0.7061611374407583,0.68,0.6943231441048034,0.6652360515021459,0.5015384615384615,0.5667870036101083,0.6540084388185654,0.5842293906810035,0.6943231441048034,0.649402390438247,0.7066666666666667,0.69377990430622,0.6533333333333333,0.7056277056277056,0.6751269035532995,0.7066666666666667,0.7327188940092166,0.649402390438247,0.6465863453815262,0.7630331753554502,0.5856573705179283,0.6033755274261603,0.6711111111111111
sub-NORB00044_ses-1_correlation_matrix_avg,0.7475728155339806,0.4910394265232975,0.801980198019802,0.8603174603174604,0.7993079584775087,0.8098360655737705,0.711340206185567,0.7708978328173375,0.7842565597667639,0.7201365187713311,0.7324414715719063,0.6518771331058021,0.7728531855955678,0.7152103559870551,0.7605177993527508,0.7824561403508772,0.8047138047138047,0.766016713091922,0.8118466898954704,0.6344086021505376,0.6474576271186441,0.758957654723127,0.6183745583038869,0.6491228070175439,0.658703071672355,0.8070739549839229,0.7152103559870551,0.7064846416382252,0.8327974276527331,0.8217821782178217,0.7491525423728813,0.7750759878419453,0.801980198019802,0.7052631578947368,0.6873156342182891,0.7854671280276817,0.5789473684210527,0.6156583629893239,0.6272401433691757,0.7437722419928826,0.6466431095406361,0.6608996539792388,0.8126888217522659,0.7755775577557755,0.639344262295082,0.7821782178217822,0.6129032258064516,0.7231833910034602,0.6917562724014337,0.7839721254355401,0.6758409785932722,0.6156583629893239,0.7084745762711865,0.8538205980066446,0.7171717171717171,0.7728531855955678,0.6890459363957597,0.6537102473498233,0.7377049180327869,0.8110749185667753,0.6794425087108014,0.6630824372759857,0.7525083612040134,0.7901639344262295,0.7293729372937293,0.6723549488054608,0.7667844522968198,0.6470588235294118,0.6838487972508591,0.8402555910543131,0.7457044673539519,0.8823529411764706,0.6632302405498282,0.6819787985865724,0.7052631578947368,0.7716262975778547,0.658703071672355,0.8193979933110368,0.6415770609318996,0.8045602605863192,0.7663230240549829,0.8213058419243986,0.7492354740061162,0.8390092879256966,0.7537537537537538,0.8287461773700305,0.6387959866220736,0.6271186440677966,0.6042402826855123,0.8006644518272426,0.7024221453287197,0.7173144876325088,0.7591973244147158,0.7819314641744548,0.7620396600566572,0.6996587030716723,0.6421052631578947,0.6518771331058021,0.8131487889273357,0.7491525423728813,0.5622895622895623,0.6765676567656765,0.7640117994100295,0.7728531855955678,0.5085324232081911,1.0,0.6819787985865724,0.7333333333333333,0.696969696969697,0.7319587628865979,0.8138138138138138,0.8394648829431438,0.6655737704918033,0.7714285714285715,0.7084745762711865,0.8088737201365188,0.7064846416382252,0.6607773851590106,0.712280701754386,0.705685618729097,0.5759717314487632,0.7301038062283737,0.6907216494845361,0.7845117845117845,0.8075601374570447,0.6769759450171822,0.7909407665505227,0.7526501766784452,0.6565656565656566
sub-NORB00052_ses-1_correlation_matrix_avg,0.7547892720306514,0.6135265700483091,0.724907063197026,0.6416938110749185,0.7450199203187251,0.7090909090909091,0.7854077253218884,0.6498316498316499,0.5915915915915916,0.7656903765690377,0.7233201581027668,0.8026905829596412,0.5457063711911357,0.6410256410256411,0.7433962264150943,0.7974683544303798,0.7132075471698113,0.5462184873949579,0.8024691358024691,0.7235023041474654,0.8116591928251121,0.7547892720306514,0.8706467661691543,0.7880184331797235,0.7955555555555556,0.6842105263157895,0.7431906614785992,0.7637130801687764,0.6769759450171822,0.6607773851590106,0.7429718875502008,0.6351791530944625,0.7378277153558053,0.8967136150234741,0.5960912052117264,0.757085020242915,0.8308457711442786,0.7799043062200957,0.7302325581395349,0.7973568281938326,0.8199052132701422,0.7533039647577092,0.6137071651090342,0.720754716981132,0.7344398340248963,0.7153558052434457,0.812807881773399,0.7702127659574468,0.7972350230414746,0.8297872340425532,0.590443686006826,0.8146341463414634,0.7805907172995781,0.6819787985865724,0.8059071729957806,0.5457063711911357,0.8947368421052632,0.9014778325123153,0.7568627450980392,0.6989247311827957,0.7937219730941704,0.7767441860465116,0.7470355731225297,0.7378277153558053,0.7333333333333333,0.8461538461538461,0.8577777777777778,0.8325581395348837,0.7510729613733905,0.6632996632996633,0.8441558441558441,0.7433962264150943,0.7866666666666666,0.8851674641148325,0.8790697674418605,0.8454935622317596,0.7797356828193832,0.7433962264150943,0.7652582159624414,0.6797153024911032,0.8075313807531381,0.7034220532319392,0.6610169491525424,0.6253968253968254,0.6245954692556634,0.6175548589341693,0.7662337662337663,0.7081545064377682,0.8325123152709359,0.7490494296577946,0.8385650224215246,0.8790697674418605,0.7411764705882353,0.6610169491525424,0.5652173913043478,0.7405857740585774,0.8829268292682927,0.7709251101321586,0.8040816326530612,0.757085020242915,0.7442922374429224,0.7108433734939759,0.5975232198142415,0.5457063711911357,0.7061611374407583,0.6819787985865724,1.0,0.8642533936651584,0.7805907172995781,0.8268398268398268,0.6061538461538462,0.6774193548387096,0.7530864197530864,0.6819787985865724,0.7805907172995781,0.7848605577689243,0.7939914163090128,0.8743961352657005,0.8709677419354839,0.8212765957446808,0.8109452736318408,0.8914027149321267,0.8061674008810573,0.7568627450980392,0.7689243027888446,0.8371040723981901,0.763265306122449,0.8078602620087336,0.729957805907173
sub-NORB00063_ses-1_correlation_matrix_avg,0.7695167286245354,0.57847533632287,0.740072202166065,0.6893203883495146,0.7338403041825095,0.7366548042704626,0.7714285714285715,0.6877076411960132,0.6456456456456456,0.8257261410788381,0.7665369649805448,0.7573221757322176,0.5955678670360111,0.590443686006826,0.7328519855595668,0.8122448979591836,0.7289377289377289,0.5966386554621849,0.8461538461538461,0.6401673640167364,0.8268398268398268,0.7827715355805244,0.7990867579908676,0.7729257641921398,0.8111587982832618,0.7473684210526316,0.7584905660377359,0.7233201581027668,0.726962457337884,0.7243816254416962,0.8007968127490039,0.6613418530351438,0.7527272727272727,0.7957446808510639,0.6547231270358306,0.8152610441767069,0.746606334841629,0.7030567685589519,0.7030567685589519,0.7676348547717843,0.7253218884120172,0.7702127659574468,0.6594427244582043,0.7620817843866171,0.7370517928286853,0.730909090909091,0.7155555555555555,0.757085020242915,0.7510729613733905,0.8589211618257261,0.6632302405498282,0.7972350230414746,0.7959183673469388,0.7093425605536332,0.7628458498023716,0.5955678670360111,0.8237885462555066,0.7955555555555556,0.8274509803921568,0.7508896797153025,0.8253275109170306,0.6877637130801688,0.7898832684824902,0.7655677655677655,0.7358490566037735,0.8127659574468085,0.7942386831275721,0.8311111111111111,0.7530864197530864,0.7123745819397993,0.8271604938271605,0.7712177121771218,0.8666666666666667,0.8149779735682819,0.8111587982832618,0.8285714285714286,0.8111587982832618,0.7582417582417582,0.6909871244635193,0.7192982456140351,0.7509727626459144,0.7453183520599251,0.7104377104377104,0.6719242902208202,0.6300940438871473,0.6635514018691588,0.7974683544303798,0.7854077253218884,0.7333333333333333,0.7638376383763837,0.7759336099585062,0.7957446808510639,0.7837837837837838,0.7104377104377104,0.6080691642651297,0.757085020242915,0.8447488584474886,0.7573221757322176,0.8181818181818182,0.7451737451737451,0.7167381974248928,0.7549407114624506,0.6330275229357798,0.5955678670360111,0.68,0.7333333333333333,0.8642533936651584,1.0,0.8106995884773662,0.7813765182186235,0.6615384615384615,0.7419354838709677,0.7142857142857143,0.7333333333333333,0.8410041841004184,0.7992277992277992,0.751004016064257,0.7729257641921398,0.7740585774058577,0.7768924302788844,0.7767441860465116,0.8874458874458875,0.8212765957446808,0.7992277992277992,0.8260869565217391,0.8197424892703863,0.7241379310344828,0.763265306122449,0.7759336099585062
sub-NORB00054_ses-1_correlation_matrix_avg,0.7933579335793358,0.5404255319148936,0.776173285198556,0.7106109324758842,0.7453183520599251,0.7722419928825622,0.8271604938271605,0.6872964169381107,0.6756756756756757,0.8672199170124482,0.8054474708171206,0.8454935622317596,0.6232686980609419,0.5919732441471572,0.7192982456140351,0.7944664031620553,0.7153024911032029,0.6246498599439776,0.8132295719844358,0.6144578313253012,0.8227848101265823,0.7933579335793358,0.7046413502109705,0.7405857740585774,0.763265306122449,0.7577854671280276,0.7564575645756457,0.7490196078431373,0.7610921501706485,0.7722419928825622,0.8406374501992032,0.6510903426791277,0.7634408602150538,0.763265306122449,0.6872964169381107,0.8117647058823529,0.6851063829787234,0.6736401673640168,0.6877637130801688,0.751004016064257,0.6954732510288066,0.7530864197530864,0.7009345794392523,0.7728937728937729,0.805668016194332,0.7295373665480427,0.6851063829787234,0.7276264591439688,0.720164609053498,0.8247011952191236,0.7212543554006968,0.7021276595744681,0.8218623481781376,0.7084745762711865,0.7471264367816092,0.6232686980609419,0.7740585774058577,0.7468354430379747,0.8237547892720306,0.7614035087719299,0.746938775510204,0.659919028340081,0.7870722433460076,0.8021978021978022,0.7735849056603774,0.7795918367346939,0.7911646586345381,0.7656903765690377,0.7651821862348178,0.745819397993311,0.8232931726907631,0.7192982456140351,0.8777292576419214,0.7656903765690377,0.763265306122449,0.7821011673151751,0.8382978723404255,0.7818181818181819,0.6489795918367347,0.7793594306049823,0.7358490566037735,0.7184115523465704,0.7559322033898305,0.7142857142857143,0.6932907348242812,0.6947040498442367,0.8553191489361702,0.7824267782426778,0.762114537444934,0.7243816254416962,0.7590361445783133,0.763265306122449,0.7946768060836502,0.7209302325581395,0.6559766763848397,0.6754716981132075,0.7617021276595745,0.7842323651452282,0.7472118959107806,0.7837837837837838,0.759656652360515,0.7944664031620553,0.6636085626911316,0.6232686980609419,0.6943231441048034,0.696969696969697,0.7805907172995781,0.8106995884773662,1.0,0.7928286852589641,0.6819571865443425,0.7526501766784452,0.752895752895753,0.7560975609756098,0.8987341772151899,0.8098859315589354,0.805668016194332,0.7119341563786008,0.757085020242915,0.8167330677290837,0.7268722466960352,0.8353909465020576,0.8024691358024691,0.7827715355805244,0.8509803921568627,0.7860082304526749,0.7228464419475655,0.7198443579766537,0.8174273858921162
sub-NORB00069_ses-2_correlation_matrix_avg,0.7802197802197802,0.5274261603375527,0.8154981549815498,0.7328990228013029,0.7854406130268199,0.7978339350180506,0.7689243027888446,0.7095709570957096,0.6756756756756757,0.7647058823529411,0.83399209486166,0.8454935622317596,0.6232686980609419,0.6585365853658537,0.7689530685920578,0.752895752895753,0.7153024911032029,0.6155988857938719,0.8132295719844358,0.6680497925311203,0.7925311203319502,0.8066914498141264,0.7641921397379913,0.7261410788381742,0.7349397590361446,0.7220338983050848,0.7564575645756457,0.805668016194332,0.7731958762886598,0.7597173144876325,0.7566539923954373,0.6207951070336392,0.8021978021978022,0.7777777777777778,0.6444444444444445,0.7566539923954373,0.7444933920704846,0.6736401673640168,0.6877637130801688,0.7942386831275721,0.7991266375545851,0.7387755102040816,0.7009345794392523,0.76,0.7354085603112841,0.7295373665480427,0.7142857142857143,0.7411764705882353,0.7939914163090128,0.796078431372549,0.6411960132890365,0.7316017316017316,0.8218623481781376,0.7319587628865979,0.7606177606177607,0.6232686980609419,0.8197424892703863,0.8078602620087336,0.7435897435897436,0.7250859106529209,0.7188755020080321,0.7154811715481172,0.7735849056603774,0.7890909090909091,0.7472118959107806,0.8242677824267782,0.8353909465020576,0.7224489795918367,0.8091286307053942,0.745819397993311,0.8838174273858921,0.7192982456140351,0.7551020408163265,0.8111587982832618,0.8075313807531381,0.854251012145749,0.7211155378486056,0.8215613382899628,0.7641921397379913,0.7301038062283737,0.803921568627451,0.730909090909091,0.7095709570957096,0.7142857142857143,0.7152103559870551,0.7053291536050157,0.751004016064257,0.6705882352941176,0.7316017316017316,0.7366548042704626,0.8174273858921162,0.8540772532188842,0.8084291187739464,0.6983606557377049,0.6368876080691642,0.7011494252873564,0.7617021276595745,0.8614718614718615,0.7735849056603774,0.7976653696498055,0.729957805907173,0.7132075471698113,0.6738461538461539,0.6232686980609419,0.6652360515021459,0.7319587628865979,0.8268398268398268,0.7813765182186235,0.7928286852589641,1.0,0.6923076923076923,0.7282229965156795,0.7803921568627451,0.7560975609756098,0.7647058823529411,0.8666666666666667,0.8661087866108786,0.7702127659574468,0.8312236286919831,0.8765432098765432,0.696969696969697,0.8204081632653061,0.8024691358024691,0.7564575645756457,0.8084291187739464,0.8158995815899581,0.7760617760617761,0.8189300411522634,0.7176470588235294
sub-NORB00016_ses-1_correlation_matrix_avg,0.7811550151975684,0.42153846153846153,0.8103975535168195,0.8643067846607669,0.7415384615384616,0.8287461773700305,0.6738461538461539,0.8123167155425219,0.8640226628895185,0.6923076923076923,0.7353846153846154,0.6307692307692307,0.9002770083102493,0.6991150442477876,0.7611940298507462,0.6941896024464832,0.7689969604863222,0.8836565096952909,0.7308868501529052,0.5446153846153846,0.6369230769230769,0.7811550151975684,0.5507692307692308,0.5876923076923077,0.6369230769230769,0.8480243161094225,0.7194029850746269,0.68,0.8723404255319149,0.7957957957957958,0.7292307692307692,0.8051575931232091,0.8215384615384616,0.6369230769230769,0.7606837606837606,0.7186544342507645,0.5261538461538462,0.5384615384615384,0.5384615384615384,0.6492307692307693,0.5753846153846154,0.6184615384615385,0.861671469740634,0.7750759878419453,0.6595744680851063,0.7811550151975684,0.5261538461538462,0.6636085626911316,0.5938461538461538,0.7064220183486238,0.7419354838709677,0.5384615384615384,0.6923076923076923,0.7922848664688428,0.6899696048632219,0.9002770083102493,0.6123076923076923,0.5815384615384616,0.7614678899082569,0.8297872340425532,0.6246153846153846,0.5692307692307692,0.7538461538461538,0.7993920972644377,0.7325227963525835,0.6492307692307693,0.68,0.6061538461538462,0.6492307692307693,0.8905775075987842,0.7046153846153846,0.8153846153846154,0.6307692307692307,0.6061538461538462,0.6369230769230769,0.7169230769230769,0.6269113149847095,0.8153846153846154,0.5507692307692308,0.8237082066869301,0.7230769230769231,0.7614678899082569,0.8230088495575221,0.8443804034582133,0.8155619596541787,0.8775510204081632,0.6492307692307693,0.6184615384615385,0.5384615384615384,0.7981651376146789,0.6553846153846153,0.6369230769230769,0.7492354740061162,0.844776119402985,0.8607242339832869,0.6534954407294833,0.5815384615384616,0.6307692307692307,0.7431192660550459,0.7292307692307692,0.5501519756838906,0.6941896024464832,0.8347578347578347,0.9002770083102493,0.5015384615384615,0.8138138138138138,0.6061538461538462,0.6615384615384615,0.6819571865443425,0.6923076923076923,1.0,0.7897897897897898,0.6636636636636637,0.824773413897281,0.6923076923076923,0.7723076923076924,0.68,0.5876923076923077,0.6430769230769231,0.7003058103975535,0.5138461538461538,0.68,0.6553846153846153,0.7723076923076924,0.76,0.6430769230769231,0.7125382262996942,0.6676923076923077,0.6352583586626139
sub-NORB00007_ses-1_correlation_matrix_avg,0.7674418604651163,0.48363636363636364,0.8114478114478114,0.8006230529595015,0.7964912280701755,0.8193979933110368,0.7437722419928826,0.7353846153846154,0.7712609970674487,0.7526501766784452,0.7770034843205574,0.7060931899641577,0.7506925207756233,0.6261682242990654,0.7124600638977636,0.8181818181818182,0.8144329896907216,0.7535014005602241,0.8220640569395018,0.6173285198555957,0.7256317689530686,0.7912457912457912,0.6245487364620939,0.6559139784946236,0.6890459363957597,0.7813504823151125,0.7003257328990228,0.7385159010600707,0.8070739549839229,0.8440677966101695,0.7950530035335689,0.7091988130563798,0.7755775577557755,0.7256317689530686,0.7353846153846154,0.8339350180505415,0.6309963099630996,0.5985663082437276,0.6101083032490975,0.7527272727272727,0.6776556776556777,0.703971119133574,0.8103975535168195,0.7845117845117845,0.6791808873720137,0.7912457912457912,0.6072727272727273,0.7073170731707317,0.6996336996336996,0.7935943060498221,0.7142857142857143,0.6336996336996337,0.7162629757785467,0.8394648829431438,0.7491289198606271,0.7506925207756233,0.6967509025270758,0.684981684981685,0.7575757575757576,0.8327759197324415,0.7111913357400722,0.6344086021505376,0.7854671280276817,0.7873754152823921,0.7142857142857143,0.6794425087108014,0.7634408602150538,0.7142857142857143,0.7153024911032029,0.8146964856230032,0.7793594306049823,0.8169491525423729,0.7184115523465704,0.7018181818181818,0.701067615658363,0.7560975609756098,0.7132616487455197,0.8169491525423729,0.6363636363636364,0.7901639344262295,0.738831615120275,0.7575757575757576,0.7904761904761904,0.8255451713395638,0.7614678899082569,0.7933130699088146,0.7153024911032029,0.6917562724014337,0.6457564575645757,0.7740863787375415,0.7347670250896058,0.7256317689530686,0.7923875432525952,0.7791798107255521,0.7593123209169055,0.7192982456140351,0.6606498194945848,0.693950177935943,0.7854671280276817,0.7577854671280276,0.6462093862815884,0.7301038062283737,0.7717717717717718,0.7506925207756233,0.5667870036101083,0.8394648829431438,0.6774193548387096,0.7419354838709677,0.7526501766784452,0.7282229965156795,0.7897897897897898,1.0,0.7421602787456446,0.8394648829431438,0.7777777777777778,0.8062283737024222,0.7634408602150538,0.68,0.7204301075268817,0.7370242214532872,0.6043956043956044,0.7385159010600707,0.7347670250896058,0.818815331010453,0.8434163701067615,0.7204301075268817,0.7630662020905923,0.7745454545454545,0.7102473498233216
sub-NORB00023_ses-1_correlation_matrix_avg,0.6955017301038062,0.49387755102040815,0.7526501766784452,0.6802507836990596,0.7343173431734318,0.7250859106529209,0.7707509881422925,0.6363636363636364,0.6776119402985075,0.7132075471698113,0.7660377358490567,0.8312236286919831,0.6343490304709142,0.5841584158415841,0.697594501718213,0.7283018867924528,0.7295373665480427,0.6450704225352113,0.7472118959107806,0.6437246963562753,0.7795918367346939,0.7073170731707317,0.6790123456790124,0.7004048582995951,0.7370517928286853,0.7009966777408638,0.7204301075268817,0.7786561264822134,0.6828478964401294,0.7370242214532872,0.7323420074349443,0.6430769230769231,0.7403508771929824,0.7942386831275721,0.5963302752293578,0.7453183520599251,0.6877637130801688,0.6625514403292181,0.6095617529880478,0.7813765182186235,0.7119341563786008,0.7551020408163265,0.6923076923076923,0.7003484320557491,0.6981132075471698,0.6723549488054608,0.6597510373443983,0.6779026217228464,0.7366255144032922,0.7433962264150943,0.688135593220339,0.6763485477178424,0.7803921568627451,0.7104377104377104,0.7624521072796935,0.6343490304709142,0.7613168724279835,0.7489539748953975,0.708185053380783,0.6923076923076923,0.667953667953668,0.649402390438247,0.7490774907749077,0.7403508771929824,0.7236363636363636,0.7813765182186235,0.7928286852589641,0.7246963562753036,0.7391304347826086,0.6913183279742765,0.8102766798418972,0.6745762711864407,0.7154150197628458,0.7824267782426778,0.7098039215686275,0.7566539923954373,0.6833976833976834,0.7455830388692579,0.7071129707112971,0.7084745762711865,0.7121771217712177,0.6842105263157895,0.6466876971608833,0.6636085626911316,0.7281553398058253,0.6758409785932722,0.7391304347826086,0.6475095785440613,0.7191489361702128,0.6791808873720137,0.7333333333333333,0.7651821862348178,0.7184115523465704,0.7003257328990228,0.6579710144927536,0.6654275092936803,0.6923076923076923,0.7860082304526749,0.7236363636363636,0.7584905660377359,0.689795918367347,0.6776556776556777,0.6758409785932722,0.6343490304709142,0.6540084388185654,0.6655737704918033,0.7530864197530864,0.7142857142857143,0.752895752895753,0.7803921568627451,0.6636636636636637,0.7421602787456446,1.0,0.7220338983050848,0.752895752895753,0.7712177121771218,0.8218623481781376,0.7427385892116183,0.7450199203187251,0.7898832684824902,0.6431535269709544,0.7786561264822134,0.7751004016064257,0.7582417582417582,0.7695167286245354,0.7877551020408163,0.6872727272727273,0.7628458498023716,0.7065637065637066
sub-NORB00036_ses-1_correlation_matrix_avg,0.8430034129692833,0.44947735191637633,0.863481228668942,0.8369905956112853,0.8118466898954704,0.8585858585858586,0.735191637630662,0.7492354740061162,0.8160237388724035,0.7684210526315789,0.8175438596491228,0.7224199288256228,0.7728531855955678,0.6408668730650154,0.7491961414790996,0.7950530035335689,0.7807308970099668,0.7759103641456583,0.7993079584775087,0.6,0.7419354838709677,0.8556701030927835,0.6070175438596491,0.6607773851590106,0.7173144876325088,0.8547854785478548,0.760797342192691,0.7543859649122807,0.893687707641196,0.8461538461538461,0.7979094076655052,0.7643504531722054,0.801980198019802,0.7295373665480427,0.804416403785489,0.8105263157894737,0.6129032258064516,0.5929824561403508,0.6042402826855123,0.7437722419928826,0.6583629893238434,0.696113074204947,0.8461538461538461,0.8361774744027304,0.7667844522968198,0.8815331010452961,0.6014234875444839,0.735191637630662,0.6797153024911032,0.7716262975778547,0.7850162866449512,0.6272401433691757,0.7439446366782007,0.7714285714285715,0.7525773195876289,0.7728531855955678,0.701067615658363,0.6774193548387096,0.8466898954703833,0.8976109215017065,0.7275985663082437,0.6055363321799307,0.8257839721254355,0.8508474576271187,0.7525083612040134,0.7073170731707317,0.7667844522968198,0.7060931899641577,0.7073170731707317,0.900990099009901,0.7950530035335689,0.7953795379537953,0.7224199288256228,0.693950177935943,0.7173144876325088,0.7594501718213058,0.7173144876325088,0.8440677966101695,0.6183745583038869,0.8528428093645485,0.7785467128027682,0.7491749174917491,0.8631921824104235,0.8504672897196262,0.796923076923077,0.8513931888544891,0.7562724014336918,0.7204301075268817,0.6272401433691757,0.8006644518272426,0.7508896797153025,0.7173144876325088,0.8200692041522492,0.804416403785489,0.792507204610951,0.711340206185567,0.6774193548387096,0.7102473498233216,0.7762711864406779,0.7854671280276817,0.6395759717314488,0.7824561403508772,0.8066465256797583,0.7728531855955678,0.5842293906810035,0.7714285714285715,0.6819787985865724,0.7333333333333333,0.7560975609756098,0.7560975609756098,0.824773413897281,0.8394648829431438,0.7220338983050848,1.0,0.7935943060498221,0.8213058419243986,0.7543859649122807,0.6491228070175439,0.7243816254416962,0.8021201413427562,0.5985663082437276,0.7543859649122807,0.7508896797153025,0.8339100346020761,0.8327526132404182,0.7491039426523297,0.7663230240549829,0.7162629757785467,0.7263157894736842
sub-NORB00019_ses-1_correlation_matrix_avg,0.8339622641509434,0.5274261603375527,0.7890909090909091,0.7216828478964401,0.7718631178707225,0.7849462365591398,0.8423236514522822,0.7209302325581395,0.6756756756756757,0.8828451882845189,0.848605577689243,0.8297872340425532,0.6232686980609419,0.5813953488372093,0.7073170731707317,0.8530612244897959,0.740072202166065,0.6338028169014085,0.8274509803921568,0.6408163265306123,0.8701298701298701,0.8202247191011236,0.7191489361702128,0.7552742616033755,0.763265306122449,0.7950530035335689,0.7564575645756457,0.7490196078431373,0.7731958762886598,0.7722419928825622,0.8704453441295547,0.6510903426791277,0.7508896797153025,0.8075313807531381,0.7209302325581395,0.8704453441295547,0.7292576419213974,0.7021276595744681,0.6877637130801688,0.7795918367346939,0.7095435684647303,0.7974683544303798,0.7009345794392523,0.8127340823970037,0.7911646586345381,0.7802197802197802,0.6995708154506438,0.7411764705882353,0.7344398340248963,0.854251012145749,0.7333333333333333,0.7316017316017316,0.7928286852589641,0.7084745762711865,0.77431906614786,0.6232686980609419,0.8197424892703863,0.7922077922077922,0.8521400778210116,0.7992831541218638,0.8212765957446808,0.6465863453815262,0.8287937743190662,0.7890909090909091,0.7735849056603774,0.8091286307053942,0.7768924302788844,0.8268398268398268,0.751004016064257,0.7575757575757576,0.8087649402390438,0.7562724014336918,0.8942731277533039,0.8111587982832618,0.7777777777777778,0.7821011673151751,0.8701298701298701,0.7948717948717948,0.6763485477178424,0.7921146953405018,0.7624521072796935,0.7060931899641577,0.7559322033898305,0.7142857142857143,0.6719242902208202,0.7053291536050157,0.8874458874458875,0.8441558441558441,0.762114537444934,0.7617328519855595,0.8024691358024691,0.763265306122449,0.8223938223938224,0.7324414715719063,0.6559766763848397,0.7142857142857143,0.7922077922077922,0.7551020408163265,0.7602996254681648,0.7837837837837838,0.759656652360515,0.8683127572016461,0.6636085626911316,0.6232686980609419,0.6943231441048034,0.7084745762711865,0.7805907172995781,0.8410041841004184,0.8987341772151899,0.7647058823529411,0.6923076923076923,0.7777777777777778,0.752895752895753,0.7935943060498221,1.0,0.7962264150943397,0.7768924302788844,0.7552742616033755,0.757085020242915,0.8023715415019763,0.7422222222222222,0.8353909465020576,0.8174273858921162,0.8098859315589354,0.8656126482213439,0.8008298755186722,0.7358490566037735,0.7198443579766537,0.8326359832635983
sub-NORB00094_ses-2_correlation_matrix_avg,0.8091872791519434,0.5335968379446641,0.8836363636363637,0.8175895765472313,0.828996282527881,0.9054545454545454,0.8146718146718147,0.7380191693290735,0.7432835820895523,0.8098859315589354,0.8490566037735849,0.8167330677290837,0.6952908587257618,0.6902356902356902,0.8105263157894737,0.7843866171003717,0.8207885304659498,0.6880222841225627,0.8566037735849057,0.6525096525096525,0.8102766798418972,0.8351254480286738,0.6862745098039216,0.7609561752988048,0.7821011673151751,0.797979797979798,0.773851590106007,0.8223938223938224,0.8372881355932204,0.8131487889273357,0.8141263940520446,0.6797583081570997,0.8836363636363637,0.7547892720306514,0.6842105263157895,0.8007380073800738,0.6812749003984063,0.6705882352941176,0.6447876447876448,0.8117647058823529,0.7450199203187251,0.7451737451737451,0.7708978328173375,0.8021201413427562,0.7546468401486989,0.7716262975778547,0.6679841897233202,0.7472118959107806,0.7689243027888446,0.8264150943396227,0.6720257234726688,0.6972111553784861,0.8378378378378378,0.7845117845117845,0.7785977859778598,0.6952908587257618,0.7786561264822134,0.7529880478087649,0.7864768683274022,0.8269896193771626,0.7262357414448669,0.7098039215686275,0.8302583025830258,0.8175438596491228,0.8036363636363636,0.7976653696498055,0.8365758754863813,0.7431906614785992,0.8260869565217391,0.8085808580858086,0.9123505976095617,0.8105263157894737,0.7471264367816092,0.7707509881422925,0.7821011673151751,0.8980392156862745,0.7026022304832714,0.9325842696629213,0.7131474103585658,0.8075601374570447,0.8066914498141264,0.8122743682310469,0.7836065573770492,0.7968253968253968,0.7320872274143302,0.786833855799373,0.7837837837837838,0.6928838951310862,0.6972111553784861,0.8291814946619217,0.7915057915057915,0.8247011952191236,0.8241758241758241,0.7491961414790996,0.7118155619596542,0.6967509025270758,0.7254901960784313,0.8167330677290837,0.8576779026217228,0.8277153558052435,0.6964980544747081,0.7204301075268817,0.7014925373134329,0.6952908587257618,0.649402390438247,0.8088737201365188,0.7848605577689243,0.7992277992277992,0.8098859315589354,0.8666666666666667,0.7723076923076924,0.8062283737024222,0.7712177121771218,0.8213058419243986,0.7962264150943397,1.0,0.8365758754863813,0.7333333333333333,0.8181818181818182,0.861003861003861,0.6521739130434783,0.8509803921568627,0.8196078431372549,0.8523985239852399,0.879245283018868,0.803921568627451,0.7933579335793358,0.8210116731517509,0.7509433962264151
sub-NORB00077_ses-2_correlation_matrix_avg,0.7655677655677655,0.5770925110132159,0.8141263940520446,0.6977491961414791,0.7837837837837838,0.7963636363636364,0.7959183673469388,0.6421725239616614,0.6537313432835821,0.7490196078431373,0.8326693227091634,0.8766519823788547,0.6121883656509696,0.6445993031358885,0.7295373665480427,0.7241379310344828,0.7256317689530686,0.6044568245125348,0.8554216867469879,0.6936170212765957,0.8059071729957806,0.79182156133829,0.7316017316017316,0.7383966244725738,0.7613168724279835,0.7084745762711865,0.703971119133574,0.8189300411522634,0.7594501718213058,0.7455830388692579,0.796078431372549,0.5987841945288754,0.7875457875457875,0.7907949790794979,0.6112852664576802,0.7414448669201521,0.7422222222222222,0.6995708154506438,0.6296296296296297,0.7925311203319502,0.8133333333333334,0.7510373443983402,0.6780185758513931,0.7582417582417582,0.7470355731225297,0.7031802120141343,0.696969696969697,0.7254901960784313,0.8078602620087336,0.7803921568627451,0.6171617161716172,0.6995708154506438,0.8353909465020576,0.7301038062283737,0.7318007662835249,0.6121883656509696,0.7872340425531915,0.7903930131004366,0.7416974169741697,0.7231833910034602,0.6758893280632411,0.6846473029045643,0.7323420074349443,0.8007380073800738,0.7323420074349443,0.8227848101265823,0.8340248962655602,0.7344398340248963,0.8382978723404255,0.7324414715719063,0.8987341772151899,0.7052631578947368,0.7530864197530864,0.8095238095238095,0.7327935222672065,0.8380566801619433,0.7188755020080321,0.8202247191011236,0.7467248908296943,0.7526501766784452,0.7471264367816092,0.7289377289377289,0.7423728813559322,0.7015873015873015,0.7022653721682848,0.6927899686520376,0.7777777777777778,0.6549019607843137,0.7918552036199095,0.7347670250896058,0.8158995815899581,0.8369098712446352,0.779467680608365,0.6963696369636964,0.6253602305475504,0.6356877323420075,0.729957805907173,0.8766519823788547,0.7854406130268199,0.796078431372549,0.7575757575757576,0.7110266159695817,0.6615384615384615,0.6121883656509696,0.7066666666666667,0.7064846416382252,0.7939914163090128,0.751004016064257,0.805668016194332,0.8661087866108786,0.68,0.7634408602150538,0.8218623481781376,0.7543859649122807,0.7768924302788844,0.8365758754863813,1.0,0.7991266375545851,0.8297872340425532,0.8600823045267489,0.6796536796536796,0.8040816326530612,0.7714285714285715,0.7677902621722846,0.849802371541502,0.8143459915611815,0.7471264367816092,0.8326359832635983,0.7714285714285715
sub-NORB00085_ses-2_correlation_matrix_avg,0.6802973977695167,0.6318407960199005,0.7153558052434457,0.6116504854368932,0.7489878542510121,0.6996336996336996,0.8061674008810573,0.6406779661016949,0.5548961424332344,0.7119341563786008,0.7131474103585658,0.76,0.5290858725761773,0.6309963099630996,0.6826568265682657,0.7721518987341772,0.7431906614785992,0.5380281690140845,0.7489878542510121,0.7951219512195122,0.7847533632286996,0.6802973977695167,0.8226600985221675,0.7442922374429224,0.7379912663755459,0.6749116607773852,0.6934865900383141,0.7835497835497836,0.6563573883161512,0.6512455516014235,0.7613168724279835,0.6051779935275081,0.6654545454545454,0.8685446009389671,0.5868852459016394,0.746938775510204,0.8564102564102564,0.8208955223880597,0.7345971563981043,0.7866666666666666,0.8086124401913876,0.7899543378995434,0.5753846153846154,0.6853932584269663,0.6546184738955824,0.6928838951310862,0.748792270531401,0.759656652360515,0.8028169014084507,0.7593360995850622,0.5807560137457045,0.7681159420289855,0.6979591836734694,0.6845878136200717,0.8111587982832618,0.5290858725761773,0.8483412322274881,0.8905472636815921,0.7065637065637066,0.6654804270462633,0.7511111111111111,0.7819905213270142,0.7233201581027668,0.6776556776556777,0.7233201581027668,0.8026905829596412,0.7991266375545851,0.8215962441314554,0.6962025316455697,0.6321070234113713,0.7721518987341772,0.720754716981132,0.7444933920704846,0.8926829268292683,0.817351598173516,0.7740585774058577,0.7379912663755459,0.7078651685393258,0.7535545023696683,0.6823104693140795,0.7676348547717843,0.6934865900383141,0.6079734219269103,0.6063492063492063,0.594855305466238,0.5987460815047022,0.7402597402597403,0.6680851063829787,0.8391959798994975,0.6877323420074349,0.7955555555555556,0.817351598173516,0.6781609195402298,0.6296296296296297,0.5478260869565217,0.729957805907173,0.8181818181818182,0.7292576419213974,0.7370517928286853,0.7327935222672065,0.7327188940092166,0.6867469879518072,0.5596330275229358,0.5290858725761773,0.69377990430622,0.6607773851590106,0.8743961352657005,0.7729257641921398,0.7119341563786008,0.7702127659574468,0.5876923076923077,0.68,0.7427385892116183,0.6491228070175439,0.7552742616033755,0.7333333333333333,0.7991266375545851,1.0,0.8264840182648402,0.7510373443983402,0.7635467980295566,0.7835497835497836,0.7797356828193832,0.7198443579766537,0.7312252964426877,0.8099547511312217,0.7246963562753036,0.7816593886462883,0.7339055793991416
sub-NORB00012_ses-1_correlation_matrix_avg,0.7870722433460076,0.5799086757990868,0.7695167286245354,0.6807817589576547,0.7928286852589641,0.7655677655677655,0.7613168724279835,0.6567656765676567,0.6276276276276276,0.7290836653386454,0.7707509881422925,0.8237885462555066,0.5789473684210527,0.6974169741697417,0.7886792452830189,0.7877551020408163,0.7718631178707225,0.5798319327731093,0.8367346938775511,0.7155555555555555,0.7702127659574468,0.7735849056603774,0.771689497716895,0.7467248908296943,0.7261410788381742,0.6565656565656566,0.6974169741697417,0.7408906882591093,0.7064846416382252,0.7031802120141343,0.7088122605363985,0.6112852664576802,0.7827715355805244,0.8654708520179372,0.583596214511041,0.7354085603112841,0.784037558685446,0.7375565610859729,0.6916299559471366,0.8025751072961373,0.8767772511848341,0.7012448132780082,0.6510903426791277,0.779467680608365,0.6996047430830039,0.7735849056603774,0.7351598173515982,0.7051792828685259,0.8356164383561644,0.8340248962655602,0.5775577557755776,0.7375565610859729,0.8158995815899581,0.7243816254416962,0.7529880478087649,0.5789473684210527,0.880184331797235,0.8685446009389671,0.7100371747211895,0.7295373665480427,0.7238493723849372,0.7056277056277056,0.7132075471698113,0.7564575645756457,0.7132075471698113,0.7872340425531915,0.8297872340425532,0.7729257641921398,0.8025751072961373,0.6810631229235881,0.8638297872340426,0.7236363636363636,0.7468354430379747,0.820627802690583,0.8325991189427313,0.8808510638297873,0.7405857740585774,0.7752808988764045,0.8215962441314554,0.6982456140350877,0.8423236514522822,0.7100371747211895,0.7016949152542373,0.6529968454258676,0.6421725239616614,0.6551724137931034,0.7427385892116183,0.673469387755102,0.8199052132701422,0.7946768060836502,0.8923766816143498,0.8995433789954338,0.77431906614786,0.7133105802047781,0.590778097982709,0.691699604743083,0.817351598173516,0.776824034334764,0.8380566801619433,0.8353909465020576,0.7056277056277056,0.7176470588235294,0.6048632218844985,0.5789473684210527,0.6533333333333333,0.712280701754386,0.8709677419354839,0.7740585774058577,0.757085020242915,0.8312236286919831,0.6430769230769231,0.7204301075268817,0.7450199203187251,0.7243816254416962,0.757085020242915,0.8181818181818182,0.8297872340425532,0.8264840182648402,1.0,0.8565400843881856,0.7652582159624414,0.799163179916318,0.7366255144032922,0.7100371747211895,0.788235294117647,0.7787234042553192,0.8423236514522822,0.8441558441558441,0.6947791164658634
sub-NORB00039_ses-1_correlation_matrix_avg,0.8426966292134831,0.51440329218107,0.8376383763837638,0.752442996742671,0.7946768060836502,0.7935943060498221,0.8072289156626506,0.6741214057507987,0.6936936936936937,0.8023715415019763,0.8431372549019608,0.871244635193133,0.6398891966759003,0.6678200692041523,0.8036363636363636,0.7624521072796935,0.7491039426523297,0.6414565826330533,0.8223938223938224,0.6653061224489796,0.8024691358024691,0.8426966292134831,0.7154811715481172,0.7366255144032922,0.7590361445783133,0.7423728813559322,0.7785977859778598,0.8007968127490039,0.7938144329896907,0.7684210526315789,0.779467680608365,0.6291793313069909,0.8376383763837638,0.8024691358024691,0.6634920634920635,0.7660377358490567,0.7253218884120172,0.698744769874477,0.6571428571428571,0.7894736842105263,0.7939914163090128,0.7211155378486056,0.719626168224299,0.8215613382899628,0.8007968127490039,0.776173285198556,0.6820083682008368,0.7241379310344828,0.7890295358649789,0.7915057915057915,0.6501650165016502,0.698744769874477,0.8461538461538461,0.7406143344709898,0.7433962264150943,0.6398891966759003,0.8297872340425532,0.8025751072961373,0.8052434456928839,0.7824561403508772,0.7154150197628458,0.6573705179282868,0.7695167286245354,0.8513011152416357,0.7827715355805244,0.8340248962655602,0.8152610441767069,0.746938775510204,0.8189300411522634,0.7658862876254181,0.8930041152263375,0.7044673539518901,0.7795918367346939,0.7907949790794979,0.7877551020408163,0.848605577689243,0.7450199203187251,0.8302583025830258,0.7446808510638298,0.7508650519031141,0.8132295719844358,0.740072202166065,0.7643097643097643,0.722397476340694,0.7346278317152104,0.7241379310344828,0.7894736842105263,0.6809338521400778,0.7575757575757576,0.7706093189964157,0.8423236514522822,0.8326359832635983,0.8037735849056604,0.7180327868852459,0.663768115942029,0.6605166051660517,0.7427385892116183,0.8242677824267782,0.8098859315589354,0.8352941176470589,0.7405857740585774,0.7490494296577946,0.6819571865443425,0.6398891966759003,0.7056277056277056,0.705685618729097,0.8212765957446808,0.7768924302788844,0.8167330677290837,0.8765432098765432,0.7003058103975535,0.7370242214532872,0.7898832684824902,0.8021201413427562,0.8023715415019763,0.861003861003861,0.8600823045267489,0.7510373443983402,0.8565400843881856,1.0,0.6936170212765957,0.8152610441767069,0.7975708502024291,0.7655677655677655,0.8174904942965779,0.8257261410788381,0.7992277992277992,0.7707509881422925,0.7549407114624506
sub-NORB00048_ses-1_correlation_matrix_avg,0.6398467432950191,0.5916230366492147,0.6254681647940075,0.5439739413680782,0.6790123456790124,0.6117216117216118,0.7309417040358744,0.5699658703071673,0.5015015015015015,0.7268722466960352,0.6707818930041153,0.7464788732394366,0.4626038781163435,0.5539033457249071,0.6179775280898876,0.7292576419213974,0.637065637065637,0.4704225352112676,0.6929460580912863,0.6303317535545023,0.7395348837209302,0.6398467432950191,0.8306878306878307,0.6651162790697674,0.7077625570776256,0.5901060070671378,0.6521739130434783,0.6371308016877637,0.5738831615120275,0.6,0.7046413502109705,0.5475409836065573,0.6133828996282528,0.7894736842105263,0.5488215488215489,0.7046413502109705,0.7696335078534031,0.6847290640394089,0.7360406091370558,0.695067264573991,0.7611940298507462,0.695852534562212,0.5202492211838006,0.632183908045977,0.6371308016877637,0.6398467432950191,0.681592039800995,0.6425531914893617,0.7061611374407583,0.7167381974248928,0.5970695970695971,0.7360406091370558,0.7117903930131004,0.5871886120996441,0.7229437229437229,0.4626038781163435,0.8208955223880597,0.8071065989847716,0.6653386454183267,0.6028880866425993,0.7703349282296651,0.6525821596244131,0.6816326530612244,0.6254681647940075,0.6414342629482072,0.726027397260274,0.7092511013215859,0.8109452736318408,0.68,0.5622895622895623,0.6995708154506438,0.630188679245283,0.8146341463414634,0.7931034482758621,0.7894736842105263,0.7167381974248928,0.8067632850241546,0.630188679245283,0.6878048780487804,0.6072727272727273,0.7106382978723405,0.5893536121673004,0.5699658703071673,0.5301587301587302,0.5275080906148867,0.5235109717868338,0.7746478873239436,0.7276995305164319,0.772020725388601,0.6349809885931559,0.7511520737327189,0.7725118483412322,0.649402390438247,0.5699658703071673,0.4868804664723032,0.746606334841629,0.844559585492228,0.7142857142857143,0.6680161943319838,0.7046413502109705,0.7339901477832512,0.6995708154506438,0.5046439628482973,0.4626038781163435,0.6751269035532995,0.5759717314487632,0.8109452736318408,0.7767441860465116,0.7268722466960352,0.696969696969697,0.5138461538461538,0.6043956043956044,0.6431535269709544,0.5985663082437276,0.7422222222222222,0.6521739130434783,0.6796536796536796,0.7635467980295566,0.7652582159624414,0.6936170212765957,1.0,0.755656108597285,0.7351598173515982,0.6653386454183267,0.6761133603238867,0.7168949771689498,0.6962025316455697,0.6916299559471366,0.7040358744394619
sub-NORB00046_ses-1_correlation_matrix_avg,0.7785977859778598,0.5770925110132159,0.7875457875457875,0.7198697068403909,0.7566539923954373,0.7963636363636364,0.8106995884773662,0.707641196013289,0.6636636636636637,0.8353909465020576,0.7760617760617761,0.8127659574468085,0.6121883656509696,0.6109215017064846,0.7672727272727272,0.8072289156626506,0.7256317689530686,0.6134453781512605,0.8554216867469879,0.6514522821576764,0.8528138528138528,0.79182156133829,0.7777777777777778,0.7991266375545851,0.8528138528138528,0.7684210526315789,0.8084291187739464,0.7894736842105263,0.7474402730375427,0.7333333333333333,0.8247011952191236,0.6805111821086262,0.8141263940520446,0.8528138528138528,0.6742671009771987,0.8102766798418972,0.757847533632287,0.7142857142857143,0.7142857142857143,0.8075313807531381,0.7361702127659574,0.7957446808510639,0.6884735202492211,0.7582417582417582,0.7609561752988048,0.7275985663082437,0.7422222222222222,0.7529880478087649,0.7617021276595745,0.8683127572016461,0.6723549488054608,0.7918552036199095,0.8353909465020576,0.7064846416382252,0.8007968127490039,0.6121883656509696,0.834061135371179,0.8061674008810573,0.8365758754863813,0.7722419928825622,0.7740585774058577,0.7276595744680852,0.841897233201581,0.8007380073800738,0.7992277992277992,0.8540772532188842,0.8493723849372385,0.8095238095238095,0.7925311203319502,0.7441077441077442,0.8828451882845189,0.7672727272727272,0.8283261802575107,0.8414096916299559,0.8212765957446808,0.8683127572016461,0.7759336099585062,0.8066914498141264,0.6877637130801688,0.7651245551601423,0.77431906614786,0.7811320754716982,0.7306397306397306,0.7015873015873015,0.6698412698412698,0.6927899686520376,0.8227848101265823,0.7366255144032922,0.76,0.7859778597785978,0.7860082304526749,0.8212765957446808,0.806949806949807,0.707641196013289,0.6347826086956522,0.7254901960784313,0.8222222222222222,0.7974683544303798,0.8132295719844358,0.796078431372549,0.7276595744680852,0.7509727626459144,0.6615384615384615,0.6121883656509696,0.7066666666666667,0.7301038062283737,0.8914027149321267,0.8874458874458875,0.8353909465020576,0.8204081632653061,0.68,0.7385159010600707,0.7786561264822134,0.7543859649122807,0.8353909465020576,0.8509803921568627,0.8040816326530612,0.7835497835497836,0.799163179916318,0.8152610441767069,0.755656108597285,1.0,0.8468085106382979,0.8509803921568627,0.8645418326693227,0.8454935622317596,0.7338403041825095,0.7877551020408163,0.7714285714285715
sub-NORB00066_ses-1_correlation_matrix_avg,0.6989247311827957,0.5555555555555556,0.7843866171003717,0.6938110749185668,0.7803921568627451,0.7672727272727272,0.8701298701298701,0.6923076923076923,0.6396396396396397,0.8024691358024691,0.7725490196078432,0.8095238095238095,0.590027700831025,0.6167247386759582,0.6771929824561403,0.7751004016064257,0.7472118959107806,0.6,0.7665369649805448,0.6883116883116883,0.8181818181818182,0.7111913357400722,0.7422222222222222,0.7641921397379913,0.8502202643171806,0.7526501766784452,0.8054474708171206,0.8468085106382979,0.7201365187713311,0.7545126353790613,0.8218623481781376,0.6340694006309149,0.7454545454545455,0.8025751072961373,0.6810631229235881,0.8218623481781376,0.7375565610859729,0.7399103139013453,0.7244444444444444,0.8197424892703863,0.6877637130801688,0.8237885462555066,0.6635514018691588,0.7163636363636363,0.7290836653386454,0.7111913357400722,0.6768558951965066,0.763265306122449,0.7130801687763713,0.7628458498023716,0.7153024911032029,0.7880184331797235,0.7312252964426877,0.7263157894736842,0.7975708502024291,0.590027700831025,0.7991266375545851,0.7866666666666666,0.7915057915057915,0.7437722419928826,0.7854077253218884,0.7379912663755459,0.8693877551020408,0.7328519855595668,0.796078431372549,0.8197424892703863,0.8468085106382979,0.7903930131004366,0.7593360995850622,0.7171717171717171,0.8189300411522634,0.7381818181818182,0.8095238095238095,0.8385650224215246,0.8025751072961373,0.7628458498023716,0.7573221757322176,0.7769516728624535,0.6540084388185654,0.7617328519855595,0.7431906614785992,0.7378277153558053,0.6482084690553745,0.6761904761904762,0.6872964169381107,0.6677115987460815,0.8042553191489362,0.7178423236514523,0.755656108597285,0.6819787985865724,0.7246963562753036,0.7573221757322176,0.7228464419475655,0.66996699669967,0.6209912536443148,0.7489878542510121,0.7709251101321586,0.7489539748953975,0.7283018867924528,0.7928286852589641,0.7379912663755459,0.7198443579766537,0.6369230769230769,0.590027700831025,0.7327188940092166,0.6907216494845361,0.8061674008810573,0.8212765957446808,0.8024691358024691,0.8024691358024691,0.6553846153846153,0.7347670250896058,0.7751004016064257,0.7508896797153025,0.8174273858921162,0.8196078431372549,0.7714285714285715,0.7797356828193832,0.7366255144032922,0.7975708502024291,0.7351598173515982,0.8468085106382979,1.0,0.848605577689243,0.7624521072796935,0.8755555555555555,0.7034220532319392,0.7551020408163265,0.7530864197530864
sub-NORB00100_ses-1_correlation_matrix_avg,0.7474402730375427,0.5097276264591439,0.8434163701067615,0.7714285714285715,0.8154981549815498,0.8385964912280702,0.8146718146718147,0.7160883280757098,0.7329376854599406,0.8098859315589354,0.8081180811808119,0.7471264367816092,0.6952908587257618,0.6351791530944625,0.7142857142857143,0.797752808988764,0.7824561403508772,0.7070422535211267,0.8021978021978022,0.6525096525096525,0.796078431372549,0.7839721254355401,0.6862745098039216,0.7065637065637066,0.8247011952191236,0.8606271777003485,0.8122743682310469,0.8223938223938224,0.8249158249158249,0.8006872852233677,0.8555133079847909,0.7320872274143302,0.8048780487804879,0.7821011673151751,0.7380191693290735,0.8141263940520446,0.6549019607843137,0.6575875486381323,0.6705882352941176,0.7701149425287356,0.6528301886792452,0.7865612648221344,0.7708978328173375,0.7525773195876289,0.7163636363636363,0.7474402730375427,0.6293436293436293,0.7472118959107806,0.6754716981132075,0.7859778597785978,0.7391304347826086,0.6972111553784861,0.7695167286245354,0.7491749174917491,0.8188679245283019,0.6952908587257618,0.7374517374517374,0.6988416988416989,0.8523985239852399,0.8144329896907216,0.752895752895753,0.6833976833976834,0.9003831417624522,0.8048780487804879,0.8302583025830258,0.7837837837837838,0.8084291187739464,0.7568627450980392,0.7047970479704797,0.8327759197324415,0.797752808988764,0.8362989323843416,0.77431906614786,0.7568627450980392,0.7821011673151751,0.7728937728937729,0.7414448669201521,0.8763636363636363,0.6104868913857678,0.8456140350877193,0.7933579335793358,0.7992831541218638,0.7605177993527508,0.7968253968253968,0.7320872274143302,0.7647058823529411,0.7837837837837838,0.7056603773584905,0.6705882352941176,0.7542662116040956,0.724907063197026,0.7153558052434457,0.7597173144876325,0.7053291536050157,0.7118155619596542,0.7602996254681648,0.7254901960784313,0.7078651685393258,0.7651245551601423,0.7875457875457875,0.6833976833976834,0.7204301075268817,0.7117117117117117,0.6952908587257618,0.649402390438247,0.7845117845117845,0.7568627450980392,0.7992277992277992,0.7827715355805244,0.7564575645756457,0.7723076923076924,0.818815331010453,0.7582417582417582,0.8339100346020761,0.8098859315589354,0.8523985239852399,0.7677902621722846,0.7198443579766537,0.7100371747211895,0.7655677655677655,0.6653386454183267,0.8509803921568627,0.848605577689243,1.0,0.8376383763837638,0.803921568627451,0.7295373665480427,0.7142857142857143,0.7642585551330798
sub-NORB00051_ses-1_correlation_matrix_avg,0.8339350180505415,0.5298804780876494,0.8291814946619217,0.7699680511182109,0.8007380073800738,0.8505338078291815,0.7718631178707225,0.7252396166134185,0.7313432835820896,0.8365758754863813,0.8479087452471483,0.8152610441767069,0.6842105263157895,0.6327868852459017,0.7716262975778547,0.8378378378378378,0.7935943060498221,0.6862745098039216,0.9137254901960784,0.6498054474708171,0.8087649402390438,0.8608058608058609,0.6972111553784861,0.7450199203187251,0.7665369649805448,0.8088737201365188,0.735191637630662,0.7660377358490567,0.8361774744027304,0.8374558303886925,0.8687258687258688,0.6880733944954128,0.8291814946619217,0.7944664031620553,0.7142857142857143,0.8544061302681992,0.6923076923076923,0.6549019607843137,0.6549019607843137,0.7821011673151751,0.7429718875502008,0.7568627450980392,0.7585139318885449,0.8136200716845878,0.7528089887640449,0.7950530035335689,0.6923076923076923,0.7584905660377359,0.7670682730923695,0.8532818532818532,0.6918032786885245,0.708502024291498,0.8365758754863813,0.7830508474576271,0.7638376383763837,0.6842105263157895,0.7768924302788844,0.751004016064257,0.8376383763837638,0.8257839721254355,0.7647058823529411,0.667953667953668,0.8021978021978022,0.8690909090909091,0.7508896797153025,0.7683397683397684,0.8210116731517509,0.7831325301204819,0.796078431372549,0.8316498316498316,0.896414342629482,0.7839721254355401,0.8152610441767069,0.7689243027888446,0.752895752895753,0.8390804597701149,0.7665369649805448,0.8618181818181818,0.6972111553784861,0.818815331010453,0.7785977859778598,0.7849462365591398,0.8181818181818182,0.7841269841269841,0.7304075235109718,0.774294670846395,0.796078431372549,0.7568627450980392,0.708502024291498,0.8021201413427562,0.7898832684824902,0.8232931726907631,0.8783269961977186,0.758957654723127,0.7002881844380403,0.6945454545454546,0.7370517928286853,0.8007968127490039,0.828996282527881,0.8127340823970037,0.7075098814229249,0.7962264150943397,0.7203647416413373,0.6842105263157895,0.6465863453815262,0.8075601374570447,0.7689243027888446,0.8260869565217391,0.8509803921568627,0.8084291187739464,0.76,0.8434163701067615,0.7695167286245354,0.8327526132404182,0.8656126482213439,0.879245283018868,0.849802371541502,0.7312252964426877,0.788235294117647,0.8174904942965779,0.6761133603238867,0.8645418326693227,0.7624521072796935,0.8376383763837638,1.0,0.788235294117647,0.7785977859778598,0.7915057915057915,0.7898832684824902
sub-NORB00057_ses-1_correlation_matrix_avg,0.7090909090909091,0.5799086757990868,0.7695167286245354,0.6699029126213593,0.7374517374517374,0.740072202166065,0.8212765957446808,0.6567656765676567,0.6276276276276276,0.8158995815899581,0.7431906614785992,0.8237885462555066,0.5789473684210527,0.6140350877192983,0.6868327402135231,0.7732793522267206,0.7195571955719557,0.5887323943661972,0.7928286852589641,0.7309417040358744,0.8488888888888889,0.7472118959107806,0.771689497716895,0.7777777777777778,0.8654708520179372,0.7385159010600707,0.7898832684824902,0.8614718614718615,0.718213058419244,0.7031802120141343,0.8204081632653061,0.6214511041009464,0.7564575645756457,0.8165938864628821,0.6677740863787376,0.7911646586345381,0.8009478672985783,0.7375565610859729,0.6916299559471366,0.8025751072961373,0.7444933920704846,0.7903930131004366,0.6510903426791277,0.7018181818181818,0.7269076305220884,0.6967509025270758,0.7194570135746606,0.746938775510204,0.7554585152838428,0.7894736842105263,0.6426116838487973,0.786046511627907,0.7714285714285715,0.712280701754386,0.7670682730923695,0.5789473684210527,0.8295964125560538,0.8341013824884793,0.8181818181818182,0.7295373665480427,0.7238493723849372,0.7205240174672489,0.8087649402390438,0.7695167286245354,0.7665369649805448,0.8666666666666667,0.8297872340425532,0.7729257641921398,0.7721518987341772,0.7037037037037037,0.8481012658227848,0.7236363636363636,0.776824034334764,0.8538812785388128,0.8008658008658008,0.8040816326530612,0.7552742616033755,0.7752808988764045,0.6943231441048034,0.7472924187725631,0.7411764705882353,0.7358490566037735,0.6789297658862876,0.6634920634920635,0.6634304207119741,0.6551724137931034,0.8025751072961373,0.7012448132780082,0.786046511627907,0.703971119133574,0.7510373443983402,0.7702127659574468,0.7338403041825095,0.6677740863787376,0.6,0.7051792828685259,0.8009049773755657,0.7922077922077922,0.752895752895753,0.7490196078431373,0.7668161434977578,0.7176470588235294,0.6346749226006192,0.5789473684210527,0.7630331753554502,0.6769759450171822,0.8371040723981901,0.8197424892703863,0.7860082304526749,0.8158995815899581,0.6430769230769231,0.7204301075268817,0.7877551020408163,0.7491039426523297,0.8008298755186722,0.803921568627451,0.8143459915611815,0.8099547511312217,0.7787234042553192,0.8257261410788381,0.7168949771689498,0.8454935622317596,0.8755555555555555,0.803921568627451,0.788235294117647,1.0,0.7276264591439688,0.7387755102040816,0.7656903765690377
sub-NORB00078_ses-2_correlation_matrix_avg,0.7906137184115524,0.4939759036144578,0.7864768683274022,0.7427652733118971,0.8521400778210116,0.7950530035335689,0.7665369649805448,0.7198697068403909,0.685459940652819,0.7490494296577946,0.7620817843866171,0.7529880478087649,0.6509695290858726,0.7173144876325088,0.7793594306049823,0.83399209486166,0.8154981549815498,0.6526610644257703,0.8378378378378378,0.6816326530612244,0.6934865900383141,0.7777777777777778,0.689795918367347,0.6972111553784861,0.6679245283018868,0.7095709570957096,0.6816608996539792,0.720754716981132,0.7830508474576271,0.7824561403508772,0.7546468401486989,0.6822429906542056,0.7614035087719299,0.8040816326530612,0.6551724137931034,0.7946768060836502,0.6846473029045643,0.659919028340081,0.659919028340081,0.7354085603112841,0.7656903765690377,0.6452830188679245,0.7107692307692308,0.8228782287822878,0.6462093862815884,0.8302583025830258,0.6437246963562753,0.6877323420074349,0.746938775510204,0.806949806949807,0.6416938110749185,0.6465863453815262,0.7624521072796935,0.7785467128027682,0.7718631178707225,0.6509695290858726,0.8008298755186722,0.7593360995850622,0.7295373665480427,0.8091872791519434,0.7176470588235294,0.6600790513833992,0.7454545454545455,0.7992831541218638,0.7454545454545455,0.6958174904942965,0.788235294117647,0.7489878542510121,0.7354085603112841,0.7442622950819672,0.7777777777777778,0.7793594306049823,0.7254901960784313,0.7349397590361446,0.8189300411522634,0.806949806949807,0.7470355731225297,0.8050541516245487,0.7322175732217573,0.7647058823529411,0.8725099601593626,0.7802197802197802,0.7311475409836066,0.7133956386292835,0.6718266253869969,0.7258566978193146,0.7088122605363985,0.6577946768060836,0.7154811715481172,0.8241758241758241,0.8589211618257261,0.7894736842105263,0.8052434456928839,0.7541528239202658,0.6753623188405797,0.7394636015325671,0.7593360995850622,0.7120622568093385,0.8390804597701149,0.8365758754863813,0.6470588235294118,0.7509433962264151,0.6537313432835821,0.6509695290858726,0.5856573705179283,0.7909407665505227,0.763265306122449,0.7241379310344828,0.7228464419475655,0.7760617760617761,0.7125382262996942,0.7630662020905923,0.6872727272727273,0.7663230240549829,0.7358490566037735,0.7933579335793358,0.7471264367816092,0.7246963562753036,0.8423236514522822,0.7992277992277992,0.6962025316455697,0.7338403041825095,0.7034220532319392,0.7295373665480427,0.7785977859778598,0.7276264591439688,1.0,0.7725490196078432,0.6531365313653137
sub-NORB00067_ses-1_correlation_matrix_avg,0.7256317689530686,0.5458515283842795,0.76,0.7068403908794788,0.7821011673151751,0.7689530685920578,0.7233201581027668,0.6831683168316832,0.6417910447761194,0.6679245283018868,0.7606177606177607,0.7805907172995781,0.6011080332409973,0.6537102473498233,0.7655677655677655,0.7628458498023716,0.7752808988764045,0.5933147632311978,0.8102766798418972,0.6624472573839663,0.7448559670781894,0.7256317689530686,0.76,0.7361702127659574,0.7028112449799196,0.6722408026755853,0.6774193548387096,0.7312252964426877,0.6989966555183946,0.7073170731707317,0.700374531835206,0.6261682242990654,0.7859778597785978,0.8197424892703863,0.5789473684210527,0.7394636015325671,0.7399103139013453,0.6824034334763949,0.6540084388185654,0.8212765957446808,0.8280542986425339,0.6923076923076923,0.6656346749226006,0.7435897435897436,0.6781609195402298,0.7381818181818182,0.7244444444444444,0.7098039215686275,0.8222222222222222,0.8072289156626506,0.5830618892508144,0.7268722466960352,0.7470355731225297,0.7403508771929824,0.7297297297297297,0.6011080332409973,0.7854077253218884,0.8044444444444444,0.6654804270462633,0.7212543554006968,0.7142857142857143,0.7253218884120172,0.7047970479704797,0.7102473498233216,0.68,0.7188755020080321,0.8481012658227848,0.7322175732217573,0.8212765957446808,0.6963696369636964,0.8506224066390041,0.7655677655677655,0.6812749003984063,0.7922077922077922,0.7593360995850622,0.8672199170124482,0.6627450980392157,0.7655677655677655,0.7918552036199095,0.6907216494845361,0.7725490196078432,0.7269372693726938,0.6721311475409836,0.6782334384858044,0.6466876971608833,0.6697819314641744,0.691699604743083,0.6264591439688716,0.757847533632287,0.7712177121771218,0.8297872340425532,0.8844444444444445,0.7642585551330798,0.7171717171717171,0.6045845272206304,0.6964980544747081,0.7276595744680852,0.7957446808510639,0.8260869565217391,0.7803921568627451,0.6680497925311203,0.6579925650557621,0.6492307692307693,0.6011080332409973,0.6033755274261603,0.7526501766784452,0.8078602620087336,0.763265306122449,0.7198443579766537,0.8189300411522634,0.6676923076923077,0.7745454545454545,0.7628458498023716,0.7162629757785467,0.7198443579766537,0.8210116731517509,0.8326359832635983,0.7816593886462883,0.8441558441558441,0.7707509881422925,0.6916299559471366,0.7877551020408163,0.7551020408163265,0.7142857142857143,0.7915057915057915,0.7387755102040816,0.7725490196078432,1.0,0.6602316602316602
sub-NORB00017_ses-1_correlation_matrix_avg,0.7236363636363636,0.5151515151515151,0.7454545454545455,0.6403785488958991,0.6877323420074349,0.6933797909407665,0.7777777777777778,0.6166134185303515,0.6201780415430267,0.8326359832635983,0.7587548638132295,0.7787234042553192,0.590027700831025,0.5518394648829431,0.6655052264808362,0.7198443579766537,0.6725978647686833,0.6,0.752895752895753,0.5918367346938775,0.8181818181818182,0.7752808988764045,0.696969696969697,0.6763485477178424,0.7721518987341772,0.7403508771929824,0.7509433962264151,0.7154150197628458,0.7201365187713311,0.7173144876325088,0.8367346938775511,0.6137071651090342,0.708185053380783,0.7004048582995951,0.66996699669967,0.7647058823529411,0.6916299559471366,0.6234309623430963,0.6234309623430963,0.7028112449799196,0.6597510373443983,0.7617021276595745,0.6430769230769231,0.703971119133574,0.8008298755186722,0.6631578947368421,0.6340425531914894,0.6941176470588235,0.698744769874477,0.7088122605363985,0.6794425087108014,0.6796536796536796,0.7590361445783133,0.6454849498327759,0.688212927756654,0.590027700831025,0.7383966244725738,0.7402597402597403,0.8196078431372549,0.7073170731707317,0.7405857740585774,0.5983935742971888,0.7414448669201521,0.7582417582417582,0.7026022304832714,0.7890295358649789,0.7154150197628458,0.7748917748917749,0.6892430278884463,0.705685618729097,0.7470355731225297,0.701067615658363,0.8253275109170306,0.7446808510638298,0.6867469879518072,0.722007722007722,0.7573221757322176,0.7509157509157509,0.6265560165975104,0.7491039426523297,0.6531365313653137,0.6630824372759857,0.726962457337884,0.6761904761904762,0.6655948553054662,0.6470588235294118,0.8354978354978355,0.7617021276595745,0.7399103139013453,0.6585365853658537,0.6972111553784861,0.7004048582995951,0.7228464419475655,0.6166134185303515,0.6115942028985507,0.6425855513307985,0.7253218884120172,0.7637130801687764,0.6776556776556777,0.7110266159695817,0.817351598173516,0.7609561752988048,0.6369230769230769,0.590027700831025,0.6711111111111111,0.6565656565656566,0.729957805907173,0.7759336099585062,0.8174273858921162,0.7176470588235294,0.6352583586626139,0.7102473498233216,0.7065637065637066,0.7263157894736842,0.8326359832635983,0.7509433962264151,0.7714285714285715,0.7339055793991416,0.6947791164658634,0.7549407114624506,0.7040358744394619,0.7714285714285715,0.7530864197530864,0.7642585551330798,0.7898832684824902,0.7656903765690377,0.6531365313653137,0.6602316602316602,1.0
