window_size,num_windows,avg_connections
2,228,186.18421052631578
4,113,209.76991150442478
6,75,230.13333333333333
