window_size,num_windows,avg_connections
2,228,188.640350877193
4,113,218.21238938053096
6,75,238.92
