window_size,num_windows,avg_connections
2,228,198.3859649122807
4,113,226.65486725663717
6,75,251.46666666666667
