window_size,num_windows,avg_connections
2,228,179.89912280701753
4,113,208.63716814159292
6,75,230.13333333333333
