window_size,num_windows,avg_connections
2,228,182.3815789473684
4,113,210.15929203539824
6,75,232.01333333333332
