window_size,num_windows,avg_connections
2,228,186.47368421052633
4,113,213.72566371681415
6,75,238.29333333333332
