window_size,num_windows,avg_connections
2,228,160.41666666666666
4,113,190.60176991150442
6,75,215.36
