subject_id,session_id,n_segments,Fp1-Fp2,Fp1-F3,Fp1-F4,Fp1-C3,Fp1-C4,Fp1-P3,Fp1-P4,Fp1-O1,Fp1-O2,Fp1-F7,Fp1-F8,Fp1-T3,Fp1-T4,Fp1-T5,Fp1-T6,Fp1-FZ,Fp1-CZ,Fp1-PZ,Fp2-F3,Fp2-F4,Fp2-C3,Fp2-C4,Fp2-P3,Fp2-P4,Fp2-O1,Fp2-O2,Fp2-F7,Fp2-F8,Fp2-T3,Fp2-T4,Fp2-T5,Fp2-T6,Fp2-FZ,Fp2-CZ,Fp2-PZ,F3-F4,F3-C3,F3-C4,F3-P3,F3-P4,F3-O1,F3-O2,F3-F7,F3-F8,F3-T3,F3-T4,F3-T5,F3-T6,F3-FZ,F3-CZ,F3-PZ,F4-C3,F4-C4,F4-P3,F4-P4,F4-O1,F4-O2,F4-F7,F4-F8,F4-T3,F4-T4,F4-T5,F4-T6,F4-FZ,F4-CZ,F4-PZ,C3-C4,C3-P3,C3-P4,C3-O1,C3-O2,C3-F7,C3-F8,C3-T3,C3-T4,C3-T5,C3-T6,C3-FZ,C3-CZ,C3-PZ,C4-P3,C4-P4,C4-O1,C4-O2,C4-F7,C4-F8,C4-T3,C4-T4,C4-T5,C4-T6,C4-FZ,C4-CZ,C4-PZ,P3-P4,P3-O1,P3-O2,P3-F7,P3-F8,P3-T3,P3-T4,P3-T5,P3-T6,P3-FZ,P3-CZ,P3-PZ,P4-O1,P4-O2,P4-F7,P4-F8,P4-T3,P4-T4,P4-T5,P4-T6,P4-FZ,P4-CZ,P4-PZ,O1-O2,O1-F7,O1-F8,O1-T3,O1-T4,O1-T5,O1-T6,O1-FZ,O1-CZ,O1-PZ,O2-F7,O2-F8,O2-T3,O2-T4,O2-T5,O2-T6,O2-FZ,O2-CZ,O2-PZ,F7-F8,F7-T3,F7-T4,F7-T5,F7-T6,F7-FZ,F7-CZ,F7-PZ,F8-T3,F8-T4,F8-T5,F8-T6,F8-FZ,F8-CZ,F8-PZ,T3-T4,T3-T5,T3-T6,T3-FZ,T3-CZ,T3-PZ,T4-T5,T4-T6,T4-FZ,T4-CZ,T4-PZ,T5-T6,T5-FZ,T5-CZ,T5-PZ,T6-FZ,T6-CZ,T6-PZ,FZ-CZ,FZ-PZ,CZ-PZ
sub-NORB00064,ses-1,13,11.274826290313218,10.972361467443118,9.417352338784985,4.85560070556243,4.830442956761851,2.6482198861659283,1.8467626500325562,1.3910072678851009,0.650977111550441,4.211839269158531,6.016262268269732,0.923528917593855,1.264659111909232,0.9192287949017607,1.1892696419554531,10.461446618709472,3.5649024365925377,3.2361104927326587,13.173903243461172,11.110643032179617,4.75039257510238,5.2628307053456584,2.5954923388035778,1.917928169130038,1.437829988716664,0.5684111829718839,3.5459895019043226,6.371340349917906,0.8524609236126381,1.0685434350258496,0.8582875733213041,0.9830817114228139,12.697868308297405,4.057773495012781,3.2999730126602604,10.610312994184264,4.917478738116363,5.281712338517066,2.5379357612050777,1.8843516748646343,1.4160515038613672,0.5345939473836465,3.573813286898336,5.907711966342569,0.918847828768934,1.0552858267457093,0.8341912713727897,0.9888003001010521,13.874904399606521,4.115257077115009,3.0755794156071223,5.048650544975843,6.264383542289476,2.8998234102983296,2.1716510802180813,1.221076464317867,0.5218107203705277,3.2461355837633317,6.284838757387586,0.8629482264559415,1.2211773205573937,0.7557295414539029,0.8138528662220281,10.856607626426989,4.750121326009643,3.685698974880677,5.849918247467871,4.970913419192025,3.185435703175114,1.3982933341627541,0.90215400209604,2.6247432635484103,3.181604722290296,2.0144242080976342,1.4365170595008168,0.9236030185298427,1.0217919814634124,5.020751265929686,4.880552387849099,6.57952446644942,3.700998119805592,4.093472622487395,1.2692658201546958,0.882244041712543,2.175180859451093,5.308287392638285,0.8855236273232989,1.9000075284769729,0.49885812018358,1.114171328440083,5.320896603256802,6.746697280097117,5.916281905490688,5.204684524202136,3.440748297494901,1.3052534635102737,1.856500311019082,1.8294599957340825,2.1614844389878742,0.9830178021597303,2.767713064273368,2.6127269733965908,2.617757262655783,3.636463086210722,6.757693643407991,3.522262057286616,2.193664289735797,1.1407854507495214,2.034435989878909,1.138582032523505,2.802300024200126,1.8221769257905565,4.09919435096577,1.8555488718162754,3.468213210805458,5.866310681358659,3.0649855754006783,1.8119275588397785,1.5149017147613222,1.2222774412759574,1.0685768528342943,3.217796257083788,3.928613455784887,1.3517051473953947,1.1843062633166923,2.3524045150528123,0.6723454016140271,0.8217089821322306,0.6433048557971811,1.0398283572374964,0.8295613409237154,2.7586185816077013,0.5195908843586776,0.842510483216683,1.3520687449129563,3.7013481800468804,3.018423897975694,1.131613158806296,1.0635531190120644,1.7551786781101133,3.4917586543604853,2.177167068901675,1.4349916298915693,1.146601201988812,2.171807677991519,0.951595434252104,1.2396451527656784,5.512824716913243,3.450532633369107,2.381242662367475,1.6570045291494553,1.9345934804044116,1.5946409507690098,0.9615838937214849,1.059206643948944,1.1173108031603147,1.0156624318481968,2.479646264573089,1.0442730812117438,1.3261863340177567,1.8495766725934466,2.7036461582362135,0.8154554376239656,0.616018692424848,1.6156029387843627,0.9530947434980358,0.9678292416624715,2.2251452585601688,4.242437218058561,3.104434850200787,5.062014884984139
sub-NORB00064,ses-2,20,10.179489171474643,10.051337018484265,8.460082655375276,6.395101954912734,4.892195566245694,3.2465695169085906,3.5573027616400337,0.885044419998259,1.3197960755134641,6.948129099015749,8.047213108372015,2.9914562314194577,4.395217718421373,0.9813197110152162,1.6953927539567626,8.704509502854403,3.149777356909794,4.011938588382099,9.059134555846578,7.993662155983129,5.338035351852973,4.727660398637144,2.9627377160316444,3.803381280806788,1.131334316624088,1.388100344062156,6.307401655991979,8.16715173941804,2.409558973572021,4.932410701552696,1.2402194474701873,1.7866571440844905,7.981672713289965,3.268209432959909,4.434975089546632,9.841517566769124,6.8646382260190695,5.694342232530657,3.5490800378852976,3.9766556891433877,0.8485788858815676,1.2331549379427265,6.177653843890325,8.856476121474449,2.13298093247965,4.491400385458812,1.0696335141971258,1.7242094968492356,11.4767090280897,3.6719788303537433,3.7995609019835483,5.693745234912139,7.1202666054570924,3.200704700391357,4.291556656318793,0.9406459992838629,1.1978263074201885,5.319443679745627,8.680954279385581,1.867511932478121,4.15262704587024,1.072792293193635,1.575856865139371,9.15351023321498,3.6173560723850366,4.4020303278252815,6.000261067127672,5.880444207628729,3.558492005971688,1.2098078272243817,1.446810415524484,5.669520507785296,5.948346069052766,2.975377780704087,3.8166937118943474,1.6503074219747362,1.4601030780014024,5.8713690460126005,4.431082508377855,5.429067476599007,4.0154533508983565,5.735502597819439,1.1318964805706377,1.8149215145661042,3.4820184881302283,5.57771402908166,1.9465135291542826,5.023219131298929,1.2916745277636479,2.40572250410883,6.199525964288503,5.327343442182339,6.262077268333732,5.272933932775214,3.106995762074043,3.813604365388373,3.54212858182549,3.333673073355597,2.9034831003368313,3.9073071810195144,3.9228656633291217,2.777265505628562,3.484292920083692,3.0510649319341705,7.11630133045499,2.381541088917234,3.669291866902443,3.386354314044855,4.4212700467794015,1.7757655719469425,5.50413699673957,2.1229022706535816,4.407695506351481,4.515214161809154,3.42148730358428,7.021534838256389,3.581826713726435,1.3316873951010968,1.106691491411277,1.7381205477263861,1.5330305989849715,4.674675102589935,2.17369922920212,0.8946125022624619,1.380516085796744,2.3240852426946885,1.6345868078600243,1.4805755200336068,1.3528411255749109,2.034945140130597,2.771077567504441,5.2679773920933215,1.294996449990832,1.3794648673828385,3.368298652181724,5.462567788018336,3.9168072999565333,4.192358738404601,1.5941756268312486,1.5566667953790048,5.547962905626288,2.8539393298009053,3.4170424271507214,2.0703853312868064,6.1771688104927645,1.1216954320726644,2.110570384941151,7.008755305574864,3.4636827365791767,4.054050473756657,3.0038602174055447,2.808826282622239,1.4469172223989353,2.3588527051622856,1.5458788503583694,2.5174804992885322,1.4001508433765169,4.183211102437383,4.442297711727812,2.8624495831304735,4.672662212633178,2.442395153906863,0.9944867858194435,1.7993586291921138,2.405167959676268,1.7236086980560035,1.3266061997995282,2.7242151530886,4.564057329936995,3.724312968756326,4.808051040018587
sub-NORB00064,ses-3,17,10.351965159909527,9.40049668268706,7.031643698071539,4.252823060764269,3.817983413676862,1.4275996365623398,1.5324714733312648,0.7316862181975268,0.7760086318432657,9.24526305395571,7.465607394328636,2.908542806211163,2.333024890397868,0.7304732624931097,0.5378626057261036,9.250269827674897,5.262542016422689,2.5176915728958593,8.572744058003904,6.836241113354441,3.473181839349668,3.56074643976964,1.3272308246413085,1.4233461474757743,0.9219798537815995,0.726313885180056,7.191142221782018,7.4576956361411755,2.2587248363587027,2.615459536977976,0.9138278485175636,0.530763606940082,9.069708455826047,4.47886305944632,1.890116332912327,8.530674332020663,4.902080080526047,4.932105680852055,1.8465965724194333,1.9190958660267896,0.7256099306509666,0.7012605968950884,7.842348302802884,6.579598341013662,2.4968788201919216,2.147460236738359,0.8209601453399118,0.6568324192999997,10.03546834522909,5.815533856186135,2.891041876130413,5.089410300274243,6.22632685654453,1.7286107015740582,1.8836439209247666,0.624878502915668,0.6498502078409804,8.180464563477576,8.481200076792557,2.463652749259694,2.46362193913837,0.7255876958761144,0.5818083914402009,9.697146225299884,5.475223961406715,2.688143925316271,5.5192860086541415,4.915241285173995,3.279219547139891,1.0216870874033674,0.8915004567621881,5.354195478777324,3.5932424281357607,3.5028537135579767,2.2402577480574024,1.8675897686919036,0.9715344086437755,4.752408323565058,4.909102106832438,5.8414651142570335,3.9191124245602404,5.073691911322374,0.897308285779596,1.0169293812882814,5.027927703877962,4.965779920358798,2.8907652940980135,3.2717755706312226,1.1760794910650068,1.7210481775491775,4.9466329710362755,5.719233702699105,5.517781469295733,6.442036772619279,3.609812294077588,2.3964279054448467,2.1157126335216874,1.2286227453380023,3.134110815799822,1.602807476388822,4.000920063162433,2.607562351438618,1.7867738104165591,2.872507236182376,6.395313038429238,2.83658549848971,3.0279106223446908,2.0469005670205016,1.8469193913404955,2.8404865044177767,2.9902762056216914,2.9449503392744134,3.9755215692924293,1.8444046628283584,3.1162582965486165,6.260146522842799,4.871127645641969,0.6084006400110279,0.7450156632373957,1.4941434046500597,1.21366077419536,4.2122732747060185,3.310411840623217,0.761546490306804,0.8217855828782621,2.308718006495349,0.626662717821972,0.6141189548531877,1.3991365142128849,1.0533017112452308,2.267592463156261,3.4873980835022884,0.763562818812583,1.0498735982550051,1.9564103255472063,7.75529551795173,4.620089697500699,2.854841937745343,0.7407797696762832,0.593551348563847,7.806439554153595,5.6879817366015475,3.4228779646939302,3.185513809684051,3.389725344296716,0.7218172728187462,0.5946549286320849,6.6415014377382775,5.335534512242943,2.564781396257028,3.3213447311790874,3.005118528468699,1.182099985301772,2.662274334674061,3.477310247975012,3.3729877325130144,1.4282525283680483,2.536530011859242,2.2137206565337344,2.5048220782874564,2.1969303408814898,3.0902857261872625,0.8138983286247052,1.1453122484906104,2.6325699492660544,0.5794584102706717,1.193977180249091,2.287118885269135,5.919869841493506,2.449761084873392,5.686406863557886
sub-NORB00065,ses-1,20,9.698087295507294,7.266903902485123,5.545573387121279,3.9236555728628515,4.743191221190436,2.576508737547119,2.360258650293053,1.1323355181602108,0.7889613738570228,5.179322218707809,7.1302433472742965,0.6681644361845042,3.4400612220449114,0.6145218862468368,1.070399283333488,5.859416152726878,3.9146296798690257,3.3770604451621744,9.859099373241518,7.451687243240184,3.9336556697762646,5.867364996304019,2.3133864632356653,2.2371974132288437,1.1277097803240714,0.8301671098026906,4.2253129950951145,8.877033704734611,0.6179965381908471,4.048095962403281,0.6928425711273114,1.1954853841820527,7.435526676668852,5.382980125690475,3.884037976043821,10.717014831663501,5.744006778433318,8.035023362010554,2.809107475035729,2.2854656172927603,1.1545196015958368,0.8661719520138875,4.215406722378682,7.297055342210025,0.6004852670218306,3.6598249763900377,0.6099978427247472,1.3604547187412097,11.049007374731508,5.797821689820392,3.9316229944788206,4.977043737158523,10.854929322162505,2.479062890886193,2.4127840455491985,1.164142704941632,0.9233838989678222,3.256149755615347,8.277682906912704,0.6254225104108191,3.875900914320797,0.5934692076889648,1.465585995611013,11.318630433480681,5.538385226379072,3.9262088438171445,6.1540022344926975,4.782924734889748,3.3141350908108578,1.3447396815800574,1.2899310043453989,4.101285912318581,3.842463255054665,1.3532046340886792,2.8960881337415616,1.0078273797767696,1.3508748790955964,5.927233872245372,6.844617423826646,5.948129562433264,3.066530277791081,2.7925704760438466,1.3192669804187391,0.8485524329935845,3.103683782024994,6.78269950646133,0.5777665797042746,4.174901605782547,0.5072708661765732,1.3529186357135399,10.00169833082694,7.755338248192169,5.536326764427427,5.01376511516796,2.9623435820068287,2.772522802169399,2.099998263147717,2.585336783340529,1.6290198234344218,2.1676493703950594,2.3310487612368425,2.1857336431964134,2.8467439922605022,4.145471187748262,7.1833257802208355,3.7617352588620747,3.1871427357816406,1.7696135390223826,2.30251858905812,1.123821049141955,1.8416381287260812,2.4191206047678615,2.2365715915799473,2.53736439425324,3.464727708992112,5.06339023231472,4.183635633444922,0.9895670026823146,1.0040444706850393,1.1921242832393137,0.8730272330163429,2.883889882809123,1.447649382115571,1.2618609349295347,1.4571946390366128,2.632184683956961,0.9218973893453724,1.0512512276782373,0.9969620865514809,1.2688324989472197,2.8707289559092457,3.076756075006341,0.9189731936047508,1.1391683024520882,2.7313193015083455,3.429502092880918,1.8581082097193078,3.1660291870702992,0.765369903710231,1.2223462379275347,3.6960157875411994,2.795245024972615,2.1134510157917603,0.6841960562586602,5.543297071334848,0.7152385428438965,1.415160408730772,6.585990829711352,5.100056423279413,3.7912638674556307,0.6473371281258528,1.8712665410204778,1.25650746820127,0.673581656397684,0.7514464230089317,1.0056668727271676,0.7168956117588217,2.5173094946108323,3.3717851554541816,3.7294091237723324,3.7286512982424838,1.1076630522647244,0.5678129211707152,0.4767485372134225,1.5217779844409995,1.1402616040955258,1.326460488110346,2.132901181588362,6.681008183696335,3.9439484258430726,6.936508863635678
sub-NORB00065,ses-2,20,7.292043118826008,6.298791501081995,5.102201934585351,4.058760314449037,2.7420399303051677,2.2582714822198233,1.7429003196410324,0.9135830453969958,1.0718492030725573,8.468985961534239,5.747997047003782,4.053565885401319,1.027362224096268,0.5661110221010578,0.8714768318394446,5.2794147026582845,3.3988135795391456,2.3583318811698053,6.183292128364943,5.822298395541591,3.562192692743204,3.200795289471967,1.7928094743949212,2.030582796143674,0.6124835625049441,0.98728204702734,6.021272864819256,7.644341129459072,2.9678584081182433,1.7512893526939468,0.49889735980025307,0.8701634096477685,4.828490281421079,3.2577674669572354,2.6401047992885434,10.337378723784463,7.6888792957369105,5.303970266472808,2.6037816010286683,2.0581294126656506,0.6079052817954655,0.7240886875253558,5.85576672722269,4.700713090415076,3.106320409007629,1.2900580078358648,0.44488264092496443,0.6082306991245564,11.107495269277496,3.7434663282052143,3.710440239612813,7.212830886343357,6.497045908432395,2.580640234681472,2.59174432094424,0.6975915806590668,0.7998731218024775,4.6387213659708975,5.252844449335759,2.9581269079912635,1.6820719032424118,0.4796876815618214,0.7481322338916785,10.717391052303766,4.055155592187023,3.9358960632354725,6.245611204823689,3.7333652620159747,2.6922638124385876,0.9337849866063077,0.9236957195138862,5.113586387005489,3.1096151692003327,3.9974576935467794,1.2920357460466518,0.9160215988394562,0.7753179586675192,9.114853609986486,4.779292734065962,5.245717400215978,4.313372045549427,5.429245179966413,1.100200395573,1.4069067672134408,2.8667809210034756,3.884277801371552,2.7616960640373183,2.9317092084057066,0.82261342399269,1.497879188931445,6.4878133715717485,4.902925092591652,6.942819665892843,5.270419391045204,2.8171408528313937,1.964034662884273,3.132525326600616,1.6744143433697414,4.153274364725368,1.9296386826417593,2.433359029357491,1.8703562655717583,2.937993081072951,3.0704559804560874,6.326691251333685,1.947171062072666,2.759662172495491,2.0340147530132198,2.2282001504346582,2.188077079785124,2.7653007107881646,0.9479626750499703,3.4481683913224517,2.391019649907471,3.550635189249545,7.266612165744979,2.701144573848755,1.0376342310099327,0.5592731930206902,1.3589350367443127,0.8995276428705228,2.882984121553786,2.645567745158212,0.6955677968493068,0.9629804803306549,1.8105447411789615,1.1181303447096236,0.8567371060432866,1.4114046017811,1.1855412334892725,1.1475461810636458,3.624081543722455,0.7668453917053133,1.2889659285516397,2.26687881018222,4.614960425469455,6.136158439900712,1.1302181487216325,0.7104801861786924,0.8940313676391162,5.020596681053826,3.851178233096184,3.020803640662858,3.102119895670799,2.730022258645472,0.5012528676086615,1.0762908233475896,4.061242330692766,3.264356319874018,2.4448755479129605,1.4254612514541134,1.883333781593168,0.8852869148189567,3.2295613013344115,3.5306646550687697,2.9050600850389694,1.3781068297036778,2.177436998710321,1.265166320092633,1.5301601136943808,2.0700243201213366,0.898829878882206,0.6226236330155933,1.087174659295058,1.159107160208121,0.6923673019379433,0.9537283684834005,1.9212868081302648,4.653376220749402,4.201293320989293,5.349425274242448
sub-NORB00069,ses-1,15,13.3847492883564,13.865363010798571,12.711702123610808,7.896537073421215,6.448745721226429,2.8565585635214448,3.954803533981973,1.8835233500299613,1.9704253098955107,10.846220836680105,9.830320265289277,6.7618137676610415,1.6601168485076694,0.7263652161397901,0.9105591877026107,13.022812969247484,5.865606265303019,4.184628769221361,12.73494684118259,12.72899681598867,6.7089080022288865,6.020930242649923,2.908972666738644,4.3727444138637885,2.28054621617693,2.329267433240568,8.92839767692755,11.928215565799944,5.082451521028035,1.7228652606320354,0.8310110859291836,0.8716090363906702,11.660627003903622,5.836349260811942,4.251468771160523,14.829189111159849,7.445049498999173,6.6248394616411455,2.818555698990698,3.97427247163392,2.0819701412631537,2.186408621538015,8.980909338322572,9.761349705582386,6.407501120149399,1.359503151125794,0.6921024899275277,0.8500300373106869,14.630383287892004,5.741427664354268,4.244002956749273,7.591837669919268,7.229188888158782,2.8329898379047105,4.61759299396642,2.240366525980898,2.3005139085298976,8.004296678833176,9.91658231867528,5.453375831046901,1.5598584516874487,0.74079428215349,0.8653318601012546,14.147303766932186,6.379951162898277,4.806004538775114,8.361653278313865,5.098826122601718,7.447515820935904,3.0261530478395264,2.869875505242571,8.351511280890291,5.616817463323125,7.0804803095571405,1.3332474420564242,1.327520294708127,0.7406438587578688,7.976760374119279,9.661161787824183,8.170745910750318,4.978591078367866,9.919903611475323,3.8549722065850514,4.077266707993205,5.568164909269617,6.174529542746479,4.81361937977547,2.210327022006269,1.2398458020730605,1.2933691487144727,7.968592991297048,10.368831521628234,10.318880221682756,7.466881424940951,8.864883691458145,8.901457612182588,3.091457034352254,3.0373292328533763,4.31867085436492,1.5704974799367772,2.9929576787340357,1.7966692933832993,2.8612828247406807,4.845597179691647,7.318061635247623,5.523707819418694,6.0243247772354716,4.43028335990781,4.0763324796659814,4.1134861234270135,2.607960498154306,1.7081779341017653,2.2881493815917393,4.53514817513119,9.636422039860452,15.769105478598071,11.216530327633471,2.0834603811857537,2.645625300129014,2.9383561154455275,1.2855974622582016,2.649499687086658,2.2584913530519093,2.2822356895235703,3.3116041960614764,5.282233994396459,2.0718080768959797,2.6517970477296675,2.77224295764759,1.7910053659586493,2.367422655017075,2.7199470067059015,2.321312169592153,3.3790505304996135,5.725552808904185,7.126384855067929,9.199585555222514,1.8345897781078555,1.3729532759288452,1.0411186020055092,9.262356949327067,5.7562904686757905,4.609936191618383,3.6661830905400334,2.4101329228494657,0.9812502776757389,0.8795603897632893,8.99361350265158,5.380462665987614,3.839562207093401,1.876812791198545,2.399376256317677,0.9935516618767408,5.8673060592903985,4.280301856784387,4.302965790896612,0.8076036237750607,3.5267822557628827,1.7120134454683054,1.66109679669254,2.2795500109134093,1.1018114549544313,0.7460815702549185,1.0992134386839865,1.705770667734758,0.8568544828030633,0.7857777689673919,2.0798194610030363,7.016490044369548,4.853333731277401,10.241995160283807
sub-NORB00069,ses-2,20,11.631350533977558,10.268652775953198,8.58089718938271,4.4847336805934965,4.267379832245673,2.5654559208415417,2.170832489998163,0.785415939931675,2.2858194678255304,8.896508893743711,8.440779302851691,2.3621582284350766,3.036833030055041,0.6286582038862115,0.8220675461884659,7.408081627902249,3.9009605424721334,2.4131265745405215,10.967256129059853,9.956478709518827,4.677086813988961,4.658559071493029,2.4053056014047693,2.4270771591563003,0.7351263387134466,2.4586292781088894,7.981347684234187,9.805144777398272,2.1352644263411134,3.5157583946533473,0.5693739481400162,0.7443816028427117,7.254485415110301,4.270731840855669,2.6427452104955615,10.319506191113046,5.336630807293494,5.216183785584353,3.0075627825781934,2.4037666051190927,0.6379445915992009,2.4880387389925067,7.493924711979481,9.03134607875852,2.1602231346357623,3.263496626946913,0.5533373816591214,0.6790916508954185,8.001699626277057,4.588570164661031,3.0210017036904033,5.568669366941173,7.190275970548821,2.5984971105848738,2.4145769962866552,0.6028876666366294,2.4886106402117596,7.261792054145113,10.257099339194358,2.1216188484971243,3.770502704010505,0.46691945795839,0.6771537085970311,7.560147462971638,4.7701126292999385,3.2853239385387107,6.8030507462562895,5.748298998311581,3.6929633960170856,0.8044841738395079,3.1233434183203,4.903959780827836,5.2701592525154135,3.3169627186302977,3.3025132144859777,1.3940333232685405,0.9140252940137883,4.622818521100568,5.47747139079496,6.0820953652081,3.3800481536929494,3.788867300262075,0.7265733282816467,3.3577939059286024,4.404654760098577,6.171865005124404,2.368166043486942,4.254021361369142,0.6937422944678441,1.440946672429234,4.882604534356323,5.681098088459454,6.053991863678318,5.111944436821879,2.3035833104112564,4.850706566845433,2.6814144762020957,2.295205906082626,3.5287715811932494,2.821902167851349,2.6213550649555315,2.032563752019248,3.0670340207860267,4.2670934851370905,6.938519564160006,2.0788615070408705,11.008499086750186,2.106680816008207,2.5072608239103973,2.1298509636751572,3.832344313654197,1.813928478648019,3.359107227906847,1.8442551649422783,3.5326473259727083,8.06545733282512,2.227985106651978,0.7968727328631904,0.5406037875723636,1.112688903860421,0.8592192462308608,2.823567726331232,1.471262040558784,0.8295570110680529,0.9888217880442245,1.6867253057215958,1.8745603068489882,2.266828372000802,2.165163474547062,3.5133538424912,1.7926072995035525,3.4842606922669477,1.7466178676166257,3.291591489766821,7.1554305089191725,8.021716266260004,3.226649202986831,3.502421816296105,0.8566474265730195,0.8704900687423237,6.471956986715526,3.696938311277491,2.370369127459752,2.1118014525814637,4.408788683008781,0.5223223443172366,0.7230603798965582,7.012998156337268,4.094719973594528,3.4005760687939897,3.3766767661522303,2.872326840996694,1.4960726647274645,2.1929967516917257,2.4575081943322736,2.1202516410038337,0.8852813330435143,2.083813986233446,2.7632690168720617,2.561667708919159,3.433772972968511,2.311396176565398,0.624555139352832,0.842301642791998,1.6786139830394902,0.7376926848646818,1.0278478618618911,2.59076981548833,4.605240537213129,2.6810824626469985,4.984069925580781
sub-NORB00069,ses-3,20,8.631274148056633,7.207329922722946,6.02570286645024,3.6073755320521315,2.5821895116852,1.5265584329790522,1.7109648006044176,0.9182953777275588,1.2189948291999813,7.311898389871476,5.8473684695330945,1.8107896801070535,1.6335912402502235,1.1257697154792625,1.1033871982239833,6.90271289637519,2.472101557657587,1.6258385117201049,7.992795978770488,8.766318150886404,3.800686184328093,3.840787815911219,1.639158091591304,2.061654787523261,0.87638969321042,1.3089071130092111,7.216976458803648,8.250815860986204,1.5871200235215865,2.162027773015569,0.8288612170293328,0.9401978701676296,7.816665147846064,3.3198457411709925,2.189669441834744,6.413772294500125,4.673095617431388,2.951223488411082,1.6700178087228477,1.832178075348665,0.9452480468157394,1.2276016125144156,6.295435534611533,5.754309750324836,1.692561153041535,1.7362994401115557,0.9334893981753808,1.222865507946086,12.118928289545732,3.214608999006449,2.034223022208107,4.312883928604307,5.090242218580065,1.9448497146436985,2.851748872418112,0.7501741442813421,1.067075055187171,7.028749928147178,12.82587587838384,1.4648992786324033,2.558445609726742,0.8178536721808116,1.0837146435536815,6.377155608759088,3.4144134991930732,2.230904076935681,5.367353827078242,4.84164905902355,3.0714795629287925,1.68345346659998,1.1708224885705598,5.1707326067368005,4.036989821993677,2.0312759277775516,1.3860371968813368,1.697555814615593,0.9287582406472973,4.828325488938532,5.62590714129331,3.991840224554084,3.7417136342534447,3.7627551077920858,1.3573437525682661,1.2581264814358915,3.0956872179663657,5.040984265210822,1.3336235928188847,2.8699785004400917,1.3638638266598593,1.88122261563541,3.1776430510918168,5.2967926406112555,4.002389393005416,4.9046448498561865,3.939406583912562,2.3876693145988743,2.2306963251527345,1.8883927067799646,2.2341835837998176,1.7366097735161943,3.5847872796308344,1.3522663821818297,1.721525000806452,3.923751174139496,7.28709782319428,3.27792614035623,3.739573524775038,2.2540060243928486,2.8276607126180138,1.447004336159617,2.958501302144042,2.6528144574777324,3.1348558151675308,2.0260145793632987,3.4617962724981326,5.715426732256123,4.67437403511111,1.0097614944000441,0.7376307003426372,1.1957390244476187,0.9227585743226555,4.927038339653483,2.2144739517667404,0.9689253583577301,1.538092471832402,3.731008574593475,1.1226631238433544,1.0382737091198877,0.8621450814321617,1.202077746150619,3.15843966499284,3.868162729559535,1.2623018388614895,1.3101017093682161,2.6461565458469103,6.764274423495233,2.495832419629969,2.24632066337941,1.192483621906145,0.9301977009055795,6.078669141956942,3.092218407347624,1.9265286294793662,1.5349912368053065,2.7829401257823783,0.7828934304172612,1.104326467314684,5.82447860490857,3.1727727247309994,2.1777886154883133,1.5660578510683847,2.6513776270495866,0.9736218904086179,1.6711491204087712,1.264034443813784,1.8040196929670231,0.9483761813449354,3.4703506238294444,1.7770015947506113,1.8576545044624642,1.8379617545253564,2.237184803228593,0.9816527296880505,1.3231964183338718,2.693976653193592,1.2156243199138401,1.3845319394175273,1.8211031832169884,3.5872350500299084,2.2123396826231447,4.752200815798823
sub-NORB00069,ses-4,15,6.285700940073414,0.3297049777518825,3.754993744344526,2.6723121372757745,1.97949843635158,1.7405962174517091,2.2157881333489566,0.7406766934271801,1.6013137519269862,5.318810944741262,2.2751084581533134,1.395574446982213,1.930066507301577,0.6809832205527607,1.6571397889101327,4.985236079409909,2.3520493127632416,1.828636118372917,0.29110682987060327,3.4492013717520336,2.4561847326826673,2.297140541956538,1.6634595382726407,2.3239802785586985,0.7584559775515637,1.671271522084283,4.086252668881254,3.549756647511865,0.9444383357228919,2.2832495869218783,0.7246794576269716,1.6165894898946815,4.316508994452925,2.3788925890450856,2.185977395926973,0.2405003603987199,0.3841228909229753,0.39647299490514953,0.28797496146965496,0.2555367936518134,0.252135489715222,0.28509700063295795,0.7167311786151578,0.6785039718331609,0.5387802484817473,0.35681687902265014,0.20018264268214006,0.26865534037002414,0.32357411928800706,0.5356411886399981,0.25943993836250456,3.628582675722446,5.393138280845889,2.2134368757252987,2.2625520190623245,0.6479635564422942,1.4156563909740356,3.0231000953939366,2.3883306489418956,1.0996846182978197,2.712595348642179,0.7772211769351908,1.6802124971122299,5.5494261660721,3.065450858181293,2.6562014814917614,4.261300397124985,4.513607589416828,2.2925697207687277,1.0025523530094635,1.3011644129584932,2.924171477338384,0.7700736925071666,2.735100914591242,2.824652102511193,2.0680342922483215,1.368364803131557,3.9032051422832827,3.809712633868745,2.925141910251516,3.4105371823209776,3.691883732524071,0.80325897727442,1.7234252785105824,1.852029180990965,1.5127428367869444,1.6742028525784316,3.5993585684981113,1.0416394195298282,2.367638081155055,3.0840019123837257,3.797118967502796,4.333598276894817,4.809123409160981,2.041429887553807,3.6621015639824694,1.1531520293450164,0.6934118778754815,1.5642461846413378,2.3377307097214017,3.1248787227583104,2.9827653130796987,1.9377401397416454,2.9586011139002233,6.097189638885274,2.7409672458575027,6.187952576437249,1.2570762601965197,1.0251788245564406,0.8020064470031761,2.7685040944213246,1.438015053729917,5.345645557728858,1.7259606263599037,1.673391852605846,7.953098041258571,3.5488757322906324,0.7296025028266917,0.86528503233592,0.8447148194645303,0.8660403225464265,2.5225055872297415,2.6269669720993534,0.6045552147117139,0.8132842067103011,2.213076883701556,1.280480684926195,1.148792149104485,0.8311981858701459,1.9839984777034858,1.7570963765360013,6.67911872760752,1.6468058093115985,1.4627126740004395,4.68716334741986,3.2107427002317315,2.725307865389231,1.5103759571839115,0.3862663535406908,1.2073081446294138,4.896104048076764,2.540052382143974,1.0253316939721009,1.84786009313029,2.447654567251932,0.825950800501155,1.215284056828435,2.565655786606129,1.4407229727350355,0.8900635187032956,1.4578840713874714,1.674625710814223,0.8500253761160022,1.4392226265930814,1.7099062815872372,0.9041237902996542,1.3555763825672649,3.520366716449503,2.145936580785772,1.7760901505151923,2.356339931423245,1.881229150763315,0.5348344820178034,1.0024372217609356,1.731466481238998,1.6864608835501944,1.575905016759806,3.6309063770323733,4.592604441742737,1.9658984632692078,2.3706124867285285
sub-NORB00070,ses-1,15,9.17000232084791,8.907902740505316,4.048051684534834,2.889710357192432,2.0601295239282345,1.0720484972697641,1.3944140938110963,0.6767316850978621,0.5385942077898435,5.283703033470357,2.1866217769069825,2.526168743732471,0.4530010154549887,0.7334822402186105,1.1011712909227123,6.571944556074703,2.144361608250221,1.3789072518091041,11.008433400018834,5.059662651395053,2.9129348472168286,2.5907768279640866,1.28993744443861,1.462985610403205,0.8139865659576221,0.8478773024019582,5.420489712192074,2.375808041088003,2.2760892409209874,0.5334238223739068,0.8657520435776014,1.227309503411543,7.553695291612698,2.4820968819521094,1.4548537192945803,5.296923075868022,3.1047824498376624,2.726613684811029,1.3891141602553343,1.583945856410926,0.7478654760657777,0.7948234333070775,5.77976365825816,2.285855144690697,2.561269300660604,0.510458738154603,0.8117904123278812,1.1455678942596377,8.332689406672456,2.7183274919491676,1.5739274010527577,4.43178801108455,4.377465397934435,3.239454178241801,3.442769153974339,1.6107003760785235,1.5874049902406797,5.902006667030954,1.8363002245198858,1.9736417413172032,0.6792698250421886,1.3856336321992915,1.4834680822367452,7.064876541787151,5.993195717543542,3.515936983083429,5.102686574120197,5.73918121009906,4.707952977376229,1.9826723124668213,1.9352118630413517,4.61786610800881,1.1416622064979303,3.654437343132912,0.5770404687827758,2.40557236051208,1.8240112478773036,4.145045166888737,6.728872348205614,4.65415342729006,4.886626261589246,7.104456790087903,2.5596726957065754,2.717974731239269,2.5277119653563034,1.6899517456315432,2.541396630703024,1.3233352492961634,2.2715867422054115,2.292074963514982,3.5266958787507856,6.049061817263092,6.985763559090819,6.668813284909211,4.930512823472695,4.427988249771994,2.4169996640816405,0.8907838255358992,2.5230113935827347,0.610401719771991,4.052420682493401,2.4123316097551126,2.3104515760424778,5.21771695422569,6.627797981623534,4.640382638084943,4.981107107249925,2.2743709966261494,0.833874004913124,2.0498540460244525,0.6902838451223642,2.9551379149114987,3.5706365092925565,2.6992280226323135,6.492999325200263,13.704282332185842,8.329093685860785,1.5642705363465512,0.8165611824079421,1.609035588088534,0.6113608259631417,4.3338336513104965,4.0231004554957766,0.8528313823548654,2.8847507685877556,4.657835053745455,1.8016456474435358,0.6034601346239399,1.5899979747011053,0.6242757387995801,4.047771620701602,4.900089244450536,0.9287022775878518,2.8607979390480005,4.98198266444226,1.5543381783092445,4.19493637366836,0.47492382410142425,1.209726688649919,1.3108154636735458,5.924963978491529,3.622723406681573,2.313537910695753,1.2458418145110246,1.1308454641304662,0.7230645151318101,0.8779723473181765,1.8066707642116062,1.3382267689345944,0.8159443858977349,0.5996782543796687,2.879514473372744,1.606677603456489,2.474866996362759,2.644820990482821,2.077970196668791,0.6230394927625937,0.6538936276747338,0.4940533505028644,0.7031439216168192,0.6765580409779061,2.751947920770805,0.7696923937962199,1.8981343116512894,2.967000279217339,1.1780380037402125,1.5944806730965164,3.5421978609929003,4.502683915809078,2.7325210719140665,6.479567005343956
sub-NORB00070,ses-2,20,9.235358424526622,7.137993249030809,5.808675962904866,3.299419338746669,3.1156518462853167,1.1721706012468127,1.9032977917402973,0.9978680388229174,0.780431763953434,5.857911154495708,5.944550158648301,2.3492828648053927,3.993066954033415,0.7585389955095069,0.9531394542455496,6.532295172266808,3.1395325028711083,2.034560084633741,6.904104369176906,6.274029437163753,2.9049944144066093,3.391029917726982,1.0919440339584463,1.9939912695535607,1.1336668920446797,0.8524605677055627,4.781122944754664,7.083535329369438,1.8544736448290713,3.737305006823978,0.7039448929324535,1.0134851836644043,6.4009762397660666,2.833861152603385,1.8084220236071513,7.063860114233526,4.387895923577677,4.594056989060729,1.9118822529661563,3.3097371224127605,0.9131233818011012,0.7640253642370092,6.473485149460863,6.0123352868837605,2.5627527415907454,3.846885215078985,1.0240448621727685,1.5526967538553351,11.701538881598566,4.831826578791615,3.0855579288696,4.63544928501199,5.224120891224919,1.26601572501608,3.69980715633206,0.7512530334246563,0.7013089155089381,5.505816217193462,7.231921883023619,1.8322665681436436,4.071453956820585,0.5429796398479803,1.4838996135636797,7.443385728091192,5.239993572862106,2.668432947972113,6.5500787983528825,4.388269422856607,5.083502985334289,1.434948547430539,1.1093428919308075,5.770867637432085,3.711304517460247,4.3653174238962595,4.0205620859052384,1.9739693248744472,2.606344543857409,5.144524595457894,6.716001256886223,6.075880666785022,3.380412881975878,6.389267926738363,1.2733363448769934,1.2104155270652102,4.06267893744187,3.979279877502124,3.0059850397095755,5.691403588140678,1.3617744079768848,3.2757979093466334,4.9832806558923535,6.235976349796197,6.122428499428709,4.739006568615792,3.995519412223517,2.5642167255342194,2.5063321794284694,1.5906211899047,4.039641563857016,2.2547721496576956,4.082290923239231,3.6387141075551854,2.3725098509907476,3.381872201087161,5.982840411649878,2.543585590871498,2.6137306824021573,3.2728180456670337,2.682372329200033,2.499176981540937,3.9936160659363416,2.5329607323167993,5.242740990891046,3.754931060641186,4.723940379759072,7.50123742854921,5.299241730869032,1.4277905358246081,0.8957707045515602,2.3603510490503963,1.409113093102151,3.3473900298586434,2.997884868659553,0.9129908999350247,1.4450791527967515,2.7256734156746125,1.0769291722717331,0.8486009788964972,1.4841894575737349,1.364502530835626,2.725476957495372,3.894242025573908,0.7515927114389205,1.3110973329576017,2.1583969079273886,5.678564631642488,4.713104289883341,4.308395385248034,1.5171752790955533,1.6918276962449217,6.665562097450136,4.006057567882712,3.0853882965952697,2.0471642081533736,5.402127315568148,0.6825442493897492,1.6898653790538343,5.569633983768869,3.411651381486115,2.0799114208520715,3.3334942042024487,2.5724112771761907,2.436871521168565,2.5307711887242212,2.334655582051986,2.980820394056104,0.9943774666867388,4.004282087251781,3.7306084243110087,3.118294771490773,3.6083757088776673,2.678201336523247,1.0893421764093494,1.5159963010409636,2.5257937881714576,1.7156522979547195,2.0815810051827563,3.7672296603249826,5.614896586936464,3.5109845166419005,5.48485252733995
sub-NORB00070,ses-3,20,6.477154414598253,3.7921576456370247,4.207444549436424,1.7151119600980853,2.052485402464021,1.286815564738591,1.4623314909829441,0.9125646088162291,1.1730793569567557,4.720648109576164,2.9512023863633474,1.2480861003214259,2.0160577122122256,0.8785644587734671,1.4563875394082615,4.541829961005795,1.8872303122952787,1.4189858806526867,5.243343800878293,6.147946030738561,1.5668578226915373,2.5158194389288027,1.2220241451100162,1.495614703030387,1.1449903781996893,1.0861183653837543,4.190783408064663,3.9750501103718654,1.7839872571758495,2.3481582332952096,0.9735103759993635,1.589114415474592,5.310727160329661,2.2386339600124296,1.2265941882674087,6.57786845554232,2.670638227331012,3.1374623162616144,1.5301655029638361,1.6367466937315793,1.145069151115501,1.1015424359098214,4.242764997896718,4.172096231242593,1.5457277884971263,1.801723992719943,0.9042168555385587,1.2871540214990824,6.7323431205409054,3.2677239650973795,1.5783597067283721,3.162023446714355,5.260113670350735,1.7740263444326945,1.9966957642511514,1.0909469151112035,1.034394786736567,4.325525538304091,4.62745558409191,1.0916217833639572,2.984797702613325,0.9415343564739398,1.1873739505342296,7.757882150152885,4.4166308838106145,2.093496476069429,4.948969287363446,4.20016442480036,3.116152083454901,1.8121110194775238,1.2988536496223975,3.0234931247862975,2.3123304783356535,2.9647724746890534,2.0633560473145867,1.8634353747578847,1.3969914457234378,3.45526528061171,5.57174231772718,4.648837634625226,2.723362459612024,4.167257109223018,1.3775956969643839,1.1878395449731074,2.3592214884795424,3.0685236895694157,1.7987618168573243,4.485754509555419,1.0312153265601218,1.5504228494733794,4.143006137858548,5.344562374775305,4.253249464671495,4.550376279594967,3.6051017246952397,2.1965919434307875,1.5901726164335028,1.4673074700495952,2.629347166156194,1.0066769295050133,3.723776807695264,2.6038319065101083,1.9157186721058543,3.82738834062697,6.509347067478489,2.943204635276663,3.351826540365201,1.4727142476439148,1.2296439063829179,1.3610131135108818,2.016827001979519,2.5365950844746523,4.376448699527243,1.9620427084848455,3.9025954378083134,4.820675795843596,4.537846085900967,0.8782068742765647,1.1809531218598897,1.4792421852607158,1.3228937899014386,4.696060164943732,3.4097582367470523,1.177884496235533,1.810054715008795,3.0972177829820344,1.096924542945964,1.3080219001311015,1.0149739657312662,1.1876916581850183,3.064756815663364,6.786277723937926,0.998084048074678,1.3005072590756246,1.8797927173503535,3.265332565334622,2.555865340500696,2.074937019662481,1.1697296461546711,1.2954556245807725,4.249665738040725,2.591282793620712,1.9039683824051632,1.4513694623278888,3.112794501111326,1.3441662186832102,1.105797258799688,3.9597723597178893,2.600860775719012,1.5651746490024887,1.5050167974615314,2.8225991549836147,0.9928360150054617,1.4568702730988452,1.7602516711154608,2.3111580708180113,1.0405638399146295,1.6972974177301172,2.210384115507245,2.254325105759854,1.3817816206012083,2.8821651943112134,0.8917454335969923,1.5371711439115443,2.305135460247039,1.2702274232150095,1.3044575207397258,2.0088746794343972,4.538017655309594,2.1119493092913304,5.250284031551821
sub-NORB00074,ses-1,1,7.37240237529728,8.422129602323997,5.070624232108097,3.869582116855194,4.375922602859305,4.412703433878308,0.16379872295763942,0.01886049260109885,0.07200406662833583,6.376118873548736,4.298930882239554,4.9461830175626025,1.0658911237024111,0.7922882129772973,0.19015281459777422,8.338534821849613,6.205366158290152,0.5572283498165399,13.025541897428251,9.08653280179842,5.140732365375957,3.2971717798905016,3.226727927575148,0.3273373410541271,0.29054033399837126,0.030343270602813256,8.311980905731406,7.288363559482535,7.188248672194668,1.1538525888927476,0.6940353612542409,0.17899967571218234,13.024917322037128,8.186057789458319,1.2982302537959918,8.617612305838946,5.250421122471613,3.288660913317769,3.5768960752382006,0.07802380255117065,0.17737127518057982,0.05677566151501449,8.554934505050152,6.406307962862209,7.2786915556076135,0.9327730775814677,0.8597483947851455,0.055786002461446445,15.220725082612255,8.698079004127415,0.6643092836402095,7.576984207080444,4.14130255636666,3.013908738008456,0.35846618730171853,0.3260618211735893,0.04320377783082927,11.698959713925671,10.73664265918361,8.257156426758588,1.2255702233430195,0.705318270341571,0.29042632338422375,8.637124800824695,7.155827960584268,1.3107572231343643,3.11043652004569,3.9659322907143393,0.5814335481745323,0.4708570219367695,0.14082078588911098,8.383038881846463,10.328811839905034,7.957019704170156,1.2234261261418786,1.344163328036248,0.07816954646460797,5.231860407908056,5.550803720724116,2.0581852757961365,6.318375594323603,1.3668079724162108,0.2882535199309614,0.2199452409178881,3.099300653580835,3.793574149350856,3.484181479519615,3.347948986707356,1.1441323614835328,0.6621859876828309,3.398201087746175,6.516543155543268,3.5894190862761532,0.7912724839224538,1.1224623018752182,0.019174000991264813,3.4949231036359154,3.0828859213804694,4.906327105275012,1.6119819589236208,2.9133566875000656,0.15765923832175813,3.5696806716617195,4.622769957155901,4.345915316761742,0.8171511590206727,0.37423077492929807,0.15803020179779256,0.5129519799099453,0.33047780974515234,2.01529178183877,0.11697901027397842,1.8223046588294491,0.05039082663216537,0.911133317304168,2.5391125591672794,1.2008765262507957,0.1741395519373996,0.36358153777421837,0.545952479288708,0.11831229134324318,1.8187257650793824,1.4114620470931196,0.19759406052383538,0.12313857662691878,0.9460997906246789,0.11745460838924592,0.03661647699800407,0.11945192919253031,0.3213602884638027,0.05748525816416447,1.1562615238694351,0.06234349343628387,0.08843939215991586,0.15569358149772936,9.078089043580125,11.929378968247756,1.356830061749421,1.159739745271967,0.015438254916751704,8.548622756835591,6.202841457970812,1.1862851409875521,7.437188090616792,1.639568525797197,0.9924985498759425,0.297460277605526,6.346592731743345,5.4139050530488495,1.4991357168010313,1.5477049611705826,1.9062036297360356,0.08688829130654861,7.2141068742857914,6.111309679402092,1.8377965079092284,1.817896649585267,0.8711137314992351,0.9799370719869283,1.343097797138104,3.938727456198552,0.15335129408315984,0.8409020973463882,0.5925821417224925,2.007781247464047,0.04376818217147714,0.10719121553262842,0.8091451723367675,8.686309268601432,0.7233406535163637,2.7391199669797324
sub-NORB00074,ses-2,20,8.811790942226576,7.42954973175645,4.302961045690232,2.5050639356850772,2.6025218261685126,1.792391402466746,1.5944137778623502,0.9693117834579843,0.8483271984035475,5.952835760845369,4.907156445402628,1.8622711779101375,1.6946205753069687,0.6894067179556542,0.9476590943433185,5.239465722965336,2.5076861396463284,1.684731568247234,6.5717540127240754,5.1500805880614475,2.350291986411345,2.5498313957477428,1.8618695697634173,1.5488763139700894,0.9460189868372723,0.872098071932266,4.724667234078231,5.542187758232638,1.5778007744107627,1.867400592239252,0.6510687069557276,0.7644503468502547,4.719706773975547,2.6179154432746,1.7639417403199933,5.218199197208087,2.3883608164362324,2.4106548654595548,1.5823572275729103,1.412178185058768,0.8816874291587954,0.7005019523531146,4.802992727520956,4.1113950407504145,1.9853146197056901,1.6336388095336656,0.8923769723470734,1.0364800238774954,6.731402162469118,2.604397008949779,1.445305444747031,3.9137937469482127,4.771220638501299,3.311915708330813,3.0842346695188776,0.6790089369741503,0.9277490488612943,4.428307370579083,5.721309409340117,2.4098775853096273,2.133669516406335,1.0002254077378085,0.8804325673283969,5.502072492804141,3.876958402826768,3.325307115378412,5.722913893250867,5.062240938728186,4.606480046389359,1.1914173516353488,1.078734385281694,3.9304077452827726,2.6371397762164173,4.839148588398507,1.9999970229242219,2.115317250957628,1.355408982882866,3.8526335708289827,5.5111088320751405,5.031132335982072,4.3604740023635635,6.068054619059049,1.1211012534193172,1.5268653016982296,2.661426478817137,3.0620145328417885,2.5995367672954264,3.397997783615902,1.3486895705871946,2.206615838285677,3.103355238249456,6.177283379736849,5.287230870706211,6.3473741981161815,2.080304191446265,1.8422967434197155,2.557703051913788,2.3614474027194987,3.5626433085616447,1.7326507817578272,3.1746230182238784,1.6724651327736602,2.534842131770452,5.0935653319578105,8.08508336904367,1.8648325223115574,2.4005198138345696,2.171380860264533,2.1749319250885106,2.821895527196447,2.734674787990232,2.454741654085307,3.1117538200234964,2.2310702968346443,5.0691694483008485,8.133895239555915,3.357166263858347,0.8393085712316385,0.9904803592640343,1.2740508065744771,0.731596792941596,3.4737742359693797,1.6281807795107959,0.8171472378726452,1.2445308627954341,1.799946781991355,0.904209096775841,0.8164548248288831,0.9793406723102974,1.318209865012237,1.7826272852885594,2.45175967430526,0.8907416030617472,1.6943629828432143,1.80398074957733,4.1710826434111805,4.332526529068145,1.5106570680914526,0.8821732835247064,0.7136140204110343,4.841715405687195,2.9699372251842933,2.374777649444542,1.817679882882188,2.762290671247162,0.8260271692852325,0.7593553939367872,4.297571918758221,2.473055776980987,2.2684036309491633,1.8124804581019685,2.5768605737635686,1.7030469594127364,2.601763996375914,2.967867448177371,3.00825126506579,0.6920029812610522,2.529525125402867,1.5933834614923972,2.503689668086003,2.0710294919055623,2.080836399794619,0.8620222412990103,1.4611013709227807,2.271093068049718,0.8031321620637536,1.5213737529147564,2.1582628676176747,3.2540651927557613,2.2990389454883986,5.690910524786601
sub-NORB00075,ses-1,20,7.941859312398835,8.22958313569569,5.61075185041636,2.8263231439784757,3.810627103596759,2.359068640409407,2.9666695681917337,1.874196931016592,2.202508810073646,5.666807282546683,6.15314036280284,1.5525549734019328,1.9419092983520396,1.6575216412427003,1.671037175701861,4.8952994573122375,3.5864231290250963,2.461899047273702,12.20591197010026,6.900197044713107,3.560274335401317,4.33134313714692,2.38177728116361,3.114812424985191,2.1726489914599223,2.1327797563851334,5.061043522134989,7.367338174513863,1.4896555652020527,1.5826699830593527,1.772556388347298,1.5573448284617228,5.580142521607408,4.344896012119506,2.5423643495672135,7.4624068513721555,3.6928740242705573,4.804107648895244,2.424530809931883,3.245360490091124,2.1013875820921375,2.0654820977873505,5.471784475768743,6.486971041138197,1.4114513387530256,1.5921577287210664,1.7178321637300944,1.6521373167849802,6.258386160504957,4.626487542272018,2.673995401729742,5.621717564804129,7.936739671456484,3.556381419368524,4.150722699589187,3.4940622915676274,3.5093022983959394,5.938158279462309,7.285444106703608,2.321393690444066,2.9500920020107757,3.3165014112502065,2.488718234759474,9.239467544784429,7.148697832167784,4.398027299390616,7.009174912385674,5.726134005831688,5.723265534290862,6.149228548750405,5.933991934212678,5.714701260879487,4.297739946235182,4.1039760153512255,2.2237241107998544,6.207054086186085,2.9436298193479296,5.98914227992902,7.4167912149405115,6.54407801457414,4.422669142372203,7.405395864998044,4.717689947407288,4.914629794895415,5.246525972405062,5.861349919693721,3.0402732128686574,3.5766753671864855,3.6146668151060966,3.9211216268496942,7.292580527251839,7.390986604730946,5.139035630574673,4.275113924581147,8.712655580275108,7.80563386332876,3.1643988402630416,2.9266777864895923,3.132160297999154,1.6125514056274757,8.071752816929274,3.705634803700388,3.596287001358463,4.568986339031249,7.5666341886976385,4.998593995276846,5.631933058596805,3.845844403478985,4.1380766204095085,3.1107408549255866,3.366051887282763,4.199515631551633,5.9684057982743495,4.365653196782628,5.319416645447288,5.411483324882718,13.258220957624564,4.412216374457159,2.9797639533970726,3.4707079688143265,2.0129909798952714,8.805587990474546,4.275947838159943,4.555703410839216,5.717673648225472,9.02908310807711,4.194276652079781,3.1762499561775157,3.134193572015337,2.284184263485846,8.228489263479364,4.885741012797128,4.642009981835973,5.6389786573664535,9.093835024701722,5.630204654410681,4.1639862087782165,2.737706719135949,3.2357484067014113,2.220964558460466,6.872342179800474,5.736770432909398,3.9304498528153062,2.0117039184183696,2.974625025104666,2.4162410738963436,2.2892411177225025,5.4352637965450405,5.196252603257803,3.322132853833152,2.589314310318202,4.52211311996593,2.519594514631181,3.1142038913111114,3.457785293620833,2.9825339828548385,2.318835026519799,2.995270755612069,2.4071393854158574,2.3190692597008926,1.9672569777882436,4.243010892882169,3.208367013158919,4.375810189790043,6.682258470210653,2.4626935539748738,2.903188177238094,4.542162139250537,10.893385418255772,4.233938959832011,5.833715874414414
sub-NORB00075,ses-2,20,9.328729850851937,8.692379815675892,6.6800171165106335,4.498278239933734,3.845240097286021,2.3959772027595188,2.344571299756675,1.4742761228540713,1.639112834983878,7.243795496253966,7.101807193045614,2.924102641825623,2.144545739633703,1.6005269724177975,2.1640327842571603,8.586746469740987,4.89330673151248,2.87795166768613,6.730442405953644,6.811286317335461,3.742200824753751,3.6100115099512884,2.315709221326773,2.519512034681187,1.5254758908479336,1.713302200441524,6.107457614746329,7.461192348433938,2.4753112463782796,2.5446986505265388,1.5887081706904798,2.4583520792133493,6.727392254319184,4.555842554770381,2.809725724376256,6.979783640118259,3.4285345192725982,3.6382316244040878,2.6989371719597437,2.751406805132242,1.8760401326790634,2.1895047283160167,6.117259695298065,6.235872546675077,2.236591827298001,2.6726660631082417,2.0777418498415843,2.666656599140137,8.800882257549873,3.9936182579878476,2.931765642953464,4.1693954597625,5.796411653190744,2.962109090308464,3.287674419923968,2.265046525880555,2.412828686536246,5.372941022209249,8.402305651765916,2.1603419858635227,3.3445981452120486,1.7567940866390273,3.1409743652327653,7.425239333854553,5.036865294793986,3.6630778366553605,7.717124763426392,5.904897860934611,4.004875653901632,2.526881272350411,2.6716929820924236,5.611022200715545,3.8708721484679325,3.560112517476714,3.8037560701447917,2.6208808499491747,4.4589811037257485,4.469119739226306,8.555384659633429,6.881499506679189,5.239049868089195,5.016887020407799,3.0438714876869364,3.2391344716362624,4.291846416960493,5.064171515175119,2.384475509060444,6.102227542885525,2.024427837400017,5.716264761364467,4.497810205178376,8.30228923266626,7.313548494604549,6.41638796372965,6.433776864431491,5.569730282131475,3.6839963400098172,2.536981173359959,3.2995982249074713,5.048890378578127,5.3135427890782925,5.9892638765891375,3.12950598143321,6.1296638362888665,10.051488661229957,8.516707967706614,9.58218308202307,3.096557122171684,2.878364781695205,4.1771334907027935,10.504375270221251,5.027546309194429,13.487074106673276,2.4337846359667368,4.057480558417782,6.530945736144322,11.568166976927039,2.0293395517555597,1.643671248515514,3.5395541228616265,6.356240590805266,6.580172069172309,7.615610612585515,1.945015498867195,2.810978264569234,5.465302905739016,2.283766560888892,1.8995738449278092,3.5901511096462477,7.241680389154524,6.602781011925657,8.55840116924573,2.0626012403822345,3.043221742980159,5.3876964803004155,6.217344538739804,4.085145688827271,3.67867219517944,2.6483145760674804,3.2485489575650597,5.768453551541848,5.575731997082942,3.901196348236806,2.2454461715621834,3.425130210499173,1.5855923262301976,3.046660100094474,6.200685417085713,5.075939802895417,3.453139457663595,4.115081576896687,5.689483833655638,4.293545957671814,1.815159179480781,2.9993046283664473,3.2072926441089438,4.421002974448008,11.595615164976795,2.337462871504145,4.4831259005326975,5.596895950205442,4.746479027599159,1.8120306948597544,2.642601486057933,4.142552477705955,2.3521014497376678,4.529386880493415,6.813771792667121,4.624258255867426,3.284860955404614,7.665682011822021
sub-NORB00075,ses-3,20,8.786226617526335,8.390342919009818,5.986336721851139,4.677480104452115,4.095524164388235,3.1966399265711,3.163036635354568,1.376764053348001,1.432980306026934,7.657035435900523,5.47852532268873,5.515266864665103,1.5427727839228322,1.0239193785519207,1.1549641266836492,7.527059947040639,3.6432143789674774,3.288278032330999,13.979934365367892,8.986925173449567,6.8320267865453745,5.329439735040119,3.113192185801739,4.247896130544612,1.2730101578658717,1.4789681867965838,5.520434708662089,6.117855675364388,4.9357057053743585,1.6036407920519142,0.8389390659349714,1.0255019652066335,12.553333463838163,5.318888640649539,4.257088280072544,10.005446902298747,7.816694867433403,6.064849123808357,2.434876626712769,4.402260783815504,1.4340382493258175,1.6651571542054668,4.933284684529676,5.5654496040197134,4.787031368410345,1.6754686679838844,0.9087861921898164,1.1210908886414268,13.442834073325653,5.177323165008824,4.463667434657798,7.706318536032055,6.379841794868549,2.3973460639410598,4.278452158606418,1.2715937435221885,1.4148050566971258,3.6924990840947323,4.527740627766674,4.605926614224524,2.0345075275856743,1.0742326705181993,1.2406845951326317,11.492725186666956,5.0303381869580095,4.416368684595735,6.875323349474544,3.824444502752555,7.142512932763621,1.9678328229821407,2.0798369420534666,3.9919523626295037,4.03828272652837,5.981800392012103,1.5535081342650752,1.7723848004252551,1.4961847113447353,7.817088976892303,7.9661111653716805,7.136834318362591,4.814476735764104,6.756851524264185,2.5217917893273842,2.5618957497063173,2.9543059297201912,5.063001353908766,4.160835136649423,2.470198888346328,1.4632102964147775,1.9938839500342458,6.03651458486036,7.7132802117157535,6.576915857289414,4.882999076310999,5.050915261969833,3.8531150271862566,3.593562025758442,3.872296927963935,3.4210126663882674,2.3092491931076053,2.2103023994028326,2.338172314118076,2.5931235252258205,5.195301421467144,4.900776339839941,3.143734585337161,3.5386496442804978,2.359539701647596,2.3926146459349176,3.632505795422685,1.5719352614391167,1.784421015939968,2.039000926012169,4.362852990823285,12.924681562366825,14.794114736414286,4.974590713472596,1.207178576629628,1.209636148315853,1.8118194679308135,2.127084351419111,2.648934990168955,3.1562155380805534,1.412939094912947,2.8188401804013554,3.176712965044976,1.2293948816454934,1.121117781398048,1.979886525962365,1.8614640429137945,1.6141706363883466,3.304715414356746,1.5312159669353875,3.1320960689257955,3.576813946337352,4.754106685216029,6.482171360042957,1.208864784367067,1.0933447409313222,1.1040312537467925,4.784938116894967,2.7811922958933106,2.2821301270491023,5.104161793150614,2.51342123524331,0.8266885645763942,1.4286257879661488,5.4629551079048815,3.5199015067303563,2.1814457991284533,1.556303850810616,1.9174161886911967,0.9708667442676792,4.942280213973193,4.222647184854367,3.5279909915142924,2.4991307448276645,3.5836020608914323,1.566318025915745,1.7389966977491418,1.6487119126014522,2.041918060429057,0.8404649056736968,1.623045603934053,1.8398551900029496,1.0506167327967333,1.6383521124047555,2.13671022287314,5.209121277810835,4.435902266384764,12.736757380461148
sub-NORB00077,ses-1,20,9.711731826268586,11.079973346093322,9.98347262313457,3.6939393498233892,4.594778365776847,1.5545867607033421,1.5689156377829507,0.7987345447179375,0.7700987887413898,6.518378107271607,6.312247933510366,2.8495618928187,1.8779506187892125,0.8141281382844541,0.9097898541715328,11.405149842255232,3.0180816176029004,2.327429157905254,10.368148420734105,11.338806179305262,3.086734059024873,4.644063541872656,1.409543765789135,1.5281596015766818,0.6761451686992226,0.7151925059712978,5.602440568556188,6.627354793499475,2.3331075636157546,1.9688601851606922,0.7409633201315711,0.8995718120809439,10.491151110979807,2.662732576383629,2.2892260146252403,11.79695891295557,3.564855427145672,4.739078080953272,1.4435602110759176,1.4603421504354315,0.649673951790201,0.5953243370577148,5.495837200323285,5.432943463328643,2.3522424580953256,1.926409815891685,0.7720906288111838,0.9205868584423568,14.733968504663437,3.185359132242507,2.3946085951152787,3.240991954871216,5.6241481117791885,1.4258634628804063,1.6394319442895806,0.7063086628211309,0.6750422374920254,4.9910117715811895,6.945483899931742,2.240171264429469,2.1213760269407196,0.7586053346714683,0.8723062019802242,11.778168174467773,3.146975925764615,2.3702905193546773,4.585908305372922,2.4073426354232184,2.6575394951622644,0.806949757906532,0.6586744110258216,3.992161573236509,2.6688717068211956,4.26290227016167,1.95031058783523,1.0481080935506433,0.9616069419384601,3.4883529892618936,3.8931051530931393,3.465583084133006,1.58809516507599,3.2544273195560107,0.8643459542641561,1.0319593561458456,4.509845018655939,5.288329709452571,2.5012953018844675,2.6865833124645957,0.9223481521218039,1.28262947802007,4.922011020813909,4.156146919239786,3.4881937209050853,3.7034847824281405,2.590099184806911,1.757923701313819,1.4401365509069148,1.277423256881726,2.4535823584241063,1.1229408444863165,3.5121423184688374,1.9394032916942123,1.387883615653599,1.1973770713859146,3.4412983119279383,1.8897533283418138,2.084203885547141,1.4828457683649945,1.7046618246283298,1.987421155182688,2.2199112138026313,2.344326161965454,3.2061085763003683,1.4596138007944017,2.299708034308158,5.573849699680835,4.590766445441653,0.5890659472677728,0.9952907945448841,1.0799381795745715,1.004498359702272,2.3171819689325996,1.5479770346034156,0.6658686368139689,1.0405667759961568,1.8012759562935112,0.7735384826215632,0.8119712070901806,0.9817929773917792,1.0029995376088734,1.5373489012759496,2.265287976705838,0.6202606245575014,0.9503866562507849,1.7962085874025058,4.720349151277209,3.1367475281072665,2.1315810013228202,0.9722690398421495,1.0665428760438231,5.532015959003441,3.3372343933219675,2.4859243849056947,1.6382472410688624,2.9880355246284305,0.6001290412809309,0.9421303699590731,5.666366788483427,2.7568407932631245,1.9724917754029359,1.996320791380984,1.9713179314300266,1.2380802134270552,2.3069105406118977,2.032770282271122,2.4961351172984036,0.8933062866722341,1.5254880425157789,1.9060066239701272,1.759301607589384,1.8702918275864548,2.114435686154592,0.7751096318925199,1.233368312415773,1.802555274162572,0.916935584846535,1.411871560096847,1.764255898865634,3.161776762741646,2.2923799488006216,2.7558791970130305
sub-NORB00077,ses-2,20,12.227047680687873,10.58468363587404,7.900544484680998,4.356963729010095,4.869869109598353,1.5628622507706937,1.6705896428181202,0.7421383645378804,0.7864248456849892,9.854453813216582,8.638233554197905,4.953916272882324,4.578332663447698,1.099565356029974,1.0645996997971847,7.78236240009736,3.0570297526539556,2.15670433334658,10.7083925632186,9.111884326683061,3.877803124072069,4.927887934464517,1.5207158694814866,1.7042012809554705,0.7756015809336775,0.8930171189517548,8.510857917233148,9.735900839502523,4.384970825576808,4.706053761123486,1.4506650994755068,1.0517551919700288,7.62555176892688,3.231683833902094,2.0456953288088977,9.163461986392935,3.918210986511099,4.495264422764248,1.54518098909285,1.5184911864333785,0.7644162795443374,0.8944747547108314,7.6541887364426175,8.637520385269914,4.588329150226661,4.464409722179992,1.0604888522726803,1.1729329926260674,9.075382004413338,3.356284034627778,2.173976537795118,4.555374749749752,6.228878247144307,1.584594574713098,1.779175680257105,0.8089484504456568,0.8840833564754164,7.921756423338778,9.924526122385338,4.471453251461824,4.310843838123594,1.4887650446744747,1.1205956789358633,9.199714851800968,3.814206955463816,2.345538383873853,6.736371993885842,4.815389812198319,2.2173644781464135,1.2664863657990373,1.1459174477436211,4.943310101069021,4.053723247350572,5.4540332713114825,4.262073547744584,3.0698911780340943,1.6058025881756361,5.803417484806176,5.9090326946585945,5.0646852133958,2.8609392346897073,3.1180743334389094,0.9358593753588126,1.0402295646255437,5.219134368145487,6.49092273553543,3.7591089451728097,6.063377071720647,1.8695502956386747,1.7928556390724661,5.458854679447137,6.181059034899535,4.1869095381797194,4.283762237511493,2.6893737810019123,1.7222936464934553,1.4262805626202284,1.354646897058109,2.3078014565269376,1.9033850802960668,4.337726820541579,2.6041994964524586,1.72847612560741,3.2000753908051087,5.580665693562541,2.41602170855518,2.479253547530522,1.7863017708032132,1.7627571902103079,1.1527015875993825,1.9985558943835222,2.2784863673016877,3.561480779137986,1.268893848261331,2.0853628564970976,4.7160790693669465,4.364204466042828,0.7023108096293298,0.8056837557954966,0.8635026077021243,0.7143889273816371,2.549860211828133,1.3130586979296885,0.8314681409707761,1.502442512500316,2.905351193907147,0.8391549241738432,0.9512341492251325,0.972913837796294,0.8632187445193559,1.5587277176499077,2.0399286521128124,0.9612836830365937,1.6054627154212688,2.439330704943939,8.534171688973462,6.056276693080801,4.111537496550685,1.3582246785485625,1.2313540402173704,7.247259582391638,3.096652676286404,2.1467435438042433,4.461879106114955,5.770217838064288,1.3047115466170929,1.2759420146946088,7.965525674973387,3.4771870017467337,2.271016513163521,3.2641531118657516,2.6214705873613804,1.558444583621782,4.438986574365908,3.1732565313046703,2.2747596888842603,1.4459068222581206,1.944867150541156,4.239202786527057,3.286842887221237,2.0590982181609894,2.3247811782525347,1.1264547676543417,2.17147675116074,3.1456254161652497,1.0999470340779813,1.2909394003033392,2.270745608994487,4.81794911746877,2.1929314784829628,4.812494852539734
sub-NORB00078,ses-1,20,8.212371067624069,6.634620769106053,6.250930006294476,4.198190340211307,3.41703829617188,2.1481474546639237,2.265857980708475,0.8918329689918167,0.771151081969289,5.067576873124039,5.171729165996068,2.6744540239026664,0.7979515245471699,0.6575841512703879,0.8945960740602029,6.558141720244163,4.647017696166359,2.651941774396512,7.782286794195384,7.720430194863558,4.440601314269747,4.854512266896011,2.263120084367571,2.6513131012749422,0.7439227376260356,0.4681513568862742,3.981276968146094,6.2943012126337905,2.3567501509704867,0.7420710879564477,0.5896728341791402,0.7312230386421417,7.59853548152698,5.012432626774623,2.689197889366737,9.11426018955719,5.978074047848783,4.729568559722899,2.757451983372856,3.254204056457147,1.1399423499042023,0.7872594318580471,3.6739024790552497,4.2519584094164316,2.1525184703812306,0.6957114549201227,0.6038021670946543,0.9720479980434303,14.278502774822138,6.51898157972404,3.7372996795066973,5.487573949157909,5.258734892894836,2.7012340186513333,3.139013932430773,1.067448561427808,0.6941815121559719,3.2517009997499926,5.375098785274775,2.1540305873879113,0.9103775061990674,0.5394234576480794,1.0802008197814597,9.26507319059402,5.639547795130263,4.185806411229808,6.053570692460074,5.287355368490536,5.399930697883585,1.4152862132172102,1.032916144705721,3.405755385274228,3.08873143484168,3.4884363291389584,0.8203826536347727,1.210447678230914,1.3186980607028933,6.124509986060547,8.441247286375232,6.344008269446578,3.9339714848725587,6.366951250225036,1.361754302670834,0.9351575496207845,2.2654643417634053,4.0574496521392724,2.0766267471543953,1.6322018979139503,0.6203651254129647,1.5163964586003733,4.544550387630263,6.33022594544061,5.17484725918719,4.9812991750022135,2.6085206445335754,1.4606351871946213,1.9188777963216368,1.8230167076196548,3.1681455707561197,0.8894895669556085,1.9593083353717042,1.6820486132190542,2.78537423144086,4.691426441471385,7.793666163712032,2.3132005035993997,1.52030146731821,1.8197564005567108,2.243678515301997,2.0602474789153735,1.2827265287373293,1.4724375877979414,2.531088255029459,3.0944021634338355,5.193939762872104,7.356048708449386,3.4135580129688305,0.7388404205802026,0.5261133663086216,1.034315416118456,0.6868490806534971,2.8754744791868925,2.380464535599416,1.1155743992749965,1.5777068775101635,2.468587784546416,0.6405798510698303,0.3945684259504079,0.43732225825642335,0.8067251805374637,1.5622159515203582,2.518475244987558,0.7427868988810354,0.9406943838230506,1.4422169322404303,3.7504784859517413,3.827863714702331,0.7476441413538117,0.46207081278407564,1.0525523646936006,3.594055568902686,2.719867143532632,1.9201567125696308,1.913335340422036,1.1110704530182893,0.4728834133022513,0.7546717825206197,4.1971720456293,3.6275697645340337,2.3635857337443693,1.3863859734610922,1.396682252952461,0.8629305117808184,2.1514535071319663,2.147929569931199,2.3201432435673377,0.6270666307347342,1.535232028874923,0.7016723591145289,0.8217495740015934,0.8076414923316998,1.816872018592894,0.6121116867924343,0.8016583902068868,1.3227754751081457,0.979715876883418,1.3443358055225356,1.9895265675989162,6.423520108488248,3.9064353284996223,6.365152131672859
sub-NORB00078,ses-2,20,7.91760614891267,6.733391165629051,5.264997300116819,3.4704656215278176,3.2382523603996325,2.1772635473910626,2.0110303349470633,0.9647510087738382,1.0662915306836225,5.667332842891325,6.642079561915009,1.0034183722768673,4.687702911289777,0.531678758700804,1.650252303630595,5.498210178014743,3.108152816673046,2.858355759202174,6.305234460775671,5.73920036902401,3.4924501478266747,3.790255788001088,2.198135919889045,2.3990764325943106,0.8554890351451292,0.8223833922180775,3.6754810054938445,6.769866998842479,0.9230668032961693,4.804754851179728,0.793654050469687,1.6316463341038527,5.579256829097089,3.2738089216590636,2.8321313638648014,10.22183671123408,5.7703470166026225,6.237277222399232,2.960026302860719,3.7560833153884645,1.0942819129072228,0.8528807397512065,4.9880210326743,8.066181007681282,0.9161008700395481,5.113990831780723,0.5905382608690811,1.8934285829579256,10.70366631004481,5.521236678068888,4.175675898185684,5.635152814861496,6.632918654878455,3.2956459151343855,4.843730542511113,0.9013465801317018,0.8205607800616639,4.214121222008161,8.7948088226905,0.8696181109953989,5.6292138584242455,0.5687902631840542,1.8160190815119663,10.425809918577851,6.378461644848089,4.244627963507044,7.545042705703475,6.562760935840345,6.714300146400956,1.3346550015954302,1.5724525478166267,3.700560366774018,4.119628661508793,1.413553557347063,3.5260095163984304,0.9947982859593323,1.9354692368968855,6.745830521239031,9.41314751614449,8.30559337764031,5.3714059555735485,5.2936443309688075,1.5224219716203924,1.66023352023046,2.826875357507009,4.2526323295060555,0.9416717590091601,3.198310903641191,0.9799902198529683,1.8036406802313987,7.680855677126897,7.183293448256487,7.752937627118624,7.264247641333656,2.9040357377414634,3.042068452056054,2.111823954205767,2.8585043171168576,1.2723651784693977,2.3739736825960334,2.221514289381109,2.3019743282049503,3.4142222329300416,5.638644960767827,8.393164139302703,1.9265829861770858,2.900822340764678,1.9278420340176372,3.6264292918036283,1.110146303785469,4.084777135567279,1.1960855345862005,3.608839081145746,4.5639352495412115,6.8437196370911,7.747335824795684,4.604764218046262,1.0739282497886407,0.9796079607749626,0.5918021738399708,1.0786333195872446,3.4084347761701053,1.4883947602157444,0.8413034571722718,1.2622388845112649,2.2745908955337297,1.3690392516822407,0.9292286231965043,0.8116612002593715,1.3964420525303907,2.7975755894829044,3.0431217648608095,0.848913455652385,1.461684597355142,2.3763035475534404,4.985436934999393,1.9843380574323006,4.3414496624098735,0.6765538634033736,1.6199456996241701,4.106418484757926,3.0481165912840185,2.219556591265257,0.781729317423048,6.861254367618531,0.7561966913126767,2.0493270602568385,6.774171689221911,4.090810721094261,3.316576746445409,1.093363062608257,1.494913653357134,1.4439980059639717,0.880987904106774,1.150390764596403,1.0481555071618684,0.5272599270164169,3.747641742938407,4.84620811858918,3.810327200758897,3.271882224283845,1.1689417518743395,0.5557533543972439,0.7982546489530805,1.3794544676673537,1.4903447451666567,2.27083212794063,2.171315808752902,7.739748639818076,5.041397748660427,7.846143203041994
sub-NORB00079,ses-1,14,8.538493825920966,8.563027717844813,6.884268359352943,3.7576064849228734,3.613533905953466,2.837257202422627,2.5436842189598154,1.3290208239502588,1.5697487281486442,6.712522322396457,7.140068731631844,0.6397459351133091,1.056778270168768,0.7494314160509157,1.0792383655588451,8.526275449692632,4.792331586525164,3.444860484200032,9.24028760788794,10.581996765463215,3.416022328768839,4.547728531623484,3.1339705741683384,3.1128382555559684,1.5813256471920158,2.095821828645533,5.02063147575394,10.591934730410696,0.49461236512948037,1.3948803920104336,0.8160678688201782,1.2794600097804185,8.906636813971785,4.800910210805971,3.5562615807905327,9.086873820468098,4.954650928299587,5.498059304959183,3.065410332556087,3.8424618702382816,1.5715764133794115,1.9048106267323779,4.971502679464757,7.758285921309733,0.5109322122478948,1.0659215529015225,0.9312830872231123,1.1962964637492504,14.48711251106513,5.751833221757706,4.353269106993626,4.572869793639151,5.832349646117716,3.421094820198714,4.125195927812353,1.6725482095958755,2.2338168940926617,4.250717571117298,10.411370162168408,0.6341075391924494,1.0822913452799519,0.8322576985358318,1.266271208705358,9.126506365443907,7.040586421651197,4.974282613734041,6.827669075452415,4.925518725363823,5.623669828054013,2.7550143298255207,3.03375759760143,2.5778968888580898,3.7748607292176395,1.5166586901315118,1.5592568166951497,1.5548629229263187,1.7727596881785097,4.970260358529191,6.652012303956186,6.133925833897254,4.675355736900608,6.651848694712659,2.3085697320650387,3.4261092800467865,2.192072859486859,5.2567113227022215,0.7416946497811467,2.3424153980487334,1.1927934725408706,2.6120753011695745,5.470767830437694,7.323070380545119,6.978336717521382,6.152142398096397,3.8459960391491106,4.837939584201675,2.2598768147931905,2.597169801184772,0.9980740988681708,1.5560791737666828,3.310792756909631,3.5292933299437976,3.09339574209402,4.181504524875689,7.367630559690823,3.4058539053148054,5.76363778676254,1.9474730889654401,3.1976424658113713,0.5360521421335784,2.0393081229907395,1.725442364416649,4.430352288001883,3.974653841541937,5.213032277502749,10.50426493745431,5.831329504445699,1.5345211567090968,2.0350997210972297,0.8032022028695787,2.0583317358924633,2.2685016019380786,4.541766278177355,1.6186024170743127,1.815954480031997,3.055830269461078,1.5989557602491646,2.6018846805964597,0.7303456511774779,2.2782662831233678,2.410003261171096,7.314695824801065,1.9275865785529156,2.316126541622922,4.756209153443401,3.972467155726961,0.9951835946583991,0.859729687672916,1.0531794318267893,1.4558789057626451,4.792725001056162,2.7592343950739653,2.193583570695314,0.5808555249891755,1.6765496570728,1.0085894431694442,1.5353298229647063,7.675025644491707,5.514898941933652,3.2905052540850286,0.9629500327864507,1.569069484990658,0.7373252115853465,0.5301484846458909,0.8944639872406899,0.5668082768572605,1.2603551831318913,3.495144989683228,1.1055537730146825,1.5403782204108085,1.704793578787944,2.2503542704210573,1.0206190220435043,1.0693627252099493,1.5775763117898136,1.1963415663342067,1.5152290972299245,3.43040696853384,5.9555041612100394,4.571607242193791,6.912791131570351
sub-NORB00079,ses-2,20,17.973204828361816,16.93939213180149,13.253159112056968,8.66248135415922,8.076001349849316,4.76117323312369,4.722016369328399,8.555493125999178,7.604676395332471,15.82455843201266,13.192004204180009,14.041419652247985,6.8376408385425265,8.519491838289762,4.637344552944908,17.853341726601393,7.647417307093313,5.10560896197919,18.96240752579275,13.633867349738324,8.958539511544222,8.338889079209986,4.896077832500279,4.985752496844478,8.354813806416185,7.486497510136341,13.457195432864427,13.454598189470033,12.377581913163514,6.986898543384202,8.342424372627574,4.8664291815299645,18.841208536571866,7.866920087199054,5.21873650676674,13.24660203828833,9.038209656202442,8.422327923025545,4.840822150352915,5.0569600653464795,8.37554416721971,7.461269975949901,12.526672845262267,13.182121860176641,11.321970003514306,6.88774694368189,7.990422621135683,4.918877419381018,19.28910060756603,7.995063806007403,5.196743439572824,8.248486346756106,8.513080225742,4.755414857802586,4.678494681660502,7.154010012352114,6.959911228209752,11.799116929125338,18.351532729820065,11.42050347404466,8.389018027289913,6.8920163645678585,5.3592605265856,13.223758574349787,7.002893873544068,5.3809380657161485,9.207206336693897,7.445141543690916,6.301056707797004,8.899360017265197,8.141546630141363,8.430314096044173,8.331711616643984,8.432592107971885,7.160320365423504,8.517693126414306,5.855536456684243,8.93122032541967,9.49252925761211,7.491562974128433,6.850596134706663,8.250229667916,8.475661597915991,8.661456357912698,7.323147515681887,8.332964038892962,7.036158282838279,9.150381826534517,7.4935968137080975,7.6615753315340855,8.32982222553655,9.032140752012497,7.35836275761328,8.206810280727426,8.728180315364927,8.500226850957791,5.036380726544346,5.215774520864878,5.819758627662294,5.674803629772857,7.4806695825205765,6.56054208165776,4.758442891230912,7.17890512329018,16.19267128110298,9.542182904890215,11.411768026146746,4.507082389952073,4.881003764902031,4.720319734503316,9.093239872811754,7.921256875210915,13.443372819629607,5.005480508042646,5.829681712082696,8.226832520631696,15.585798957644815,9.010569364260032,7.40130918119722,10.299082561594513,8.077446246787282,13.623120078767773,8.686402649667174,8.285940395847755,7.3452223960197305,8.695864296434205,7.467052442520893,7.124623332595202,8.153752877716887,9.056732216304379,11.246654387832576,10.886646317124429,7.427479438442089,7.0671294784651195,8.712339883978444,11.60918442319121,18.269542055609215,6.205941294986458,9.171415866710209,4.175428588624083,13.323833415643694,7.286419987277014,5.1997017064525135,10.707838796249467,8.735900418277357,6.950565625675225,5.602785025462722,13.324155196371489,7.0880410344447995,5.442249039913549,6.324290228256293,10.234713466810323,4.423895729478557,12.111573576708793,7.388237555943097,6.170087202154273,6.579889059400282,10.838887094286886,6.868940031369403,6.120792420473011,5.996861390398276,8.047190766266686,8.074549521475415,6.730434305780863,7.423593807609104,4.83236774908888,5.4328782544596885,6.7217652599658635,8.144929902743595,5.08744373869478,7.835947767258817
sub-NORB00080,ses-1,20,12.038870919083648,12.426293382883063,10.248468224064526,6.480498049667896,7.037943601334175,3.2059954936967543,4.342722790071865,1.0799240517506639,1.048426978851692,6.893318173778107,9.278909639326141,1.4551566578543702,3.3576441092525626,0.5089328016082943,1.043590645869981,11.927300623829472,6.829850234114135,4.845623634266493,11.763314705531936,12.180145359418361,5.877755076887162,7.496670941007679,3.2379933994104038,3.940577648936369,0.9550556738785563,0.9707006614021998,5.665486617556062,11.698079914483234,1.266180576664669,3.484047052507799,0.5295568490940472,0.9243005480742909,10.738475714349503,7.448061743453432,4.332570842625219,14.18376899742744,7.302484473939996,7.829657569133886,3.125256377844674,4.068550217524714,0.9600218155096973,0.9737583623985518,5.951530232448557,9.600406504514462,1.350410188603289,3.526371224600613,0.4642377463362714,0.8874553482891754,15.916552078241656,8.302365849325977,4.877601183833439,6.843509221978314,8.789213784403914,2.965273941683266,3.9952369476450107,0.9419371505762101,0.9299125383837307,4.943130563885819,10.79243167790649,1.2790591428557794,3.8309588078390298,0.4988849242464203,0.8542815303933733,13.397500093487135,8.338859246438263,4.571959227421275,7.730470269393294,5.732470160490021,5.0829638219324185,1.2585633136788983,1.249214668005747,5.035303308149426,6.017033980908359,2.197497829787642,2.934486365673694,0.9998938627824115,1.4251551993486913,7.697382213852485,9.546800779410576,6.475590184297138,4.309481799029183,6.250280308421238,1.0676661918507577,1.1727564672941784,4.335662496053109,8.13337068849237,1.5630455660297833,4.955335556556209,0.5119768461513357,1.8232587694574196,7.91169081310187,9.078060149909364,5.945443963914136,6.488925917321879,3.0976260807237592,2.9632970511394925,2.697507249321035,3.2250124118183088,2.094359764687078,2.9469720926663214,2.37824448029098,2.268289863374875,3.131625143308818,5.008974411639011,8.81606584966343,2.4741511799251468,2.986993689750133,3.102476954671889,3.4955031987140273,1.5597139764649957,3.8639955833981654,1.5201915087555573,3.48629632049222,3.889849729226077,5.848219315890916,8.636702059198205,5.952405042815845,1.271465011079236,0.9477750267338914,0.9888399588509695,1.109450996639191,2.765418195513083,1.3834206983372848,0.9560014127087214,1.315512203299112,2.716625856086547,1.3032837913933601,0.9694967666967063,0.9206661460359268,1.6715364303261875,1.9128152633171134,2.0099158273563464,0.9776640381235284,1.5407271272123295,2.824730643922009,5.1027601436962815,2.9910063933866033,3.1750643340691287,0.5953245704518089,1.0733686925124184,5.799987900248068,3.799979136452137,2.82555217993501,1.231940843019203,4.599205947445042,0.5579860242117958,1.027962555649252,9.305803573009978,6.546648682919868,4.450940616981878,1.9350619118730712,1.8425374172348437,1.368518456793183,1.3414965419328335,1.500117351699493,1.6085986748733945,0.7280241270150878,3.399690685134593,3.37989349922358,3.111158419911727,3.6830093038959846,1.4153909153465165,0.4562242552746872,0.6597546745631332,1.5570438182853445,0.8717738034198852,1.2702208478709007,2.0923230428532635,8.784261013976082,5.2008021150870265,7.936193604281343
sub-NORB00080,ses-2,20,10.789424222177395,10.36536633851453,9.15313563133017,5.235903080738526,2.3921667369359296,1.5589007906171688,0.9758872510230615,0.5838640148808951,0.6290824637526152,9.221101153535342,8.61649975735184,1.1605194980420903,0.8172484612511692,0.8370860030191583,0.5824700187910083,9.246046503355613,4.768719765207137,2.432621551704431,8.649347592930486,8.11855622198697,4.511789360726216,2.406020833549134,1.462142126808779,0.9286225203952831,0.641770448617555,0.6993828151188832,8.163272322521468,9.532386876833328,1.0549907235196336,0.98388321514423,0.9193414528323484,0.6512211595489787,7.424999639084632,4.064136898024245,2.304999506374961,9.803026380993934,6.092014499797214,2.564432983819331,1.236135175807068,0.8233648214007386,0.5474749935259303,0.5488499590068597,7.546496482965061,7.91822215403085,1.0410395072214604,0.8465825946399367,0.7352889771109783,0.520831060822611,10.893278540662736,5.704970938991087,2.4355089837678716,5.634429211990314,2.8739635482595984,1.263213655113006,0.9536176386849844,0.5258608739625075,0.5860180324983065,7.401993844016346,8.992952100694705,1.0079464089405512,1.108420300131886,0.7336989589920063,0.4626414467812453,10.926615934960438,6.380894189220623,1.9563334579888654,4.293598065516496,3.1088100314447047,1.8372924471927614,0.6804692579642654,0.6672027517138005,5.55653919469952,4.479908960703378,1.754840870356698,1.2475793038579224,1.0900895764268808,0.30810420763342006,6.489912370970616,8.141192353611522,4.645132485297873,3.024073154285741,3.4768095295605255,0.6926415777755734,0.9257207264417092,2.4498352207721577,2.906240153925441,1.5725499979466178,2.4335722782859004,1.1301072745984155,1.254042272476613,3.0212161817043954,4.564283010732999,4.074991684037331,5.19022659883741,2.631111139857876,1.8803930371330726,1.407346542053953,1.1102406987662081,1.3653263036916485,1.092160139897423,2.7381885816029565,1.1276768384127915,1.2527876569969363,2.8018778146821575,6.117810556589347,2.5545752511882522,2.907725447449095,1.0207066248214753,0.9484971422409629,1.0016152665976559,1.3458790978472617,1.539208777151424,2.1181041171841435,0.9992537365322814,2.401663698928396,4.908728100170704,3.520654140957297,0.5358720759538617,0.5537910310655506,0.7259131521598547,0.47382130098471864,2.104536088087473,1.1102723833811816,0.5805440436178018,0.7790299244828841,1.9790370592568576,0.6268432245528318,0.6720251324483016,1.0774856243886413,0.5254185044916676,1.1383762798938664,1.6109095068216817,0.5929230777370339,0.814529482341635,1.7899566905619502,7.560465628465801,1.661528049616954,1.0293293590125958,0.8001949143976738,0.5021614092865831,7.085278823665557,4.53984051916862,2.280407344276262,1.272133991113353,1.5861323446860212,0.9085704827313352,0.4887384428801315,7.412992404854551,4.715265535841802,1.9006469898817044,1.6407826600333428,2.303199445880659,0.5738657741069113,1.1672051666351073,1.398387948647216,1.0550818009610208,0.8687592370672469,1.6865115796354018,0.9529757852279156,1.2511817199874096,1.1671334822535555,0.9745706722767778,0.8039275953238623,0.9380394297242619,1.5309580373736762,0.42835950445428983,0.4295043341024975,0.9779804052155636,7.100754197980427,2.150028217873456,4.6977144950408265
sub-NORB00081,ses-1,15,15.185732949306994,14.93203731594168,13.362980879634785,8.97678897163721,8.208614319918066,7.413992033946888,4.726048599947464,2.854592165085487,2.920754716542824,9.957761055048824,10.794917225682537,7.305800075344881,3.318891558155782,3.0382032065588884,2.752277220776954,13.898949733977679,8.917908020562088,6.100362544001223,16.36584327739552,14.235932532929615,8.833166171041166,8.074597983445473,7.13209471332488,5.434910152029515,2.892103040308058,2.772738246899084,8.910058365664778,11.325477504508827,7.776139041276491,3.613709677164346,3.377897512363058,2.8661871576491595,15.546300955843963,8.859266968383105,6.948630762406765,12.889234122568674,8.890302560934767,8.02188490601157,7.158303806082952,5.210496945776158,3.0488607623292334,2.9284183073840953,8.954212313580694,10.352759396745029,7.010452144871054,3.4461520235804017,3.2443400160534703,2.8010017676466608,16.435279426869634,9.031081596143764,6.396114289089086,8.944370687114604,8.56568971102276,6.848409142935526,5.192074369386166,2.795677168200014,2.7217372753006135,8.190647726955591,13.223165638379747,7.575273438430168,3.466810091297056,3.2138670201367967,2.5364796391563567,13.582135563677879,8.437269235931048,7.943560783481162,10.105263545134632,9.481376782835413,5.851321753098808,3.3398434763551603,3.454195698593845,8.04821615242728,7.412897275432632,7.1197811781680365,2.9635003124073687,3.619032828605609,2.6765715480386487,8.938037704319438,10.495930103627767,8.229758426919208,8.731666129866072,7.718089192035895,3.9177456455561663,3.8651998117213564,6.38270410827968,7.405946464680923,6.669329901388388,4.262355132074788,4.253103854057277,3.6836959278545702,8.394124228504895,8.96982606450135,10.394080066042104,8.362049828143002,5.8689959497723745,5.777830011132434,5.683947744875744,6.026416735216802,7.482548659541016,3.5050490692593304,6.417933190010757,3.645078804944713,7.248732231026813,8.838171485382945,11.142101598197971,6.591693856758743,6.941979850426206,3.8919637629545067,4.995578299438233,6.574391784158272,4.790539723341936,7.333377860106302,4.633495487797947,5.375854640773214,6.451836059251243,11.345539611520161,11.606758768550899,2.553032377102653,3.0835260492006795,4.494712989043095,3.980848998371315,9.491632534437267,4.457889900757413,2.916491863135311,3.7699995180288073,5.222802267485357,2.404944117205704,2.809721332187038,4.10459758115398,3.781264425795113,8.557498384276366,4.466583509055502,2.8027645608252,3.8635779108054917,5.3770265267184465,9.31434506226774,7.540309380656094,2.83382645262969,2.501300677718235,2.6188587389282456,8.340739134560797,7.147316344089902,4.433246745977346,6.967357873640887,4.157856024847627,3.2249827172373284,2.883732130200261,10.408307597429317,7.201295061379824,6.763358899838969,4.696650815935216,5.23174972514806,2.950100474912549,7.031286579166549,6.765857178882353,7.1403642711228645,3.8518727727707565,4.930667131511284,3.5858601174372646,3.5157319532394546,3.836324434463498,4.328746373216167,3.4202439127229476,3.8222139188949162,5.851417251852192,2.8069964929424573,2.5439038277796064,3.607349359441513,9.287721098628785,7.213680327643617,8.3340609178193
sub-NORB00081,ses-2,20,10.982702237846011,9.370794298804672,7.803168177142524,5.200836194270278,5.18966530748314,2.958298458561689,3.9822470954648304,0.7538082154276583,0.9090531753383806,9.872434031188432,9.245018798667036,2.032682054813715,6.308507514169756,0.7761656410282718,2.132700237964806,8.590583155601987,5.706218318815609,3.5737319549320987,11.897226949695057,11.16000701083573,5.057294766941602,6.105856230393391,2.501089735342504,3.5727592753351103,0.7301741414210544,0.8227921282231755,8.372144829410312,9.391670670935977,1.4548969121671185,7.648957604952637,0.6424799888378113,1.9072870003638691,11.568062701004553,5.924833580066476,3.7931709158607143,12.96937218780271,6.096579757713095,7.982811779560359,2.507697719280076,3.7657348799529657,0.683648414317729,0.7803838071908399,8.106944153905726,7.725566890642045,1.4591683792253767,8.191511680804506,0.6394612103829382,1.9176194529218384,15.495404692290043,6.065459564487044,3.720407628300849,5.246224937554788,8.4348633762911,2.2453704452043484,3.9448188882078234,0.7993805843083669,0.841411243218443,6.920751380171382,8.586929699112828,1.2695756639239497,9.127082415571163,0.5971378836188962,2.1019476155859933,12.889178313521924,6.092434660401773,3.327556214562327,7.007642065899832,5.164307060373073,5.474250287273513,1.159655567270618,1.1978276553744727,6.403095315552072,4.263120430454142,3.5812828107835037,4.9552394021933495,1.4270496754347537,2.9576018338827152,6.286240995798158,6.944486809188246,6.562629739526336,3.9408754050226404,6.111903857314244,0.9448474223107262,1.1003801364047587,5.419978311360392,5.10797023205957,1.8748534206372305,8.017353657012558,0.9460845387286894,2.774211221860958,8.39084771987626,6.6427925977497795,5.709574748750746,6.3228496742438525,2.8693640100435105,2.740547275142036,3.5905983547404583,2.0892599403709204,3.9704765271617384,2.505113135269419,2.9416161641066543,2.7418478650405707,2.5337248753277057,4.79976246504088,8.916320696686928,2.0655845868550253,2.7996096906264714,3.2331383719888698,4.427368883857188,2.83084758976199,4.391705323148303,1.9615860013378537,5.705287649248616,3.7315874781777465,5.0666659872165285,7.285121391305805,4.436644659998378,0.859656433688777,0.6869595144300803,1.9156175405850373,0.783760845903183,4.235621015487234,2.0024394802856573,0.7085648884209165,1.341370442774941,2.129640908415048,0.9760725248097032,0.8156852583515357,1.719255540215718,0.9652063985472887,4.3355999752935475,3.307716639153675,0.7826095111396432,1.4745913458728022,2.4245348146904155,6.8318941821833645,3.13897268311122,6.7882376232610095,1.061944802492063,2.05195431638709,7.477485659806767,5.681455974476185,4.575799923289128,1.4189800337576604,8.994449863180462,0.6423844184014126,2.669389114642195,7.324311861767899,5.112463879878507,3.2401694032137014,1.9848715154078114,2.3241453191739216,3.1482345989066065,1.5049677128410237,2.367878348522829,2.8992506301265,0.740987832130708,3.320485154147657,8.068202078798214,5.696970821621841,3.840391992315748,1.8706516172969394,0.6233135557871863,1.3250153385779906,1.885666292636089,1.9666451454525564,2.060900273227701,3.0559365881791356,6.286564680574189,3.7425835069446562,6.085145550824707
sub-NORB00083,ses-1,20,11.316139270501534,13.32394363163248,8.572896049452664,3.261137852236403,3.7152780238317233,1.358399434824163,1.3123263943622603,0.9767909776848475,0.9959845547587646,7.6199478637044376,6.104287453986204,1.4837855671929048,1.1030305739638318,0.9309690098647773,0.7490315114585626,13.586464534425707,4.3514440307652515,2.0182958940602473,11.324571631448059,8.139954508382399,2.824226178711766,3.0784628189372136,1.129514884922996,1.1627656555126322,1.0356266482954404,1.0724768256951989,7.14224583436291,6.588357606209098,1.392160445964154,1.2363239412921712,0.9816309210506992,0.8164439526159659,10.995702725476363,3.661539492387854,1.5135643971869042,8.857224604922504,3.264832452354569,3.508153225457755,1.3399105002776703,1.270402558443756,0.9300681726759772,0.949864503380762,7.3869321395002245,5.763129132378352,1.324392901429259,1.0805880211450853,0.9571722676613268,0.755316321977494,14.186440821310876,4.470202654814259,1.9604752111627597,3.5723273448234174,4.531010293798769,1.4083766666117827,1.3198582331068365,0.8554726443009593,0.877157386523366,6.880261233847721,6.760705898925314,1.4222445180600018,1.284381699830335,0.8504615685122442,0.8045408867143464,9.075918545757526,4.929379694987255,2.0792721135261063,4.08077764787267,4.871884805994812,2.7399149212040075,1.3888326493788061,1.4344772698587653,4.08436251191313,2.5955095697111075,3.2672083532058283,1.205423073462416,1.4124916717879954,0.8018380101256272,3.2578220833232465,5.599277867557947,4.981591645948307,2.8168433989361983,3.6418061223281213,0.8090271665312372,0.8748761425547134,3.0405456188384137,3.2665250765492195,2.0189678762509176,2.225772978537673,0.8564741927358173,1.6260577831074912,3.688889252859574,4.927672774231247,4.085379803842169,5.38601255094154,3.0959016789039984,3.22611503529483,1.79944322113796,1.1734365534293194,2.5516555719295217,1.0218740480629314,3.2942141447846525,2.265515829502933,1.3663000728637777,3.4043053376735757,6.888244033492154,2.513308284388519,2.736863415281923,1.1923802338072353,1.1561457748733346,1.2795088224890943,1.7623499433249428,2.252548598651738,3.9722052021559735,1.2821832253095589,3.0396612140530244,6.9031579590730825,8.385452278696157,0.8230952851342856,1.0942485693688015,0.9194681933542987,1.0907279911088104,1.7542076364097714,1.7016230327825048,0.9407900898718811,1.7207677022482675,2.810048519564434,0.8552368293373229,1.123851906575735,0.9427603447131112,1.1177984105445264,1.8308660556837346,1.8577015973173947,0.9603701947392395,1.7932380801549797,2.9227284246370258,6.314257423490089,2.110893815962207,1.1526547712904756,1.0751403310032688,0.909197033960728,7.420077764793552,4.173736072343239,1.7715718141673176,1.097275821256727,1.4378355273970225,1.1391828050900443,0.6661467704530126,5.913290954639499,3.124218032357954,1.491028732706879,1.2648206390407803,1.6001289917936432,0.7873064392948445,1.3945525018009022,1.7754399431400387,1.5409257230749906,0.9247807669994692,2.310423067788166,1.0923289173639348,1.1615157138594696,1.0848253188727428,2.111548242592523,0.9222470361581039,0.8629410051282589,1.95615011417656,0.745113998291608,0.9165041889898813,2.4118753246956546,4.5681009952786065,1.9928222491384175,5.300461509413056
sub-NORB00083,ses-2,20,7.103936515206696,5.611566861494092,3.9657352742452305,3.4875020871552613,1.4590718440065182,1.2028267283501037,1.2819774587781496,1.1736575588749167,1.0966785839094766,6.995583720825136,3.690996314460391,2.4719969208766606,0.6166843299526349,1.0179445941355607,1.1910783266063762,4.8360623620462615,2.387449879067608,1.299902199907473,7.398280052145253,5.977343139439086,4.106767881657243,1.7897228630292332,1.6718981184001038,1.619807613540741,1.1831593864087129,1.2225885838879762,5.553845160014157,4.957511202450901,1.5230243879316607,0.6924463979803439,1.5619142002471693,1.255692996487701,5.50700532238307,2.06415011257155,1.6351269619417637,6.895812418605388,4.845752614384078,2.038477856891276,1.3584002195774876,1.367384133373299,1.3695431439275967,1.1155527063074302,4.087451893507074,4.8847761357338,1.3072759850964755,0.9136203380303852,1.3475637689049338,1.220078656569356,8.722707544476034,2.030602926041067,1.3720113418492834,5.540765543863152,4.287836267841348,1.8601885080246074,1.7303073107687372,1.2440564912501015,0.8836171282902996,3.6639714615701697,6.9800483613681505,1.2114584233319285,1.6181637797997503,1.2771887295110782,1.2146456177189666,5.724337641550834,3.2782166032914795,1.7220578841881342,3.737234226563693,3.1359745004390094,3.073660015687081,0.8226621494897888,0.8461087493725289,3.8299065379734905,4.114410130303409,2.129298299682921,1.1349657064480687,1.6267979707317068,0.953866175285585,4.298782741092068,3.957182012196841,3.0353142374011393,2.7572885551776993,2.972700831022079,0.7183661358880632,0.9909789260545055,1.509074566274031,3.662165838143147,1.1767265641211504,2.569269768001141,1.34261125005827,1.5225207642078593,2.1246503796203546,3.1445842340836028,2.9806547762895135,9.209790408066102,2.9988265203063937,2.7167562490765547,1.3202490459820682,1.214318761972517,1.420519937798895,1.1014662168562384,3.804930494834462,2.7861693153392784,1.0698088780785915,1.97818209281388,9.163026908008266,3.4465857998595233,3.7741852030536833,1.263090138466732,1.3427315914178006,1.1818531744890497,1.0595244685501886,3.926908737796566,3.3262230750158657,1.2446664964824028,2.100668230419824,12.090119334865552,4.875924632941393,1.1160448411244732,1.463201804461409,0.7898753980974756,0.6906123465016395,3.810831691824282,2.7620607760214386,1.4444842964749127,0.8015296932978739,3.474703303420905,1.1868838478734145,1.1503641736577386,0.8405115957657756,0.7812842092539493,2.7707971366397346,3.1912917943803834,1.2574395027918632,1.141606352084469,3.805775902770326,3.615853685337973,3.3381646000282243,0.6579478411401205,1.088038152155294,1.2499268783780098,4.039755256201428,2.3849744039370213,1.2555648142851465,1.4466297203228042,2.4514828022388366,1.439484395994993,1.1295529687827075,4.2952625234472706,2.8160120113760128,1.3172613690688784,0.5380460459821996,2.170630091219344,1.131170790508496,1.455251937098125,1.823418380855457,1.1492319319045126,1.1135606873516373,1.8538542502352329,0.8204895270004483,1.184211523612366,1.073292675443858,2.2187071584523332,0.875961324375651,0.8937547161910864,3.9535719796871085,1.405458352663598,1.0507237248290302,3.340421537324392,2.3607815054051917,1.2390930746529132,2.0506553261229565
sub-NORB00084,ses-1,15,10.099671153305243,9.830222270025041,7.498258711634938,1.226068232094645,0.35916075345905296,2.251521588119742,1.8956177108080605,1.3805153766743077,1.2722236132682772,8.370349168387365,6.950679636149608,0.76310650254895,0.3659961786536163,2.575729027434689,2.781007612028814,9.539223121983879,0.6146035256169381,1.5999538162189075,9.471990595816727,7.868819490643779,1.121372502380711,0.37177007903014003,2.1528324059761252,1.8496943643447377,1.389127471189499,1.2190260642723614,7.607707890784202,7.971400138172375,0.7666573021332521,0.4384211528219651,2.350371651314657,2.5040532812494067,9.425636867400105,0.619809871370505,1.5666167934724895,8.151804105754033,1.2318511996285328,0.4083034472135518,2.1608982540980386,1.4729150172108152,1.17104687827719,0.9818112766674681,7.532533255659732,6.766912941049651,0.7441943528735954,0.4513169694945784,2.5634397165542495,2.0899299017204136,11.671710027861629,0.9493479664125749,1.3605096827089274,1.0898307731941048,0.8357487579835445,1.2811770488705898,1.2495960127966028,1.1829117000274778,1.0558421843235262,6.734724860330811,7.208516535470185,1.0707402266319155,0.6493563817002573,2.144577572967701,1.640761432934887,8.334846917605596,1.5571276001394425,1.284270184858419,2.5062859366072905,3.042412310914997,2.3021909314332607,2.227286857484022,1.85635771201594,0.9002296534856008,0.9008382510490959,2.3295300708646094,1.043331243555832,3.8546826732232025,2.565923121102944,1.2399770158811596,4.918437602081784,2.391670312074743,0.8784987230307962,1.223100604854977,0.637340144942159,0.8660535965045725,0.6279318617958325,0.5150264458306686,1.5742329834842475,3.0011577995580447,1.3786354107048797,1.674851969307895,0.4289004813281086,3.326994021396561,1.0845982723648304,6.593333498385272,7.100178836648545,6.407813346647081,2.153894770092163,2.3224603230830927,0.6249518439185011,0.6498323340422467,3.8133251474520353,4.9080985854264325,1.9813755736400376,2.5300632662143703,6.9671736572719345,6.827647197128163,7.876811297247238,2.152727231070253,2.209224459593863,0.6926456812419628,0.7344915128550942,1.8427371214297423,8.161212474707243,1.3547163422395108,2.6459753740963947,9.039792255612163,9.09972174885443,1.9453228844397883,2.3140839562207436,0.6859234917866708,0.7483688768064761,2.1054345598579474,5.575631556034765,1.0575932137778785,2.1550425989450495,7.993118775417567,1.856139483810562,2.2142560277662287,0.7537807527912856,0.8914268650060814,1.7808787586277726,6.061116399907368,0.8366938395132171,2.1392294577251985,8.797986516212768,6.909236095081707,1.1200935828359955,0.5585544555318069,2.3071638897661755,2.948754868889319,7.441102679478987,0.8152056869040575,2.049664691969122,0.748949452659682,0.9178814639714663,2.2310814723092136,2.187412887855626,6.504013932062751,0.6308731103772472,2.222419287022035,1.7863986820926614,1.8329415578157051,0.8196313838939152,0.765088596809969,1.6576229921584071,0.6303525263261347,0.660454384811667,1.3332832610856786,0.4779956026982603,1.309577651953266,0.7647688354863287,1.9857682104075494,2.565565523792695,1.6788956049825898,1.6315398734025097,1.9021209099273748,2.6316136793061427,6.59821170975913,0.949551727378384,1.288368950992482,2.7009825885511227
sub-NORB00084,ses-2,20,6.469718616738454,3.1176156247064104,2.4512578964144174,1.4329920321800407,1.2346367538604874,0.6425558649513695,0.8566202756591677,0.8857280694573204,1.4080898408092897,4.580837487815187,2.9725810148581444,1.5474380714698834,1.2054295238481259,1.0518824626294196,1.1180888424144397,2.8830451761010467,1.3936293809366034,0.9631847737154733,3.228787291535487,2.8505936353759322,1.4477032951317745,1.3381027198444178,0.4358594106169914,0.8368959697145787,0.9617695907559934,1.2413561137764497,3.842003122242135,3.5921853665540033,1.0573372608353195,1.1749510102042422,0.8292274515657045,1.1493974998898921,3.317552848389134,1.4880832402248068,0.827011876092746,10.189892841312586,5.448806387444635,5.754286356782741,2.222528296822783,3.4959913827914564,1.5306814447404327,2.4318896983200404,5.264753453878376,7.310841754743812,3.3271274667744755,2.63230342288823,1.4876519097228929,2.6791709746819885,12.167583990056421,6.212906478325627,4.287194699990268,6.0494773955193555,7.818340219878206,3.13875534175266,4.414104173026131,1.4947299007126655,2.408143717318194,4.385303447329244,8.467900671453673,3.234919585243669,3.0387358460388194,1.4969230812892897,2.7194660247375095,8.552368690774173,7.705087078373419,4.767965835022645,8.163599116266571,5.5964101607774746,6.342954413533536,2.0970490968928903,2.9345876019952084,3.9957076140043037,4.363709367622219,4.810468599405486,3.3315927808326413,2.3280453734750854,2.668348416096105,5.421803056725086,9.601092772058953,7.867070389762349,4.309819784299419,7.169367708450176,1.7748172411938121,2.9499355620500123,2.521690694866188,5.76769130587213,3.132109832439498,4.190093095993879,1.7847561908133396,3.340731000406796,5.904158272079141,9.226393183064413,7.547684738598032,5.896472257326723,3.7054940177369398,3.792685866331575,2.0893857332764254,2.4913446390303755,4.338475801815816,2.8175361347316707,4.468369710597081,3.706245577202526,2.245066799355969,5.291332818232213,6.511179982416882,3.33265052086938,4.544514264012362,2.1149702873404297,3.46251056738443,2.992836897348459,4.226417442989477,2.71661972076243,4.9397529971794345,3.730534031773285,6.874214667994613,9.350090895526758,6.088430504700824,1.5044280946341564,1.3295687688216051,2.0538672022249704,1.6894359884056431,4.236351361428273,4.1355346526985635,1.6757854300245356,2.1550126361029847,2.9150609173932645,1.8285939301002614,2.250030180707351,2.16636957316691,2.5898341941064387,3.057305654864625,5.242245683461964,2.6024948390646623,3.1127436668138375,4.161889174136823,5.717984738663739,5.303470589229772,2.881457038255344,1.99129950152983,1.599895622146477,5.083828681446574,3.328048968176584,2.161520802873498,3.349291489459212,4.339071591513479,1.6281200168426284,2.5303710969842674,6.855258306744702,5.504270836236187,3.319692063206854,3.2239480279824506,3.88294770246817,2.34234085898333,3.5027335508455826,3.997344250741888,3.143950474404798,2.2891791597762583,3.953627696900726,2.7030398112144014,3.2675352847453434,3.506500615339769,3.1877487610542543,1.5830864092328247,2.134014470477409,2.6506499591108685,2.7572210727178947,3.1602844410051802,3.716472225117227,6.682868715297259,4.329669148378444,8.567081940677841
sub-NORB00085,ses-1,8,8.100426798578692,6.537166666398885,6.464315607974954,1.6447752867496446,1.9174663571918638,1.299003620542789,1.8816984031320727,0.7028276991846898,1.0739866321985398,5.412603412484526,5.575455541871286,0.8575293262832432,1.0811057548058305,0.8770679272796575,1.513331736097823,6.158904492076788,2.236575725167102,1.8763903645286055,9.381218107351566,8.557412576710448,1.6206171706742112,1.9882393293808773,1.7691994896793672,1.8579849642190827,0.7201638920611171,1.3093477859488902,5.440412794958181,6.971158210961503,0.8075374663430763,1.2229602822466594,1.0319750453921064,1.6114406376372485,8.818435036404209,3.008272144085192,1.319856852947314,8.632544969915903,2.1674970131744176,2.70435072901532,1.775214127470046,2.2855430030416337,0.7407435756422966,1.379586543927103,4.699781997123411,5.9634998442948515,0.8554691591106884,1.385282562156719,0.8460850085123524,1.4237209421353112,11.914038072994222,5.110744495330804,1.9319542531665825,1.6464345088266552,2.2072818387167312,0.8899206393649659,1.5524146878499891,0.6992996376428121,1.2379963370209686,4.848074343834857,7.047247993914203,0.6109915989376411,1.509498092058976,0.8421460552139183,1.0862548024941439,8.040512189898024,4.355863823193567,1.2785099062745071,4.576828973755346,5.917664138737741,4.844103865044048,2.5386296052852444,2.443338906932845,1.704109517715431,1.8696916349027457,3.0852308354968017,2.1978743289588607,3.229629106975415,2.6982329376191028,2.3274285305322087,5.263919582390443,6.589064312500827,3.2990100918223053,5.691119800951148,1.2936285030593162,2.148475268589738,2.1515934251694837,2.884850536929748,2.5205302693757456,2.920595696321243,1.4663648797736766,3.609139161499723,2.898882498400965,5.663576217687448,3.9530138201678464,6.179177746380823,4.343091017196292,4.620909178236734,1.3743082780667841,2.508740338787882,2.46792849989993,1.5070459283115665,4.856354701866985,3.1806696189354957,1.8572225266515512,4.840741962313163,7.0558798963985865,3.3637718943769968,5.070683456625794,1.8531561893496629,2.176588435047355,2.074426625809526,2.0367192533059013,3.467102913163126,4.95145643415689,2.56292506485869,5.506092365357459,6.004383268689392,6.263942742265168,1.189865932728058,0.8347152165213545,1.0856700432401873,0.8912338395484144,4.78536158710114,3.2647873100583222,0.8265900246604916,2.1104034816151986,4.200431051533338,0.9774137738749691,1.1329183134837277,0.9938779433304382,1.350806321097243,4.215099655485868,5.562360213064512,1.39895203022655,2.287562707486373,3.9850325390720545,5.87702358205331,1.9825040421871005,1.6657251179827177,1.1716587852075186,1.7210108333940348,4.65266057805203,2.39426923815066,1.683073411054926,1.8278942673220764,2.9930840868557533,1.6502909936422154,1.2344057485223203,5.886473240439062,2.6420457875204555,2.028647250190959,1.9897179326901144,2.082813031504835,1.3804531761863765,0.9415589284973881,2.180134464786279,1.7925193077489343,1.886160374162664,3.379514468006318,1.4496621217077803,1.3829948634798244,1.0407348381541415,3.6946346029589496,0.7988323558688133,2.504767953282111,3.483540143060904,1.3725960495940481,1.793884798342789,2.5214714531506477,5.775413555518527,2.224802141236164,5.498405519470933
sub-NORB00085,ses-2,19,10.076812545638138,9.988246699039504,8.839625000558046,4.192208472533361,2.4460364387221705,1.604462569963794,1.488576786753267,0.8242451517669387,0.9563984016607193,9.50310421758593,8.527995044442548,1.6179534299796368,0.745099288919922,0.8450796425620739,1.0584485283211913,9.864300089155797,3.521406748628639,2.78687831948454,12.640571788353988,10.973746752594542,3.623354228052817,2.6254311020851477,1.5261882296504525,1.3741507381199596,0.7296830381769407,0.8747651776562568,7.601001982163332,9.723913436806585,1.442702694712542,0.7938573181183775,0.7190713842630795,0.8679924124363386,12.524045858095349,3.278540750409276,2.715652867638828,10.257756837264258,3.820053386312043,2.8396949656802315,1.5328378399988674,1.2596555879149776,0.7933554921723198,0.9356576495199208,7.898237724857825,8.901390590136089,1.4512718363603803,0.7729554704759479,0.6575094794040863,0.8025220940994721,13.516428250359967,3.5933925285231165,2.920854565758645,3.9418047788579296,3.2150931364387434,1.5826929349064272,1.3340295123528445,0.7477782135451365,0.9986204845577294,7.18496793792836,11.797290211527605,1.4274689028173577,1.0564794521081746,0.6559435911454198,0.8278789675103895,10.229353671006436,3.504002901662226,2.7655296998619097,4.094703532375783,4.391652790194911,2.1920693835871847,1.1962424394524127,1.423956703048187,4.6888254508604374,3.635286515165332,2.7053271951295073,0.992596659240454,1.6000440180059807,0.8010769963939156,3.844690553140133,6.754890552461138,6.012325463545979,3.0406847787977314,3.4296165552130313,0.9973055028141521,1.0494682680100234,2.8211688290395314,3.258124918088921,2.058547249366679,2.5504746122982205,1.084843653539032,2.0152019947118376,2.870536221605582,3.9025523652284644,4.006724654652758,4.963205867964358,2.708259491850371,2.721589112896677,1.6046874862444342,1.6106615578188705,1.9173539861055087,0.7417985483371542,3.2477257404320556,1.843141759686102,1.5802212599334706,5.386453223962147,6.332667929928472,3.055049861660767,4.078949243446287,1.3593794301534148,1.458928482229643,1.0896898221376117,1.0358364442166716,2.679967810917761,4.3211410801851375,1.2363075587181909,3.5563703893436247,4.186080218963789,4.765367288491559,0.8648176716737259,0.811924832784014,0.9611383975035892,0.5971704568117232,2.5516171896081916,1.6561262117308277,0.7758816126862135,1.6283626695350917,2.130286398928436,1.0221294304595558,1.0335335239543435,0.8974442790989523,0.6715610567286856,2.434385392770324,2.5963683307202565,0.9356743015383413,1.8183096121527165,2.342748203464189,7.04417888243199,2.369209102784716,0.9730757161706061,0.7920079861674858,1.0821765582295642,7.930775718929803,3.398798167061019,2.6977217323730174,1.4824798560847772,1.159278067331418,0.6901321941727409,0.9713115674714303,8.745887142350405,3.1838597003291738,2.4395214690927753,1.3984628524956777,2.2331419270949557,0.5562571583062123,1.468637914711121,1.4249095991056357,1.4389880546012481,0.4848249931751145,1.1980702338591311,0.7741338287274577,0.8555322676928753,0.8205267814330898,2.268892867594605,0.6558789235280335,1.43768227924843,1.6668653771956996,0.8002823825207538,1.2762138958624911,1.4138624582024764,3.8038707028229997,2.991281827820059,10.061038831290757
sub-NORB00086,ses-1,20,5.879871258737771,7.781794225077315,5.686342756924116,3.1197969176276095,2.238313370577812,1.7244914284512867,1.5885675046835288,1.337218588300804,1.3029100191169671,2.597646152793117,2.7338862378917845,0.8882481954947729,1.2195301268330656,1.1441013207209239,1.3598914083388238,7.2412346835414185,2.3081347898190225,1.555131527382395,5.083780422605591,5.451300413049067,1.6043217397420235,1.5199805596621165,1.7094265779866966,1.278175460112863,1.738661907929312,1.81654752346011,2.2249830754631517,5.35703073169316,0.9613963651494695,1.459584918765645,1.6024424695795347,1.1990900208154676,4.824937572112947,1.2820361152265196,1.4550934498281707,7.052666325540964,3.3247243205254073,2.953837560083607,1.4716842275772453,1.590621914999831,1.5458951026179242,1.289046998469431,2.0906389957605778,3.1385120464947507,0.8959574096860858,1.6505543037978825,1.2566032166838959,1.444035673811235,11.267119852732758,3.4117347801372944,1.6603347791250829,2.9540814346748623,3.322621144436229,1.6923702744309008,1.3124890544364736,1.6192641674292485,1.2634770494881769,1.6837215531824732,4.814591467879408,0.877144062040639,2.521454219856416,1.4956099347682859,1.375121878702792,7.081897666304914,2.4733908881629216,1.4549058627498495,2.803364988054464,2.5907643955185042,2.2144210472892185,1.7245227056790333,2.2468273487747963,2.3889004604747166,1.5869234019802463,3.0699930923027083,1.5364590996835878,1.1084542219484077,1.5778899342545503,3.5370665732162676,3.3749443600886346,2.4844700460501543,5.765493360490516,6.495267444824489,5.136714199386189,5.140710632924975,0.6242684312957548,1.4660922771187912,1.1744929979223817,2.5151597514186586,2.294819310875393,4.9325086340079585,3.173005819049057,6.851111948011045,6.455174655876135,8.69781558536822,9.299613765595613,8.91731418543367,1.1876805383362141,1.1340862040713424,1.2817308653193773,1.689216722747113,4.1594310809031345,6.987790679680829,1.4976262580944601,4.851911082882786,9.328847767980767,7.600576036017271,8.734003745538676,1.2246613660876224,0.8828712609327869,1.2763830012764619,1.9947118496457645,3.106379943292549,8.221275353859236,1.7198039343929694,4.789346995295579,9.912312449658698,9.699561522944608,1.0763641150761836,1.5566205189082187,1.1243632011162201,1.6171364695524986,4.232644299848058,7.41262560008912,1.5850462316149136,4.708422793741033,8.145391640490356,1.2828704670974793,1.3166539364415866,1.159760641126646,1.7352996701471692,3.3834693566712852,7.593279286847867,1.3722566716138558,4.703073598897691,9.54858989745635,1.4652370137093391,3.3187649487329702,0.887080981329541,1.3290667787730284,1.4442894553109764,2.011307825911158,0.6213754622414309,1.1873259296816043,1.173683888747981,2.497584669973631,1.5292035909800177,1.0477710063535484,3.1618983979807354,0.9739452878039074,1.192468424868465,0.9052121147223395,1.4201821695870371,1.1592920942888298,0.9518222347203249,0.9470136849573143,1.1635224036245322,1.9532652717649608,2.3563189847998682,1.693489822120343,1.7510176949733356,1.672066905906738,3.3960486497668585,1.281566070867859,2.357886325041518,3.0055494980900734,1.5730379371331433,4.215496528744529,7.256414209921805,3.490387819637924,1.6987791360473796,5.653011046457773
sub-NORB00086,ses-2,20,7.025132205678693,6.568203028246906,5.22504886122791,4.177280338050884,3.8751052548390312,2.1835674066354263,3.0775518302262985,1.2686166282836915,2.0421953993161734,6.761409528726451,3.2458176358520427,3.9108530382047517,3.9530307955029627,1.9144614318888107,1.7927388085598763,6.317442539590919,4.40399493878042,3.4150080518993953,4.75385936719206,5.003353970011007,2.640181284244817,3.1642823780729676,2.1114521020711,2.0895120172697346,1.1209735260719096,1.2554317865512052,4.411598058511293,3.10015790731032,4.011504032021258,3.797470767940743,1.5298650627998682,1.2070650642285807,4.721449315823916,3.3022126508840026,2.385124985888415,9.659772566676443,5.547751410520022,7.027427754849337,3.289421395307258,4.711461066314094,1.0328549452573514,1.6288791533118492,6.3566259951669934,5.596040520025248,3.2420634623577014,3.5017352426330803,1.7191412428708304,1.9490953860990055,15.321659247078173,6.030399136324974,4.464283552690053,4.483472004906825,7.40443271824491,3.435099564064952,3.8837552829672832,1.0972484007857746,1.6241534739411345,4.78951214294281,5.544440306253395,3.2715039206560697,4.033832017819399,1.714408844264728,1.552001172519779,9.96048029975851,5.359345500349535,4.020570239410783,8.677387013504493,5.774742394901425,7.637956649548469,1.7138237031907848,2.284095213754339,7.090546188587109,2.8975405175425735,4.51262921448871,3.6680981401487984,2.9128092768203286,2.482898280612841,5.630758824076445,9.821669483303333,8.531981519270191,4.8900573793960165,8.534449112187744,1.2964791235672561,2.1179183253358924,5.527994929310788,4.291306376602164,3.0119943277378503,4.129267682511891,1.9974658933958327,2.6275905622804077,6.990050203270483,8.632152443749932,8.007448980974434,6.326250511250793,4.116192161478109,4.60114584685992,3.8619180441739664,1.869078666451339,3.7670510579305168,2.359863544869687,5.263757897854598,3.9992312531106555,3.273746695520103,5.209776745101945,7.675286676753446,2.707751763355355,3.2983962335366344,4.022934160490966,2.464082896272923,2.6415358946360366,3.1936960931466496,2.730718589203152,3.8752096668587948,4.61400436626202,7.426444741373504,11.135998773943566,5.620227322560366,1.1993532201637502,0.7654446722332511,1.8747719915332357,1.31308664280017,4.193258539477105,2.9124925736497387,1.0484661146356646,1.6796679883674197,2.8747990767480123,1.9497396230968558,0.8435436825331084,2.038240216876737,2.3659788916437785,3.476322210443037,4.906371063890509,1.6608959144251636,2.3365246914786058,3.3091238060247283,3.245359486306269,4.468888428482222,4.168021129094816,1.7966408215212037,2.5525757564942944,6.012443209331691,7.91756110791686,5.039444928403314,2.3213198101763246,2.9656488082437376,1.6075092464872884,1.1496693142632348,5.515471546589209,2.8579717938646967,2.5509087395528667,3.279787754866919,3.7122430241498696,1.5493444960971625,3.220732906569038,3.6322414730724946,3.5296267719159253,1.440710985035611,2.972922576131972,3.4474551970980536,4.148802684856729,3.145431335622029,3.062153199452333,1.7251115204666188,2.046358127337954,2.774416077470811,1.8746372892211631,2.5634881943897736,2.9378581210472587,5.749770911248129,4.3470554512413875,8.116927258735174
sub-NORB00087,ses-1,19,10.069184636333967,15.168825407836305,10.709457857484738,3.9191548728990173,4.138594613709655,1.1591948686661935,1.8610055750167913,1.6742046756298117,1.410895610640863,7.519556542241131,7.697592557869885,1.6936688437798175,0.724118476732658,1.132959581768281,1.9188534625120948,13.816051301040554,6.316878382565318,2.0873253516226797,9.830374464014177,10.861057521134404,3.4927913188981674,4.081935285265239,1.4285343798279344,2.1651645755673994,2.15835518193525,1.7968890283619487,8.048956796708431,10.418132709121577,1.254393171304198,0.7521424753797636,1.7744169868230169,1.9939541298724504,9.700349174480497,6.395721580031366,1.9335067970462827,11.045133419519729,3.8741232728039696,4.169062611423095,1.1468581000309086,1.8806646036673609,1.6401752099951974,1.4156373836923346,7.378472845581007,7.673765374393827,1.610478656384429,0.7076492091942704,1.1283804121967462,1.896688013917844,14.522291308296435,6.392449708029709,2.0057901167077152,3.550611776988171,5.015296155323708,1.172663117929748,1.9929678396460777,1.9416300844333065,1.7217724209978529,6.543247264488369,8.410957128264146,1.0773000276705205,0.8356067913474765,1.6490169054643222,2.0273327171358453,11.285210649628494,6.6584015269843615,1.727039762910513,5.199359395796661,2.7704668397048278,1.562025258699967,1.666105357930826,1.1300886119645863,3.95399086892525,2.803657854506117,2.8028848636369883,1.07692037873361,1.3736943839594544,0.8530565028083192,3.6965364448408824,4.890345942530062,4.316354500978209,1.9830113839529178,1.7042479108074198,1.1884629576727124,1.2553313108018047,3.8160404122140266,3.7433129830016942,1.5313860145143006,1.4449388462553727,0.8081455444239447,1.0325604120799208,4.09209282663079,6.212037235277282,4.926932198858484,5.654823668581949,4.893932771124291,3.7682771431116833,1.5803968766781404,1.6718353807791777,1.9572438178956888,1.4706135027948866,5.501905926619914,4.106342538654749,1.1261250597606007,1.2458613680178166,5.458434272161604,5.90944044467637,6.185682935017566,1.8087294135420349,1.9231159088414562,1.1436976208020326,1.6117185069641558,4.1653457613975045,5.364685807282928,1.88456731445634,1.7447756160771046,4.619250837711544,6.165685198919547,1.2966024943106091,2.112359893761672,1.2281230135054706,1.7518296933573236,4.730588782984889,4.809756293773103,1.5953853399562552,1.4786504073800522,3.8617380976507847,1.5850036391236748,2.0828427112820385,1.2189980722956915,1.5192148623575026,3.126639995674717,5.364825658263602,1.4211477784714632,1.6562913919030737,3.5545243603935717,7.345075766405114,2.119460197126034,0.7857112864017008,1.3393136684234466,1.7767422759995088,7.07189190498154,5.922950888391299,2.073392751188709,1.116241086646197,0.9159714850963285,2.103098962138942,2.0925012413840554,7.424258750763519,5.837453957697442,1.6580734096155025,2.176136121371467,2.6050590374591716,1.1491029916907707,1.5192806092234241,1.4639635316174928,1.81373089656747,1.8439521399642418,2.3877272171051547,0.698620123962262,0.8639156526521966,1.189605877456787,3.0301314182313495,1.132451396716555,1.2935979441499803,2.6688374600968383,1.9472285731273264,2.4268480263363426,2.620893474178825,6.373422396316296,1.872920427229576,3.1812586759315735
sub-NORB00087,ses-2,19,12.701209020247143,12.018948754632287,11.578768537931811,9.16039215366846,8.116831298042385,2.9465385325948215,3.57999605990436,1.0745838587318588,1.5533677847104794,8.270225718618741,10.19801540308813,1.0927976059406859,2.014469037576017,1.2936962067158448,1.1626871256835667,12.006764749560226,8.860095289622162,5.431624742234692,15.225440239631176,15.055008379833549,8.924971695829557,10.291604924498515,3.0885244701644097,3.166456682372948,0.9172808759732579,1.3297819917167084,6.359290437793045,12.63292068313293,1.0907584661393752,2.0451459875614204,1.2041313108411886,1.2065411900433316,15.068642097130677,8.685007816736626,5.4790982307819505,14.468250708124614,8.927243461920595,9.722696603155063,3.029406610924903,3.3109465126382993,0.8816110660521354,1.2943010433021165,6.823061966001642,11.201423924405242,1.0805761531835614,1.887979124862867,1.1193137908687425,1.1268894157899454,17.018234009437563,8.40657841476599,5.018646863521911,9.031456057564036,10.622670510737498,3.0333846342058712,3.300444264991086,0.9295468068847471,1.201991237735705,6.193676067275589,12.735546622845614,0.9918387819136069,2.2386806230513216,1.0085472172663947,1.1262415716504532,14.755385453283221,9.22805061635224,5.9568886021701495,9.919681055751838,4.352773784711025,4.030633224778349,1.2663037571851856,1.7845249173258282,6.876085044195109,7.958586221593566,1.3377889201749549,1.9613922284944383,0.9926509684911796,0.7974304388110101,8.891538801152558,9.50370416562487,6.452015158111637,3.534320025672413,4.749099695259676,1.2484840081431852,2.004430194849606,4.90713694475625,9.832809477327759,0.8354172747835533,2.688050979597331,0.8501942524541635,1.2971884694838995,9.537240265305206,10.982649874662723,7.131372839272531,5.131601387256651,3.967148596832568,4.1800549682964805,2.7261857069664757,3.2490024146271717,2.3420620662082854,2.108630223507907,4.191538722049929,2.1613514547052666,3.031582912197754,4.06211955430786,8.299118078559278,3.8167439023722345,5.787214266885437,2.977968184738764,3.2195348536748383,1.0606123197000261,3.3797718720311862,2.6146476697906897,3.5117385401015535,3.4420058008892824,5.091488961700306,7.345235228151291,6.441655854371677,1.1179775283752287,1.0492639001197817,1.2147763621253354,1.926486519871933,4.726060670924134,3.0343584689565186,0.8802753153912115,1.316826477131926,2.930124331395919,1.4234788235111784,1.3927487688028173,1.1174565669087646,3.349930843324711,3.401656754478484,4.278833708686165,1.2873198647305633,2.0521063048230026,3.9585248325389153,6.096810925233662,1.7027211308330894,1.490118180444419,1.1492398819498113,1.0502570804434748,6.942114840981439,5.770675662669831,3.881525013551477,1.0977487280512221,3.0438670269086847,1.193690601800603,1.349256191029733,10.953878439861503,8.114819545195704,5.187814974393379,1.4688135087657446,3.184645718308795,1.0789544473616752,1.0492518550800713,0.8646808898050927,1.2954943564234438,1.9849117391879734,4.072077047857032,1.8755507657099664,1.9400632248913983,1.9679749163938578,3.181993358491589,1.101532844142739,0.7975188180680691,2.6448843164206104,1.1205578717945677,1.1260915252416464,2.233373672957736,8.725011582382532,5.216371688449644,8.572569754474364
sub-NORB00089,ses-1,24,11.057151938348815,10.618109269391121,8.484742641127042,2.790532476584927,2.511636089701518,1.9834979278476412,2.4292299058056464,0.5864061623193619,0.7550010637521088,6.822147541075634,7.158797425760491,2.3246131470883946,1.26341435832491,1.3668498271343517,2.5002482638165815,10.216903931462568,2.922157632860415,2.3183734627250705,13.1267124101455,10.125127735131903,2.7979299238058375,2.629653815098457,1.9487256536339599,2.373660112663355,0.5715787744627207,0.792490752015404,5.649977891599927,6.922645458319003,1.9268423556329972,1.2982574296122344,1.2907188490258843,2.137582990515012,12.658865468824047,3.0849431671132126,2.320113848545544,9.872385764988236,2.7735901733780044,2.672356941560127,1.9014510577090862,2.2657935047858775,0.5558964227229816,0.7908467665358144,5.557946215514915,6.44173136436184,1.7729118026964061,1.3011006962040288,1.3201939450557145,2.083473335067015,13.769784755204588,3.3202421743539996,2.160021455238934,2.7685394579942186,3.1350974528176856,1.9255751036675912,2.537220127365665,0.7142240817830854,0.8802041652435535,5.397170558391445,7.2035455150061845,1.6247129052876474,1.50126545891046,1.4029582517535033,1.950232574114927,9.572452542605129,3.5488375641355816,2.3952536005906424,4.840185511086944,4.7300412235329645,4.131814598783793,1.26065150187275,1.4593419996465766,2.2689233676744,1.943533458580241,3.6435785442259685,1.249472292708407,1.9622990710181638,1.3836139542242252,2.8286597591559945,5.061288555837705,4.990059814152067,3.5438057051453327,4.545892154832674,0.9408162556508044,1.1048159102361932,1.941102604907643,2.674407548673399,2.264928969449732,1.7399274443692934,1.2103616920374005,1.7396764794192414,2.7511323316216796,4.363709840401753,4.4091939102457385,7.527503805727631,1.9572474413222343,2.361106036671791,1.6542419867371396,1.5060589108946194,2.5293717770223845,1.4917647348787517,4.2986196799086445,2.92803702541936,1.867663511374743,3.0672070910635783,9.678536559962128,1.806838798758596,2.4826108083084732,1.829060522932603,2.0663464799445754,2.2602635077021676,1.7388053650847823,3.547699623496708,3.951571131606548,2.2261746970585454,2.503823911589436,8.833895724451521,5.888185896931954,0.6564786318538357,0.7116060030152775,0.9509242786886309,0.889266712240271,2.909135250853174,1.7485938190670305,0.5957525297379372,0.9866408180543685,1.8392034052058348,0.8351123630924465,1.0278624819442423,0.9307275482211127,1.1840140765149967,3.0777715341044707,2.6580242260866656,0.8110526449214525,1.2109735313704435,2.362576622971194,6.050999201138647,2.9430387695865767,1.3782411859785373,1.0158286644025933,2.45077968624453,5.371409442079994,2.5309923925441655,1.788065578626605,2.072015686544486,1.6047051250045097,1.4905545840170926,3.067827387237076,6.166407294921288,2.3575010416308673,1.745183311746243,1.3387256379113583,2.265708673457605,1.2472565040647843,1.7836673691935625,1.3026392578039516,2.4600735910281317,1.3376210307261236,3.106501298942542,1.2745133646589353,1.2218061524467771,1.3266110109997638,3.2387442705531977,1.3173550411554051,0.990587221625001,3.540603450878509,2.1325314584466986,1.3211685719742639,2.860436141839354,3.386666029956442,2.1405660680889826,3.56557505689808
sub-NORB00089,ses-2,20,10.795229363681042,10.843471896146193,8.783061636797889,4.28269195327356,5.3095145611688235,2.197977855334516,2.9961890767399955,1.246024799677435,0.7814240725643471,5.243737233958301,6.604062644795306,2.8059390850878474,5.04060069783911,1.3027475585211161,1.9668654784046968,8.309603656164287,3.333155131344572,2.9720878675346722,13.165542530488938,8.614534161973708,4.4769054606256,6.271289976316072,2.0404965569297047,3.112475800753106,1.1748794981480573,0.7271135294158875,4.726871800084022,7.0059851214509035,2.7308597310188123,5.445878009653961,1.2091513883946094,1.7531854733519325,9.321404986287428,3.8374668185004075,3.2453006164925107,8.724278991852753,4.390487752662301,5.755279990067212,2.133797813770051,3.238166136871223,1.2121214643124547,0.7332135292398253,4.655238709414208,6.392241907751425,2.774622297438236,5.657321174179549,1.2903337890467346,1.8847629231616227,9.075749525759429,3.768443947822088,3.308671757666635,4.668424217864863,6.47555303524275,2.204467884962571,3.3483827842595444,1.082084678432563,1.0104173185298957,4.299095527178687,6.714400756652415,2.2172193600443366,5.340889112546677,1.0795375918988466,1.997311034302695,9.013291291101277,4.488114428325846,3.3932529579542283,7.22321333264199,3.9847711963862835,4.7864573155355465,1.3115347633285916,1.3756773356608218,2.806430127949473,3.1490319564853566,2.6797670752935887,4.885080986290056,1.718853796866122,2.4148027331462343,4.410577740273613,5.298399867568518,5.696172101500278,3.5094471996925627,5.905337656123623,1.5329733066864488,1.3229957036049593,3.015035291094025,4.813865214777941,2.687947048452034,6.670559191046446,1.3401293109903576,2.6688449126877285,6.713808685982589,6.30317840587194,5.93715616113837,5.9708146814774725,4.139696946068185,3.658034252630832,1.8868211126721266,1.9179027934582593,3.2822985871316503,2.9644726527416077,4.751604218002454,3.905662031368915,1.891004603899577,3.0458615797750257,6.801576008138378,2.9911228791022264,3.4473371590749577,2.1436875414952103,3.2288491507450274,3.023583768831766,5.371478628139431,3.0435127364171386,5.5827368303788365,3.232815449784687,4.408672331378066,8.206963679731512,5.463255844270848,1.1643143343345446,1.0750299172473528,1.7833420784442864,1.601163178167607,5.05997720391702,2.9555470761422002,1.278228815679934,1.6151157271240009,3.3993458816685633,0.8139749066556454,0.7483297638292236,1.3783165133621353,1.4662790135215513,4.100235183937189,4.027341852583978,0.8424080498900048,1.628210725005959,3.5014901555871583,5.600549579787735,4.060186729882096,3.491929381169348,1.5349324097222683,1.7537790415535426,4.436439589901186,2.9332017209394645,2.0271642200287974,3.653309061526481,5.356491370454079,1.5383430947454395,2.0315588167245697,6.028810412190664,3.923685355485978,2.5776584667930065,3.5380041363558803,3.3350934270942423,3.126603243461395,2.684906187572878,2.0400930320909234,2.348479632023845,1.8477267479830064,3.727792831264023,5.415553218488148,4.644649836446393,3.8356399902575804,3.737582481729403,1.2078381055658822,1.1082445067821998,3.061603662946424,1.9274378520382212,2.454985234310422,3.4804553855859135,4.623024474094057,3.0748187870643777,4.79122110732588
sub-NORB00090,ses-1,15,8.122671756975743,13.379517735501738,4.666332844306887,4.411231590216627,1.0682363065963711,0.6178660921100505,0.8513191315434765,0.6742877754387429,0.549900801429527,7.28448194286515,4.319308967941273,3.2884874839236673,0.31949633934766475,0.6723776326692105,1.1212489361911195,13.445903139424594,8.784846474766624,0.7538806124934915,7.94598176052472,5.47436578908033,4.404716828455398,1.2199855168710814,0.681944007319,1.1232636788191142,0.5774485952678028,0.5534288602007464,8.137163153497024,6.316698247513786,3.3988682446595733,0.3975260371865914,0.706987863421373,1.167190143567652,8.013571063637448,7.210304339208922,0.8624096018929309,5.133803271918982,4.708799725728061,1.2612795486171389,0.6462145447823208,0.8226737634867523,0.66688552701428,0.5455423627405158,7.192225458974486,4.223733772643479,3.1833372402743167,0.3054320929718576,0.6254937929670256,1.1198177113870784,14.535465441273647,9.253785916123034,0.7174235953628416,5.857407311945517,2.21086688818865,1.150094857475937,0.8896445572959782,0.6297467274950287,0.5529776877087536,5.074096389253682,4.180485993499068,4.445965615135634,0.555964955888077,0.6570086144948939,0.9755818768483369,5.1792444430251425,5.832510188125753,0.9367694864532099,2.40272213497539,1.5431796501902526,0.6515320151729507,0.6104148069400837,0.6939723539366258,4.922955625380805,3.6015602022697357,5.91787868667685,0.4980078475676927,0.6248149822329323,0.8252725514711023,4.783002823696688,6.179610339342384,1.1785090940266807,3.083260409596604,3.0173899173840786,1.5075474247685956,0.9117822642218337,1.0544860748213531,1.0037336233913285,1.567508793651748,1.8435850971508916,1.3970605242440424,2.2621909946864873,1.2934303395387083,1.6209864499019824,2.6746526216758975,3.711620962040363,2.7351039828888477,1.6265228429480019,0.5681399820398497,0.5577018672613262,1.062830792619775,0.8328570158851742,2.935431272173128,1.8079363199447267,0.6452978504200794,0.799460679870841,3.54294361727838,2.6548623307719796,2.4789898731372353,1.0183377937289486,1.022504833866289,1.2068675567856517,1.5311279812165248,1.5947348906532948,4.705902591375879,0.8000176297436192,0.6098080727080664,3.2739133921289536,3.3392496440939805,0.5157333682644045,0.7124121242170437,0.6079023437011927,0.7005585045917078,2.767207295069437,2.707174870716989,0.6561571876915896,0.4976642610024678,2.755395048949882,0.5931534118938767,0.5439238534741705,0.7711505562472729,0.6910402374904685,1.0756744392810158,1.951449216850588,0.5519338233444483,0.6683596946646804,2.2607061397385317,4.620002835887161,4.517962693585138,0.4397374886428589,0.45231512347675273,1.2300125629358303,7.273768959906972,6.392604952328649,1.0468778924532187,3.708952032336534,0.827751655079312,0.7892113147020308,1.4312892524817356,4.28482039716554,4.218413630128164,0.8876033894367694,0.5713247461778174,1.0373184676095493,1.364653890965031,3.208415274976304,4.045500339645866,1.057609329799606,1.18226741324563,1.8233613450199857,0.3091476038706736,0.3792192719190753,0.9022832803996008,1.6427615603188355,0.6247586619198153,0.3894557347959244,1.6644151423778015,1.0959273622444416,1.1590942343046997,1.8713302230649353,9.515180551763736,0.7233602431375101,0.8059176578700897
sub-NORB00090,ses-2,20,8.174398921899384,6.802104067891894,5.166442071347587,2.99914943323896,3.044091302414687,1.7030302060855043,1.3698574380775161,1.4895432302116962,1.2181681428883127,6.38905701559915,5.159626493792734,1.6729234558090944,1.4902804243188958,0.906026738104325,0.74551883277222,6.800303501134399,2.648357125548707,1.9284974569467668,7.0997835159360845,6.0892626317249965,2.9044729287190694,3.1022578921391117,1.90306442875493,1.9453119924988962,1.4496978716259297,1.1160834369794368,4.753632996553792,6.5542714133384745,1.5855861325564362,1.8573570428997983,0.9039253868022069,0.596231445881643,6.825023186047342,2.694921279087699,2.1475184447586666,9.085020968156302,3.380195688422051,5.066248915683779,2.4007238239184674,3.0911987824348692,1.5047498779130122,1.1996330451743096,5.092429253748162,6.244339413776719,1.5433508676760022,2.285195664268799,0.8648478210893963,0.7978876695676298,13.57444935051598,4.116741260746193,2.876046039135576,3.6807425920133268,7.36607754623064,2.5101104912627155,2.8767490481675098,1.4567430091072064,1.1610914584657708,4.092428298467712,6.236920540524455,1.5400064027604898,2.6223318340531985,0.7775989690817655,0.7511552165512936,9.37244012044697,4.97938826560221,3.372985223123581,4.194352370378974,4.74113064559018,3.5755422637763,2.5555278591497985,2.1782993695627226,3.276478625876795,2.4910527762414647,2.8800489964636062,2.1306925420622957,1.879751446085868,1.2887877286019935,3.41111877792169,5.034203285643503,4.462604535245843,3.5319590158975367,4.780466497634973,1.800658068732862,1.6628575513390484,2.61841855766318,3.610513711796224,1.6455065625100542,3.2755167765928848,1.3213926538873269,1.7395937834779116,5.230321795961819,5.809695521911747,5.491564685485869,6.268110200956565,5.196773412926829,3.5533302014058625,2.060354559633543,1.493554847223806,2.6449551477556,1.9994265151922401,3.695470362316444,2.170562610283631,2.4063543746342457,3.6697881341879337,7.252066351872029,4.486665748269674,4.171086623619731,1.68361399319992,2.327261224198108,1.6942728280381814,3.164936579694548,2.3005649302285645,3.1446749864195183,3.06703630900089,4.580392336873343,7.904063950947102,6.544624856388184,1.6902527188515717,1.5700176881029821,1.9997049004937064,1.3789458462511612,3.232626659531762,2.3965693589128287,1.5137677469043127,2.1810819794791656,4.127923153353654,1.131301856638586,1.1442079060232155,1.6676224661614065,1.2549821948873894,2.7982652178477045,3.396327025132752,1.196565531414847,1.8203145326989598,3.2990693764985535,4.795501860353239,3.6422114164777746,1.9262660885242968,1.5003219565181403,0.7268659689737406,5.121738978654844,2.8178803680779243,1.9916755818160101,2.107845975707019,3.273231649638963,0.7294991322524813,0.9032642377638499,6.237566346991411,3.0761905480292535,2.2229827604334216,1.91150051458363,3.612325741513776,1.680974485677864,1.542351720056178,1.903957519452072,1.8449221528286182,1.114642618340977,2.9937889823687103,2.352514450776501,2.6563262627466075,2.2591810215209325,2.528378967872304,0.844248520070197,1.2372508976909755,2.5578033726248526,0.7786317828430731,1.4190252863370723,2.1078931739315268,4.186297141801874,2.987110565907389,4.933928491850662
sub-NORB00094,ses-1,12,10.957504800782322,13.819829392758193,9.469359583732722,5.004365882005013,4.571508335296785,2.9606277334639803,2.935039918304702,1.4053451827416594,1.039240012267076,8.19845440957811,7.779212264909863,4.064654331811194,3.5172998467397782,1.2349917898305909,2.638490271960835,12.828309365991688,4.236136831301789,2.9054098816771634,11.507602996507607,12.075279665786548,5.5605682092476885,4.36423333650962,3.6255803689489547,3.3721950970074643,1.2298601876622879,0.8369959249375566,6.9820919665159975,9.723088225054802,3.482273830997021,3.5416549449863877,1.1920180454521598,2.084169839970581,12.075025659306114,3.9577807994357728,3.3509898051181897,10.281559111302847,5.186204195219774,4.672064319138971,3.1729966915666252,2.784056795970581,1.3669924775554485,0.923813736336073,8.638244207560549,8.361959271369708,4.188219932372401,3.697469087799981,1.1540844633925367,2.3673438643206235,14.31652787552906,4.435257478943433,2.7728549945029886,5.890982785204254,5.214190611467871,3.671246393143021,3.8319594924266447,1.2099678379305625,1.0490040646974466,7.27280251805787,9.937974414702827,4.0074958917087224,3.8955016051785516,1.3636222176645072,2.3483151662456816,11.200770437965984,4.083564341390065,3.85801416508175,7.21398116762331,7.354214308685332,6.840052788044521,2.1313172301579058,1.620338691841965,5.173794872785527,4.764620502903395,6.627666183478602,3.9272666420789637,2.3032074359594,2.7480589511690723,5.437391780850839,6.297575406357165,6.841001347303172,5.721354025901976,6.805251748783873,1.7484996764786809,2.1268942902181904,4.770329849814428,5.710411382557715,5.577733711750441,5.208377650674343,2.4962213332840193,4.220986241507593,4.805681029515764,5.504000828943005,6.723437843588383,9.095475359831482,3.624467079128078,2.9444907077474536,2.9182386327955534,3.1582385245912725,4.9682529963708815,3.3818025960482045,3.3403204523207015,3.063564425731889,3.4799601477105724,5.474134767135474,9.185469262231708,2.7107264061465677,2.8725898706120705,3.2567835262485416,3.3216162690205437,4.226123705967898,3.6591174717006916,3.2440571068365727,3.697267262551105,3.0258579555608787,5.161710930075808,16.201141350220574,5.479968568835278,1.3078717362809444,1.370503434056136,2.3460381682995517,3.170018189926168,5.050706793710292,3.187731244212318,1.3090493635062876,2.027733334028754,2.7070585664189033,1.2274186262279023,1.9433959204617584,2.942315229278756,3.1457208256524645,4.124776474936318,5.765708034197803,0.9826096010278085,1.438205361955441,2.8815677282859933,6.6863111283990095,5.47138453025197,3.349281949591374,1.756994545685929,2.220913496603291,8.39365622981861,4.480118101011169,3.2395043943844395,4.261221504564314,5.092909233225179,1.750208627563115,3.496121047083539,8.180856722943437,3.732748606150866,3.3520628951647815,3.9833943696737695,3.696625392147155,3.8985698928107504,4.187387347118636,4.036764156499226,4.182286952254994,3.081978082087963,6.857990401131864,3.6899299938555554,2.6520721133914598,3.6273701745559066,4.048953758001533,1.204144444687294,1.5734517849998355,3.2584388552845795,2.4758418671240245,1.996043651217079,3.6335584812773267,4.411252500923225,3.0221301865265406,5.274874403911018
sub-NORB00094,ses-2,20,9.534187592706063,10.52279831551104,7.977919040636385,3.928501233189304,4.513954348191074,2.7522310676437547,2.470950953686191,0.675380986122685,0.8970431324453806,9.65874627899249,8.614127196703759,3.0209948796690513,4.803602210766314,0.7228837228975606,1.150834802326676,7.564189612697835,4.9226576535361115,3.0723772278379977,9.288935804348522,7.443911756352087,3.255512445501201,4.062874143248277,2.2740424589982906,2.1794249925204396,0.7053029825148326,1.1021647402110837,7.097885266342256,8.3794360653716,2.566846290597749,4.813455065583151,0.7919476778048997,1.4967433890270698,7.009527860513975,4.304928464588336,2.7037033628321416,11.01288448470999,5.1117007967873525,5.767037300390301,2.91195246351277,2.639796920378056,0.6105904118164099,0.9120859788252256,8.42436776022279,8.718732207126216,2.354417673361939,5.110311571413821,0.6653293531335042,1.3149703681198495,10.287129601614616,5.76279026409708,3.3462060710123622,6.088537811868751,8.360027855582585,3.148429210561276,2.8192876147005057,0.7567471706602774,1.0422184781114159,6.903659821083842,9.396311058457137,1.9662805227291753,6.20557239244773,0.7596836147919988,1.5543698538562132,9.966697917320015,6.864590084638429,3.5886381691551796,8.46659747512157,6.764582617746567,5.267619709290711,1.3889418413623524,1.8669563758645407,5.1141278983053535,4.953104755813933,3.1761641726846013,4.369739437018022,1.9880800889189523,2.75230029591875,5.3405657564318085,7.086169603807503,6.415617331419322,4.068974177045933,4.857914007857098,0.9673039912731575,1.4036094705237603,4.9189089445008225,6.183754005059464,1.872010255936679,6.255483802282903,1.0420358359287412,2.6871279820363285,6.044198486199794,7.200556193389799,5.355130671724742,7.115462964367073,2.7604702286091074,3.245083847080303,3.433276878578119,2.6902655051351094,3.5834119398109743,3.8892067069453917,3.2185579338263963,4.08999315531984,2.7861806004285743,5.400887190905129,7.9551366073556,2.2694742019948384,3.615339549790091,2.8384722222211467,2.8971386716348535,2.349076281334541,4.739696065867983,2.2210551123251063,5.236733575637364,3.0326948847463386,5.5973189923214175,10.341728720626621,4.390563858790642,0.5866465834573119,0.7892700970470611,1.377552705050536,1.115571003728411,4.033664326506785,2.359947443307558,0.6359647683051892,1.4856081347068213,2.355205363769123,0.8558009538733338,0.9963502678308632,1.8494871742653711,1.4192190693757933,3.367264795000407,3.8219206592635118,1.119799986383121,2.0528451309788083,3.2074151950388634,7.18242359657234,3.9664027694274915,5.383432077592145,0.9341741009609059,1.4921095315168353,6.964620512136643,5.140274688717055,3.4962005868939174,2.516327258804445,6.353515659799603,0.8252731772240454,1.4962467424218668,7.470292688443768,5.158417463312227,3.6004872066675686,2.748313719294744,3.013399932085262,2.2918534956057455,2.319724788702791,2.227068951268024,2.618330022397928,1.264054026817757,4.078294040276776,5.297547072568056,4.97915780398094,4.186392946947964,2.960946146984758,0.7983057871920913,1.6281050716652086,2.227043109183359,1.5758233753843478,2.893627067392242,3.75915303700335,5.926271381892866,3.5301616091916386,6.629485618641586
sub-NORB00096,ses-1,20,7.865294990000986,7.788231831356143,6.670607864115523,4.477461946285613,2.6161329876541357,2.2638354986743514,1.926340343596685,0.8656785483340338,0.813997635392431,7.463864056090212,5.58497072595093,2.5545668251083606,0.9644273595018097,1.6548031620986265,0.9857784167260066,7.285150008023855,4.422759470346947,2.3148353532880757,7.70946580075964,7.232379264930794,3.7019504262854026,2.3306011627800216,1.7059802951472431,1.3889845717665623,0.6641260385057464,0.9581979275589407,5.717930297146759,6.331708635979962,2.6413978531398703,0.8657436336418225,1.402302236176135,1.1188738854610283,7.271629109652961,4.693112817595835,2.2837374766769387,9.273452677378494,5.028891310377187,2.665357600147534,1.905223283223389,1.9900065593577203,0.6905271424100733,0.8831714501119456,5.642045000004071,5.64023731023377,2.084697382019641,0.8204566953046972,1.6621339732004157,1.1342347320812005,10.206310618078064,5.0517454416711995,2.239174089872108,5.588996793461556,3.821776367831255,2.8627136702599203,2.439665152003976,0.8387942039587168,0.914396854832398,5.405381533562542,5.600040190848452,2.43895297577996,1.0533000626490066,1.3747123189643398,1.1641238424439102,8.427820512455497,5.150451608492767,3.4604742354770415,4.273902822473657,6.082910909683034,4.326015315461953,1.2112564894517088,1.0212685917012638,4.41656514526872,2.9517540212648683,3.9847952791269057,1.0262282630027881,2.3015786996322274,1.034067317005211,4.918221701152892,4.39924436564569,5.837724525733454,5.1353977536675846,6.651007485604107,1.8989778578517313,1.6220076710196167,2.446724538402846,2.7805159896108314,3.4782309747952382,3.008309150644524,3.1351065986191142,2.956526668477708,2.8114330609207547,3.9283371565519873,5.6668967238558166,7.299469716417906,2.4509078383509717,1.8751104231020517,2.958745017779697,1.9263753938961063,4.632795099046413,1.849335323348111,5.014765193781866,2.3588861565758954,2.022742384978746,3.252953663331973,9.244416365267547,2.575458754770277,2.3726109256658905,2.111130782219231,1.460903334241424,2.8265285944284004,2.531599971795193,3.772510433388997,3.544009729758339,1.7730284011065476,3.112824885937717,7.814711338886186,4.2076794292963635,1.1798830162640683,1.0791357321348094,1.6990677717747584,1.2865367097481384,3.073639680983991,2.246647184144712,0.7301273228884636,1.071713774263459,2.1315788075928763,1.1495955614013478,1.018105903180564,1.3204580778072212,1.5324463475114816,1.816914576860928,2.9291181835913056,1.0100125354592404,1.5515094523314883,1.8199808772355515,5.051109687701402,3.059222919799844,0.9456306801428571,2.1286407764718267,1.198011123933099,5.012604891015664,4.437624955680275,2.617805545485466,2.36236657429355,1.5216387582950346,1.7233258353711967,1.044180410018392,5.0684372034012775,4.821956408891145,1.7966811343430293,1.3398059426091193,3.905810520996579,1.3270713411251789,2.325673510581738,3.2138320465448893,3.6342202041599743,1.7831941764661543,3.5435697556721673,0.711365065355132,1.0759251530480802,1.670665387546721,2.8108207702294616,1.6632602042202769,1.6548719963382474,3.731550834289672,1.2235605895986816,1.340354177008995,2.1532922197792628,5.487412756362535,2.5737337574915635,4.262356266885625
sub-NORB00096,ses-2,20,10.33378807908855,9.544974882969964,5.921731771229056,4.610330510796734,4.263873599426855,2.97743268897713,2.4792853538536743,1.0181513319656392,1.2631669898748101,7.814029825192636,6.720616733267308,4.915197452113899,1.473757842861271,1.5744328995740968,0.9713257727859561,7.761023241431315,4.168533509732748,3.179719197129421,13.236383371673037,8.528364999023937,5.745448327315676,4.910703789718007,3.5322947248045167,2.5246557489790202,0.9808712097852983,1.0414293194398694,8.447179476776345,7.652976470783898,4.8608132840197396,1.5577137205841827,1.2651552386971316,0.9274905694395823,9.942944218907552,5.682851237272278,3.602799621644516,9.488514698155159,6.322885143630155,4.904560190067747,4.01154739861626,2.457280330513882,1.010398672856207,1.0134697914009965,8.738092706872905,7.449404598594121,4.862730120838468,1.4242434095058933,1.2936494615097016,0.8688847254355224,11.423806515023196,6.390385778784967,3.7297406620146694,8.017809935013176,7.560268004903089,4.677155600357194,3.58100918405763,0.6183012109673399,0.784514155562859,7.993421144778425,6.011147809165989,4.573717849864912,1.401857458517208,1.2899738435608064,0.8697791168630733,10.264263141087358,8.035265550504453,5.235380834624371,6.892044404865139,8.190342476259042,4.342359348203842,1.3015572693745496,1.2627886314336472,7.190447512039756,3.6662112328703493,5.766010196966003,1.113371083783949,2.5296933423810826,0.9124322010396382,8.394169311958194,9.742173648900199,7.256369523146179,6.724942518336833,6.18919105491561,1.1870401666416361,1.4739955159902953,4.4603431385256815,4.967981439515435,3.5511768130233996,1.9460900046218221,2.0155156243271635,1.5866665248943168,5.906385945968306,8.03521159696076,7.044596000774992,6.813154211432886,2.3101382025087918,2.044658718860901,3.943154269709099,2.3793556845799406,4.337704739530274,1.2192474490567693,3.302095985028076,1.3799257674374616,4.755320690704676,7.381039991491582,10.526056351342598,2.6510264496998013,3.2323422534228543,2.50328507684666,2.3953576317063283,2.7110370586325803,2.15020198475582,2.16218589313889,2.3067178582846855,3.0273125911357943,5.208162815007841,8.133717116383751,4.696491658246217,0.5440455242275288,0.743672639389196,1.0747344225665898,0.7562221014766695,2.1858931413650504,2.152654532501143,0.8562446146210174,1.4463055109177858,2.0935032219253307,0.8318467854259002,0.8738426193227278,0.7836369627969308,1.4160541649351281,1.6986365905569076,3.770915558194391,0.8549978036985302,1.4870719028398365,2.2345027749062814,5.673601656478544,6.818847002460204,1.1238397928123243,1.5822234768867356,0.8639051372644249,8.111907689353977,5.812379393203318,3.8428050406405285,5.087819837648608,2.2445733376254777,1.5846210241523164,0.984965612120593,6.0375736271928355,4.445613394415919,3.2672433326681456,1.5133618450973754,3.3881174089570663,0.7812099368002252,4.732208094853516,4.521265158320203,3.8536986197451455,1.7941412730678479,2.746713672715745,1.3837263330745766,1.338451390357125,1.466316163083564,1.6464706000634337,1.4667924473945813,1.989072092293896,2.508457327907277,0.7838613171073996,1.051260095521225,1.3623175399060925,8.406275694698738,4.765073775732388,8.901867066147853
sub-NORB00103,ses-1,35,11.10772537353456,13.857741619742482,6.447997737724073,5.87912099325253,4.731175305862621,2.9948259337379493,2.7903121974458887,2.315276314608971,2.616536227556712,8.381788993817253,5.310967570634997,4.161863092180786,1.9945843380125876,1.684269862112493,2.1745182222494126,13.527649294737092,6.9337591517084665,2.763453892904401,11.846564346512277,7.782090680348363,6.084113966224372,5.573884093090634,3.4454416538924235,3.5413539365003484,3.036955755975223,3.526240101321123,7.7839241317768595,6.582446751339237,4.1927360213453415,2.07679441161058,2.1497243929596106,2.7243967098865975,11.553705984937496,7.507514230936345,3.4220480935651465,7.082867521143726,6.204140602251093,5.052372386056468,3.263663437191851,3.0969775037680733,2.399559749741554,2.8412013877493787,8.251305191803594,5.594351216416381,4.247826871485667,1.8298952808134885,1.7189517471266624,2.182208274799279,14.8417937418201,7.2975129325929045,3.0322867220138985,6.273125879095902,7.1568006293087825,4.941911421570949,5.114351607562628,2.894010622130016,4.248869512453543,5.553901154467654,8.360580104706075,4.279582507083712,1.8203910450466858,1.9706630738259174,2.6578710626961355,7.160195336376762,7.447032603825794,5.150877356273784,6.410031476985783,6.128263182170474,4.1522508386235195,3.481367113941901,3.809608053725925,5.771288878552426,5.301153528321156,6.022162809078331,2.0184262103348773,2.5521716329476827,2.6206572542122313,6.268511726447134,7.9923424083222585,4.410230223255945,5.88817585863858,5.450890205893953,3.682018481711548,4.6777459885744515,3.9374961210360344,5.2207749457953145,3.6356660718787603,2.340573615983342,2.2851293419251424,3.662653883041412,5.01666917626957,8.299128872489348,5.457632755644506,9.90236708392135,8.226354124155868,9.448236161827149,2.7964622937165893,5.22247122254823,5.18396686452929,3.9057238461559205,5.865300788241205,5.511306340094564,3.28184311985187,6.105313727648383,10.422123257464623,8.435254725811884,12.370458192660008,2.478567191666199,4.753419335623714,4.4101058981667824,4.983645651224525,5.300262653516416,6.788586005048925,3.1242562823361224,5.404794232207721,16.61540989837508,10.505732877942341,2.4812037939657867,3.988920427842979,3.9636959983318354,6.20269042262163,6.744439262567505,8.093901443125123,2.3430000484073026,3.6563930557551854,8.370814052311589,2.582956680318105,5.1326907866656155,4.405994226528389,5.939495858260384,6.065865835967466,7.5549805882908245,2.879080076134844,4.741084850572373,11.817432757713854,4.37808494775551,5.55661967541392,2.0112490068625406,1.8395635066763287,2.1049734355621004,8.403601575435241,5.359239257842172,2.432248088934282,5.290513475418185,3.449067510991102,2.9522523719519596,3.729866429504823,5.612593668591771,5.3371966229286585,4.7064902342997,2.1835911215565895,4.044033622255181,2.429401721568509,4.402460600132031,4.19877156477783,4.34976938469932,4.960749994686873,8.307526214344207,1.8412020227547514,2.0047137409784748,4.872640023824284,6.0676276251097025,1.7308838568265366,2.0749518986947435,5.305048019674008,2.15259985640471,2.8160513803054923,6.554969048256172,7.204471354305708,3.077395266186786,5.509748558366184
sub-NORB00103,ses-2,20,9.075999344641648,8.776782722814769,5.663912593556363,4.660178362290425,3.3356602281836403,2.960684405322142,2.249805332707805,1.9725996405945174,2.703277434756488,8.668765190870808,5.4799659683082975,4.408157222250514,1.5275360942224698,2.119138356062005,1.1227336195751856,7.485713480286873,3.364819665654312,3.1489831361408056,8.687138402882187,7.130860981879474,5.597429367834396,4.61127395572892,3.7360218481591745,3.00574617329473,2.432433547469241,2.6129229989865097,7.885403684180355,7.453067014123498,4.828843047281144,2.116517008075894,2.6285051580273104,0.8971771845984593,7.643469548785956,4.416307273595441,4.003953340510279,9.435670984864,7.501294351196272,5.3693787835873446,4.380432912522466,2.7673702164294953,2.1026520620821954,2.341351740819136,8.58500898965481,6.175746622641804,6.550961270586915,1.747253608525525,1.9244076412518183,1.0990316636126711,13.034617330032887,5.354187893201649,4.345981038096121,10.124084248666334,8.792733973857278,5.9389057322724454,3.457953100365573,2.638624028003706,2.701427323807553,7.730736596509407,5.7701528651092895,6.472448190319293,1.853881754135091,2.187624079436952,0.8645792741250201,10.218780964742525,9.06023274855536,5.80651347639659,8.565689913145672,8.986106890693122,3.5803404418197537,3.5409223337195685,3.377352649483803,7.105179269077789,4.826970046783034,7.186450885381101,1.7821265863011342,3.024599114629804,1.2259746793557857,8.471638571203052,10.413444164381044,7.464178921792784,7.528706100535065,5.448559350385633,4.099740633175595,3.9284931854013414,4.30891206958556,5.364070167629064,6.3127917451806566,2.7713449086621953,2.7476748199231076,1.710361224232344,6.133233041961235,11.719767314457528,7.896735245870123,5.400262835350302,5.454543988016274,4.877388301743329,4.242799362119168,4.2705648642818765,6.730758220847339,2.177771736135193,4.372046148522974,1.8535534132775144,4.91630817121086,8.19950300953136,9.296288223527567,7.03363712979385,7.036211804166425,2.4191875098150524,3.5491837340953,3.596226068426941,3.794898653521333,4.266286113949194,3.345163387611225,2.980949124998951,4.502193351442026,6.736678971365772,9.308633922599428,1.9718902202395612,2.2969473782616765,3.5281660973710656,2.523539250263437,4.589567493762241,3.1112942462592845,2.401335397438731,3.5669912166225735,6.111555873183866,2.1137369156115016,2.5810866366797547,3.640790118782042,2.990407759746624,4.064975318667999,3.665977119286161,2.493156764627906,3.3683464178382865,6.226512370547602,5.631019273617089,6.851242469460077,1.3452250228397464,2.566568711459295,0.9888064013507476,8.398425440477947,5.295673373283207,4.62187904880588,5.113760757480973,3.001523372626706,2.306632011094664,1.0373200512816676,6.062089079866423,4.11678646465994,3.4885777085464467,2.1814441714975152,3.972747456587065,1.4310024820493874,6.5741003471236255,5.620134695976314,5.8260976905497035,3.0781181945026708,3.34235544128995,1.9053492329099373,2.1184635760995576,2.466041266447605,2.279802217757248,2.137935374828632,2.377435536796085,3.53493324740574,0.9611343661006883,1.3432920739729208,1.976583864377733,6.214157446405597,4.883695164642542,8.2665941283479
