edge,min_value,max_value,jaccard_min_over_max,subject_id
Fp1-Fp2,10.179489171474643,11.274826290313218,0.9028510869582411,sub-NORB00064
Fp1-F3,9.40049668268706,10.972361467443118,0.8567432553675841,sub-NORB00064
Fp1-F4,7.031643698071539,9.417352338784985,0.7466688560766701,sub-NORB00064
Fp1-C3,4.252823060764269,6.395101954912734,0.6650125503467915,sub-NORB00064
Fp1-C4,3.817983413676862,4.892195566245694,0.7804233011491832,sub-NORB00064
Fp1-P3,1.4275996365623398,3.2465695169085906,0.4397255716001768,sub-NORB00064
Fp1-P4,1.5324714733312648,3.5573027616400337,0.43079590802800966,sub-NORB00064
Fp1-O1,0.7316862181975268,1.3910072678851009,0.5260117866314161,sub-NORB00064
Fp1-O2,0.650977111550441,1.3197960755134641,0.4932406783352342,sub-NORB00064
Fp1-F7,4.211839269158531,9.24526305395571,0.4555672720806402,sub-NORB00064
Fp1-F8,6.016262268269732,8.047213108372015,0.7476205970003008,sub-NORB00064
Fp1-T3,0.923528917593855,2.9914562314194577,0.308722189512242,sub-NORB00064
Fp1-T4,1.264659111909232,4.395217718421373,0.2877352597594321,sub-NORB00064
Fp1-T5,0.7304732624931097,0.9813197110152162,0.744378467377777,sub-NORB00064
Fp1-T6,0.5378626057261036,1.6953927539567626,0.317249560298534,sub-NORB00064
Fp1-FZ,8.704509502854403,10.461446618709472,0.8320560071765863,sub-NORB00064
Fp1-CZ,3.149777356909794,5.262542016422689,0.5985277356608953,sub-NORB00064
Fp1-PZ,2.5176915728958593,4.011938588382099,0.6275498783023926,sub-NORB00064
Fp2-F3,8.572744058003904,13.173903243461172,0.6507368317175822,sub-NORB00064
Fp2-F4,6.836241113354441,11.110643032179617,0.6152876204873761,sub-NORB00064
Fp2-C3,3.473181839349668,5.338035351852973,0.6506479651064946,sub-NORB00064
Fp2-C4,3.56074643976964,5.2628307053456584,0.6765838840593624,sub-NORB00064
Fp2-P3,1.3272308246413085,2.9627377160316444,0.4479744587107867,sub-NORB00064
Fp2-P4,1.4233461474757743,3.803381280806788,0.3742317801947662,sub-NORB00064
Fp2-O1,0.9219798537815995,1.437829988716664,0.64123009049527,sub-NORB00064
Fp2-O2,0.5684111829718839,1.388100344062156,0.40948853978990996,sub-NORB00064
Fp2-F7,3.5459895019043226,7.191142221782018,0.4931051830908721,sub-NORB00064
Fp2-F8,6.371340349917906,8.16715173941804,0.7801177880860461,sub-NORB00064
Fp2-T3,0.8524609236126381,2.409558973572021,0.3537829673240651,sub-NORB00064
Fp2-T4,1.0685434350258496,4.932410701552696,0.21663715770657094,sub-NORB00064
Fp2-T5,0.8582875733213041,1.2402194474701873,0.6920449240431185,sub-NORB00064
Fp2-T6,0.530763606940082,1.7866571440844905,0.29707076631764906,sub-NORB00064
Fp2-FZ,7.981672713289965,12.697868308297405,0.6285836740072624,sub-NORB00064
Fp2-CZ,3.268209432959909,4.47886305944632,0.7296962174512044,sub-NORB00064
Fp2-PZ,1.890116332912327,4.434975089546632,0.4261842050403817,sub-NORB00064
F3-F4,8.530674332020663,10.610312994184264,0.8039983680685485,sub-NORB00064
F3-C3,4.902080080526047,6.8646382260190695,0.7141061071427873,sub-NORB00064
F3-C4,4.932105680852055,5.694342232530657,0.8661414223886835,sub-NORB00064
F3-P3,1.8465965724194333,3.5490800378852976,0.520302882072989,sub-NORB00064
F3-P4,1.8843516748646343,3.9766556891433877,0.47385336377224624,sub-NORB00064
F3-O1,0.7256099306509666,1.4160515038613672,0.5124177536426701,sub-NORB00064
F3-O2,0.5345939473836465,1.2331549379427265,0.43351725799801777,sub-NORB00064
F3-F7,3.573813286898336,7.842348302802884,0.45570703428474885,sub-NORB00064
F3-F8,5.907711966342569,8.856476121474449,0.6670499513929743,sub-NORB00064
F3-T3,0.918847828768934,2.4968788201919216,0.3679985673867453,sub-NORB00064
F3-T4,1.0552858267457093,4.491400385458812,0.23495697024969378,sub-NORB00064
F3-T5,0.8209601453399118,1.0696335141971258,0.767515354037995,sub-NORB00064
F3-T6,0.6568324192999997,1.7242094968492356,0.38094699078057154,sub-NORB00064
F3-FZ,10.03546834522909,13.874904399606521,0.7232819813528722,sub-NORB00064
F3-CZ,3.6719788303537433,5.815533856186135,0.6314087272396779,sub-NORB00064
F3-PZ,2.891041876130413,3.7995609019835483,0.7608884159801608,sub-NORB00064
F4-C3,5.048650544975843,5.693745234912139,0.8867011671016133,sub-NORB00064
F4-C4,6.22632685654453,7.1202666054570924,0.874451365595295,sub-NORB00064
F4-P3,1.7286107015740582,3.200704700391357,0.5400719102148652,sub-NORB00064
F4-P4,1.8836439209247666,4.291556656318793,0.43891857239058724,sub-NORB00064
F4-O1,0.624878502915668,1.221076464317867,0.5117439580368502,sub-NORB00064
F4-O2,0.5218107203705277,1.1978263074201885,0.4356313742134905,sub-NORB00064
F4-F7,3.2461355837633317,8.180464563477576,0.39681555473707414,sub-NORB00064
F4-F8,6.284838757387586,8.680954279385581,0.7239801702805896,sub-NORB00064
F4-T3,0.8629482264559415,2.463652749259694,0.3502718582053619,sub-NORB00064
F4-T4,1.2211773205573937,4.15262704587024,0.2940734400340253,sub-NORB00064
F4-T5,0.7255876958761144,1.072792293193635,0.6763543143249898,sub-NORB00064
F4-T6,0.5818083914402009,1.575856865139371,0.36920129252268413,sub-NORB00064
F4-FZ,9.15351023321498,10.856607626426989,0.8431280330085473,sub-NORB00064
F4-CZ,3.6173560723850366,5.475223961406715,0.6606772796661367,sub-NORB00064
F4-PZ,2.688143925316271,4.4020303278252815,0.6106600193834386,sub-NORB00064
C3-C4,5.5192860086541415,6.000261067127672,0.9198409780686803,sub-NORB00064
C3-P3,4.915241285173995,5.880444207628729,0.835862242991342,sub-NORB00064
C3-P4,3.185435703175114,3.558492005971688,0.8951644960363747,sub-NORB00064
C3-O1,1.0216870874033674,1.3982933341627541,0.7306672086905968,sub-NORB00064
C3-O2,0.8915004567621881,1.446810415524484,0.6161833279580101,sub-NORB00064
C3-F7,2.6247432635484103,5.669520507785296,0.46295683381763136,sub-NORB00064
C3-F8,3.181604722290296,5.948346069052766,0.5348721620019907,sub-NORB00064
C3-T3,2.0144242080976342,3.5028537135579767,0.575080883423907,sub-NORB00064
C3-T4,1.4365170595008168,3.8166937118943474,0.3763773485475279,sub-NORB00064
C3-T5,0.9236030185298427,1.8675897686919036,0.4945427705875431,sub-NORB00064
C3-T6,0.9715344086437755,1.4601030780014024,0.6653875491952372,sub-NORB00064
C3-FZ,4.752408323565058,5.8713690460126005,0.8094208158815264,sub-NORB00064
C3-CZ,4.431082508377855,4.909102106832438,0.9026258594643448,sub-NORB00064
C3-PZ,5.429067476599007,6.57952446644942,0.8251458755542487,sub-NORB00064
C4-P3,3.700998119805592,4.0154533508983565,0.9216887350907929,sub-NORB00064
C4-P4,4.093472622487395,5.735502597819439,0.7137077444692779,sub-NORB00064
C4-O1,0.897308285779596,1.2692658201546958,0.7069506414899235,sub-NORB00064
C4-O2,0.882244041712543,1.8149215145661042,0.48610589198038257,sub-NORB00064
C4-F7,2.175180859451093,5.027927703877962,0.43261975659940577,sub-NORB00064
C4-F8,4.965779920358798,5.57771402908166,0.8902894437519928,sub-NORB00064
C4-T3,0.8855236273232989,2.8907652940980135,0.30632844151382516,sub-NORB00064
C4-T4,1.9000075284769729,5.023219131298929,0.3782450016242193,sub-NORB00064
C4-T5,0.49885812018358,1.2916745277636479,0.38621038772614213,sub-NORB00064
C4-T6,1.114171328440083,2.40572250410883,0.46313376814538876,sub-NORB00064
C4-FZ,4.9466329710362755,6.199525964288503,0.7979050333091045,sub-NORB00064
C4-CZ,5.327343442182339,6.746697280097117,0.7896224213139221,sub-NORB00064
C4-PZ,5.517781469295733,6.262077268333732,0.8811423482744652,sub-NORB00064
P3-P4,5.204684524202136,6.442036772619279,0.8079253049786542,sub-NORB00064
P3-O1,3.106995762074043,3.609812294077588,0.8607083994842372,sub-NORB00064
P3-O2,1.3052534635102737,3.813604365388373,0.3422624211773337,sub-NORB00064
P3-F7,1.856500311019082,3.54212858182549,0.5241199657586417,sub-NORB00064
P3-F8,1.2286227453380023,3.333673073355597,0.3685492603212287,sub-NORB00064
P3-T3,2.1614844389878742,3.134110815799822,0.6896643309774819,sub-NORB00064
P3-T4,0.9830178021597303,3.9073071810195144,0.2515844689495942,sub-NORB00064
P3-T5,2.767713064273368,4.000920063162433,0.6917691482407909,sub-NORB00064
P3-T6,2.607562351438618,2.777265505628562,0.9388955957412015,sub-NORB00064
P3-FZ,1.7867738104165591,3.484292920083692,0.5128081511509777,sub-NORB00064
P3-CZ,2.872507236182376,3.636463086210722,0.7899178867165663,sub-NORB00064
P3-PZ,6.395313038429238,7.11630133045499,0.8986849687013388,sub-NORB00064
P4-O1,2.381541088917234,3.522262057286616,0.6761396654148614,sub-NORB00064
P4-O2,2.193664289735797,3.669291866902443,0.597844044384415,sub-NORB00064
P4-F7,1.1407854507495214,3.386354314044855,0.3368771678787806,sub-NORB00064
P4-F8,1.8469193913404955,4.4212700467794015,0.417735033553504,sub-NORB00064
P4-T3,1.138582032523505,2.8404865044177767,0.4008405006510966,sub-NORB00064
P4-T4,2.802300024200126,5.50413699673957,0.5091261401851183,sub-NORB00064
P4-T5,1.8221769257905565,2.9449503392744134,0.6187462319787405,sub-NORB00064
P4-T6,3.9755215692924293,4.407695506351481,0.9019501377905325,sub-NORB00064
P4-FZ,1.8444046628283584,4.515214161809154,0.40848664021937403,sub-NORB00064
P4-CZ,3.1162582965486165,3.468213210805458,0.8985198161519304,sub-NORB00064
P4-PZ,5.866310681358659,7.021534838256389,0.8354741258843346,sub-NORB00064
O1-O2,3.0649855754006783,4.871127645641969,0.6292147934457879,sub-NORB00064
O1-F7,0.6084006400110279,1.8119275588397785,0.3357753664283365,sub-NORB00064
O1-F8,0.7450156632373957,1.5149017147613222,0.49179141853092123,sub-NORB00064
O1-T3,1.2222774412759574,1.7381205477263861,0.7032178768468064,sub-NORB00064
O1-T4,1.0685768528342943,1.5330305989849715,0.6970355670276935,sub-NORB00064
O1-T5,3.217796257083788,4.674675102589935,0.6883465024769347,sub-NORB00064
O1-T6,2.17369922920212,3.928613455784887,0.5532993392366831,sub-NORB00064
O1-FZ,0.761546490306804,1.3517051473953947,0.5633969004070382,sub-NORB00064
O1-CZ,0.8217855828782621,1.380516085796744,0.5952741813971555,sub-NORB00064
O1-PZ,2.308718006495349,2.3524045150528123,0.9814289981685048,sub-NORB00064
O2-F7,0.626662717821972,1.6345868078600243,0.3833768355456075,sub-NORB00064
O2-F8,0.6141189548531877,1.4805755200336068,0.4147839448535851,sub-NORB00064
O2-T3,0.6433048557971811,1.3991365142128849,0.45978705384519714,sub-NORB00064
O2-T4,1.0398283572374964,2.034945140130597,0.5109859409628916,sub-NORB00064
O2-T5,0.8295613409237154,2.771077567504441,0.2993641717762511,sub-NORB00064
O2-T6,2.7586185816077013,5.2679773920933215,0.5236580145063069,sub-NORB00064
O2-FZ,0.5195908843586776,1.294996449990832,0.40122958202885894,sub-NORB00064
O2-CZ,0.842510483216683,1.3794648673828385,0.6107516785223525,sub-NORB00064
O2-PZ,1.3520687449129563,3.368298652181724,0.4014099949353334,sub-NORB00064
F7-F8,3.7013481800468804,7.75529551795173,0.47726720038960585,sub-NORB00064
F7-T3,3.018423897975694,4.620089697500699,0.6533258217061353,sub-NORB00064
F7-T4,1.131613158806296,4.192358738404601,0.2699227879618266,sub-NORB00064
F7-T5,0.7407797696762832,1.5941756268312486,0.4646788956049561,sub-NORB00064
F7-T6,0.593551348563847,1.7551786781101133,0.33817146707989454,sub-NORB00064
F7-FZ,3.4917586543604853,7.806439554153595,0.4472920888118086,sub-NORB00064
F7-CZ,2.177167068901675,5.6879817366015475,0.3827661848651588,sub-NORB00064
F7-PZ,1.4349916298915693,3.4228779646939302,0.41923540502849466,sub-NORB00064
F8-T3,1.146601201988812,3.185513809684051,0.3599423108771691,sub-NORB00064
F8-T4,2.171807677991519,6.1771688104927645,0.35158625976068636,sub-NORB00064
F8-T5,0.7218172728187462,1.1216954320726644,0.643505582870187,sub-NORB00064
F8-T6,0.5946549286320849,2.110570384941151,0.2817508162129668,sub-NORB00064
F8-FZ,5.512824716913243,7.008755305574864,0.786562588727882,sub-NORB00064
F8-CZ,3.450532633369107,5.335534512242943,0.6467079587717965,sub-NORB00064
F8-PZ,2.381242662367475,4.054050473756657,0.5873737087838754,sub-NORB00064
T3-T4,1.6570045291494553,3.3213447311790874,0.49889567728225964,sub-NORB00064
T3-T5,1.9345934804044116,3.005118528468699,0.6437661150724099,sub-NORB00064
T3-T6,1.182099985301772,1.5946409507690098,0.741295389869242,sub-NORB00064
T3-FZ,0.9615838937214849,2.662274334674061,0.36118888320320697,sub-NORB00064
T3-CZ,1.059206643948944,3.477310247975012,0.3046051598547371,sub-NORB00064
T3-PZ,1.1173108031603147,3.3729877325130144,0.3312525546388134,sub-NORB00064
T4-T5,1.0156624318481968,1.4282525283680483,0.711122446258656,sub-NORB00064
T4-T6,2.479646264573089,4.183211102437383,0.5927614466141339,sub-NORB00064
T4-FZ,1.0442730812117438,4.442297711727812,0.23507498798534565,sub-NORB00064
T4-CZ,1.3261863340177567,2.8624495831304735,0.46330469603149954,sub-NORB00064
T4-PZ,1.8495766725934466,4.672662212633178,0.3958293128043505,sub-NORB00064
T5-T6,2.442395153906863,3.0902857261872625,0.790346061922321,sub-NORB00064
T5-FZ,0.8138983286247052,0.9944867858194435,0.818410400449981,sub-NORB00064
T5-CZ,0.616018692424848,1.7993586291921138,0.34235459370399746,sub-NORB00064
T5-PZ,1.6156029387843627,2.6325699492660544,0.6136980098989521,sub-NORB00064
T6-FZ,0.5794584102706717,1.7236086980560035,0.3361890729167369,sub-NORB00064
T6-CZ,0.9678292416624715,1.3266061997995282,0.729552780477527,sub-NORB00064
T6-PZ,2.2251452585601688,2.7242151530886,0.8168023204912406,sub-NORB00064
FZ-CZ,4.242437218058561,5.919869841493506,0.7166436647512928,sub-NORB00064
FZ-PZ,2.449761084873392,3.724312968756326,0.6577753012232616,sub-NORB00064
CZ-PZ,4.808051040018587,5.686406863557886,0.8455341229329962,sub-NORB00064
Fp1-Fp2,7.292043118826008,9.698087295507294,0.7519052877781475,sub-NORB00065
Fp1-F3,6.298791501081995,7.266903902485123,0.866777872062949,sub-NORB00065
Fp1-F4,5.102201934585351,5.545573387121279,0.9200494842308663,sub-NORB00065
Fp1-C3,3.9236555728628515,4.058760314449037,0.9667128060986461,sub-NORB00065
Fp1-C4,2.7420399303051677,4.743191221190436,0.5781002288195702,sub-NORB00065
Fp1-P3,2.2582714822198233,2.576508737547119,0.8764850859266781,sub-NORB00065
Fp1-P4,1.7429003196410324,2.360258650293053,0.7384361537768885,sub-NORB00065
Fp1-O1,0.9135830453969958,1.1323355181602108,0.8068130255963017,sub-NORB00065
Fp1-O2,0.7889613738570228,1.0718492030725573,0.7360749736020611,sub-NORB00065
Fp1-F7,5.179322218707809,8.468985961534239,0.6115634436321021,sub-NORB00065
Fp1-F8,5.747997047003782,7.1302433472742965,0.8061431801203657,sub-NORB00065
Fp1-T3,0.6681644361845042,4.053565885401319,0.16483374270314918,sub-NORB00065
Fp1-T4,1.027362224096268,3.4400612220449114,0.2986464942869716,sub-NORB00065
Fp1-T5,0.5661110221010578,0.6145218862468368,0.9212219040050045,sub-NORB00065
Fp1-T6,0.8714768318394446,1.070399283333488,0.8141605150607446,sub-NORB00065
Fp1-FZ,5.2794147026582845,5.859416152726878,0.9010137810746435,sub-NORB00065
Fp1-CZ,3.3988135795391456,3.9146296798690257,0.8682337430325879,sub-NORB00065
Fp1-PZ,2.3583318811698053,3.3770604451621744,0.6983386644880005,sub-NORB00065
Fp2-F3,6.183292128364943,9.859099373241518,0.6271660213859852,sub-NORB00065
Fp2-F4,5.822298395541591,7.451687243240184,0.7813396088011212,sub-NORB00065
Fp2-C3,3.562192692743204,3.9336556697762646,0.9055679987734696,sub-NORB00065
Fp2-C4,3.200795289471967,5.867364996304019,0.5455251704109456,sub-NORB00065
Fp2-P3,1.7928094743949212,2.3133864632356653,0.7749718877006705,sub-NORB00065
Fp2-P4,2.030582796143674,2.2371974132288437,0.9076457822347593,sub-NORB00065
Fp2-O1,0.6124835625049441,1.1277097803240714,0.5431216197565777,sub-NORB00065
Fp2-O2,0.8301671098026906,0.98728204702734,0.840861142266574,sub-NORB00065
Fp2-F7,4.2253129950951145,6.021272864819256,0.7017308615562879,sub-NORB00065
Fp2-F8,7.644341129459072,8.877033704734611,0.8611368824004716,sub-NORB00065
Fp2-T3,0.6179965381908471,2.9678584081182433,0.20822979172469516,sub-NORB00065
Fp2-T4,1.7512893526939468,4.048095962403281,0.43262051318917805,sub-NORB00065
Fp2-T5,0.49889735980025307,0.6928425711273114,0.7200731891929019,sub-NORB00065
Fp2-T6,0.8701634096477685,1.1954853841820527,0.7278745697448501,sub-NORB00065
Fp2-FZ,4.828490281421079,7.435526676668852,0.6493810716289788,sub-NORB00065
Fp2-CZ,3.2577674669572354,5.382980125690475,0.6051977512250915,sub-NORB00065
Fp2-PZ,2.6401047992885434,3.884037976043821,0.6797319736759332,sub-NORB00065
F3-F4,10.337378723784463,10.717014831663501,0.9645763196335793,sub-NORB00065
F3-C3,5.744006778433318,7.6888792957369105,0.7470538367819191,sub-NORB00065
F3-C4,5.303970266472808,8.035023362010554,0.6601063901755263,sub-NORB00065
F3-P3,2.6037816010286683,2.809107475035729,0.9269070778417087,sub-NORB00065
F3-P4,2.0581294126656506,2.2854656172927603,0.9005295888474577,sub-NORB00065
F3-O1,0.6079052817954655,1.1545196015958368,0.5265439243778862,sub-NORB00065
F3-O2,0.7240886875253558,0.8661719520138875,0.8359641360376748,sub-NORB00065
F3-F7,4.215406722378682,5.85576672722269,0.7198727201310479,sub-NORB00065
F3-F8,4.700713090415076,7.297055342210025,0.6441931532605579,sub-NORB00065
F3-T3,0.6004852670218306,3.106320409007629,0.19331079475271085,sub-NORB00065
F3-T4,1.2900580078358648,3.6598249763900377,0.35249172191516837,sub-NORB00065
F3-T5,0.44488264092496443,0.6099978427247472,0.7293183840417471,sub-NORB00065
F3-T6,0.6082306991245564,1.3604547187412097,0.4470789734827302,sub-NORB00065
F3-FZ,11.049007374731508,11.107495269277496,0.9947343759211168,sub-NORB00065
F3-CZ,3.7434663282052143,5.797821689820392,0.6456677228928683,sub-NORB00065
F3-PZ,3.710440239612813,3.9316229944788206,0.9437426337223547,sub-NORB00065
F4-C3,4.977043737158523,7.212830886343357,0.6900264009491706,sub-NORB00065
F4-C4,6.497045908432395,10.854929322162505,0.5985341512235717,sub-NORB00065
F4-P3,2.479062890886193,2.580640234681472,0.9606387041362174,sub-NORB00065
F4-P4,2.4127840455491985,2.59174432094424,0.930949872659568,sub-NORB00065
F4-O1,0.6975915806590668,1.164142704941632,0.5992320165714072,sub-NORB00065
F4-O2,0.7998731218024775,0.9233838989678222,0.8662411405446774,sub-NORB00065
F4-F7,3.256149755615347,4.6387213659708975,0.7019498475381751,sub-NORB00065
F4-F8,5.252844449335759,8.277682906912704,0.6345790855251416,sub-NORB00065
F4-T3,0.6254225104108191,2.9581269079912635,0.2114251787917769,sub-NORB00065
F4-T4,1.6820719032424118,3.875900914320797,0.43398217354510826,sub-NORB00065
F4-T5,0.4796876815618214,0.5934692076889648,0.8082772877632163,sub-NORB00065
F4-T6,0.7481322338916785,1.465585995611013,0.5104662818368273,sub-NORB00065
F4-FZ,10.717391052303766,11.318630433480681,0.9468805537286172,sub-NORB00065
F4-CZ,4.055155592187023,5.538385226379072,0.7321909593562588,sub-NORB00065
F4-PZ,3.9262088438171445,3.9358960632354725,0.9975387512112389,sub-NORB00065
C3-C4,6.1540022344926975,6.245611204823689,0.9853322649574731,sub-NORB00065
C3-P3,3.7333652620159747,4.782924734889748,0.7805611563950385,sub-NORB00065
C3-P4,2.6922638124385876,3.3141350908108578,0.81235789690754,sub-NORB00065
C3-O1,0.9337849866063077,1.3447396815800574,0.6943983280906223,sub-NORB00065
C3-O2,0.9236957195138862,1.2899310043453989,0.7160814930428266,sub-NORB00065
C3-F7,4.101285912318581,5.113586387005489,0.802037083550727,sub-NORB00065
C3-F8,3.1096151692003327,3.842463255054665,0.8092764882291876,sub-NORB00065
C3-T3,1.3532046340886792,3.9974576935467794,0.3385163115730279,sub-NORB00065
C3-T4,1.2920357460466518,2.8960881337415616,0.4461313628523535,sub-NORB00065
C3-T5,0.9160215988394562,1.0078273797767696,0.9089072367158272,sub-NORB00065
C3-T6,0.7753179586675192,1.3508748790955964,0.5739376537867004,sub-NORB00065
C3-FZ,5.927233872245372,9.114853609986486,0.6502829475781521,sub-NORB00065
C3-CZ,4.779292734065962,6.844617423826646,0.69825564207999,sub-NORB00065
C3-PZ,5.245717400215978,5.948129562433264,0.8819104132072834,sub-NORB00065
C4-P3,3.066530277791081,4.313372045549427,0.7109357239320806,sub-NORB00065
C4-P4,2.7925704760438466,5.429245179966413,0.5143570392341578,sub-NORB00065
C4-O1,1.100200395573,1.3192669804187391,0.8339482545252465,sub-NORB00065
C4-O2,0.8485524329935845,1.4069067672134408,0.6031333793882102,sub-NORB00065
C4-F7,2.8667809210034756,3.103683782024994,0.9236704259649314,sub-NORB00065
C4-F8,3.884277801371552,6.78269950646133,0.5726743161290448,sub-NORB00065
C4-T3,0.5777665797042746,2.7616960640373183,0.20920715614868882,sub-NORB00065
C4-T4,2.9317092084057066,4.174901605782547,0.702222348029729,sub-NORB00065
C4-T5,0.5072708661765732,0.82261342399269,0.6166576564170937,sub-NORB00065
C4-T6,1.3529186357135399,1.497879188931445,0.9032228004173576,sub-NORB00065
C4-FZ,6.4878133715717485,10.00169833082694,0.6486711713324927,sub-NORB00065
C4-CZ,4.902925092591652,7.755338248192169,0.632200032504651,sub-NORB00065
C4-PZ,5.536326764427427,6.942819665892843,0.7974176243731456,sub-NORB00065
P3-P4,5.01376511516796,5.270419391045204,0.9513028742431169,sub-NORB00065
P3-O1,2.8171408528313937,2.9623435820068287,0.9509838325110594,sub-NORB00065
P3-O2,1.964034662884273,2.772522802169399,0.7083926095567138,sub-NORB00065
P3-F7,2.099998263147717,3.132525326600616,0.670385086854705,sub-NORB00065
P3-F8,1.6744143433697414,2.585336783340529,0.6476581133101817,sub-NORB00065
P3-T3,1.6290198234344218,4.153274364725368,0.39222542995715126,sub-NORB00065
P3-T4,1.9296386826417593,2.1676493703950594,0.8901987143290051,sub-NORB00065
P3-T5,2.3310487612368425,2.433359029357491,0.9579551283282424,sub-NORB00065
P3-T6,1.8703562655717583,2.1857336431964134,0.8557109743877814,sub-NORB00065
P3-FZ,2.8467439922605022,2.937993081072951,0.9689416937703866,sub-NORB00065
P3-CZ,3.0704559804560874,4.145471187748262,0.7406771972099747,sub-NORB00065
P3-PZ,6.326691251333685,7.1833257802208355,0.8807468079415416,sub-NORB00065
P4-O1,1.947171062072666,3.7617352588620747,0.517625757284601,sub-NORB00065
P4-O2,2.759662172495491,3.1871427357816406,0.8658734174384848,sub-NORB00065
P4-F7,1.7696135390223826,2.0340147530132198,0.8700101788351587,sub-NORB00065
P4-F8,2.2282001504346582,2.30251858905812,0.9677229799678347,sub-NORB00065
P4-T3,1.123821049141955,2.188077079785124,0.5136112706104109,sub-NORB00065
P4-T4,1.8416381287260812,2.7653007107881646,0.6659811432230017,sub-NORB00065
P4-T5,0.9479626750499703,2.4191206047678615,0.3918625111875878,sub-NORB00065
P4-T6,2.2365715915799473,3.4481683913224517,0.6486259769703911,sub-NORB00065
P4-FZ,2.391019649907471,2.53736439425324,0.9423241121073431,sub-NORB00065
P4-CZ,3.464727708992112,3.550635189249545,0.9758050389075341,sub-NORB00065
P4-PZ,5.06339023231472,7.266612165744979,0.6968020470644751,sub-NORB00065
O1-O2,2.701144573848755,4.183635633444922,0.6456452737554865,sub-NORB00065
O1-F7,0.9895670026823146,1.0376342310099327,0.9536761347196169,sub-NORB00065
O1-F8,0.5592731930206902,1.0040444706850393,0.5570203405822347,sub-NORB00065
O1-T3,1.1921242832393137,1.3589350367443127,0.8772489125715398,sub-NORB00065
O1-T4,0.8730272330163429,0.8995276428705228,0.9705396381487363,sub-NORB00065
O1-T5,2.882984121553786,2.883889882809123,0.9996859237723548,sub-NORB00065
O1-T6,1.447649382115571,2.645567745158212,0.5471980011719555,sub-NORB00065
O1-FZ,0.6955677968493068,1.2618609349295347,0.5512238136511841,sub-NORB00065
O1-CZ,0.9629804803306549,1.4571946390366128,0.6608454728925608,sub-NORB00065
O1-PZ,1.8105447411789615,2.632184683956961,0.6878486727067993,sub-NORB00065
O2-F7,0.9218973893453724,1.1181303447096236,0.8244990342201897,sub-NORB00065
O2-F8,0.8567371060432866,1.0512512276782373,0.8149689469903888,sub-NORB00065
O2-T3,0.9969620865514809,1.4114046017811,0.7063616522812666,sub-NORB00065
O2-T4,1.1855412334892725,1.2688324989472197,0.9343559803779806,sub-NORB00065
O2-T5,1.1475461810636458,2.8707289559092457,0.3997403442430474,sub-NORB00065
O2-T6,3.076756075006341,3.624081543722455,0.8489753991147971,sub-NORB00065
O2-FZ,0.7668453917053133,0.9189731936047508,0.8344589342125386,sub-NORB00065
O2-CZ,1.1391683024520882,1.2889659285516397,0.8837846503298399,sub-NORB00065
O2-PZ,2.26687881018222,2.7313193015083455,0.8299574527702995,sub-NORB00065
F7-F8,3.429502092880918,4.614960425469455,0.7431270859775689,sub-NORB00065
F7-T3,1.8581082097193078,6.136158439900712,0.3028129452520091,sub-NORB00065
F7-T4,1.1302181487216325,3.1660291870702992,0.35698285831896753,sub-NORB00065
F7-T5,0.7104801861786924,0.765369903710231,0.928283412679995,sub-NORB00065
F7-T6,0.8940313676391162,1.2223462379275347,0.7314059960252586,sub-NORB00065
F7-FZ,3.6960157875411994,5.020596681053826,0.736170623202779,sub-NORB00065
F7-CZ,2.795245024972615,3.851178233096184,0.7258155441757772,sub-NORB00065
F7-PZ,2.1134510157917603,3.020803640662858,0.6996320407399945,sub-NORB00065
F8-T3,0.6841960562586602,3.102119895670799,0.22055757974200105,sub-NORB00065
F8-T4,2.730022258645472,5.543297071334848,0.4924907006631113,sub-NORB00065
F8-T5,0.5012528676086615,0.7152385428438965,0.7008191499518529,sub-NORB00065
F8-T6,1.0762908233475896,1.415160408730772,0.7605433396153956,sub-NORB00065
F8-FZ,4.061242330692766,6.585990829711352,0.6166486464529074,sub-NORB00065
F8-CZ,3.264356319874018,5.100056423279413,0.6400627853789485,sub-NORB00065
F8-PZ,2.4448755479129605,3.7912638674556307,0.6448708487161433,sub-NORB00065
T3-T4,0.6473371281258528,1.4254612514541134,0.45412467540980433,sub-NORB00065
T3-T5,1.8712665410204778,1.883333781593168,0.9935926171501674,sub-NORB00065
T3-T6,0.8852869148189567,1.25650746820127,0.7045616020780782,sub-NORB00065
T3-FZ,0.673581656397684,3.2295613013344115,0.20856754015456186,sub-NORB00065
T3-CZ,0.7514464230089317,3.5306646550687697,0.21283426675204734,sub-NORB00065
T3-PZ,1.0056668727271676,2.9050600850389694,0.34617764978643367,sub-NORB00065
T4-T5,0.7168956117588217,1.3781068297036778,0.5202032210470718,sub-NORB00065
T4-T6,2.177436998710321,2.5173094946108323,0.864985812579611,sub-NORB00065
T4-FZ,1.265166320092633,3.3717851554541816,0.375221510791133,sub-NORB00065
T4-CZ,1.5301601136943808,3.7294091237723324,0.41029558917006387,sub-NORB00065
T4-PZ,2.0700243201213366,3.7286512982424838,0.5551670442063198,sub-NORB00065
T5-T6,0.898829878882206,1.1076630522647244,0.8114650723832137,sub-NORB00065
T5-FZ,0.5678129211707152,0.6226236330155933,0.9119681474675001,sub-NORB00065
T5-CZ,0.4767485372134225,1.087174659295058,0.43852064903955185,sub-NORB00065
T5-PZ,1.159107160208121,1.5217779844409995,0.7616795433099266,sub-NORB00065
T6-FZ,0.6923673019379433,1.1402616040955258,0.6072003998478405,sub-NORB00065
T6-CZ,0.9537283684834005,1.326460488110346,0.7190024708855568,sub-NORB00065
T6-PZ,1.9212868081302648,2.132901181588362,0.9007856644814135,sub-NORB00065
FZ-CZ,4.653376220749402,6.681008183696335,0.696508085726498,sub-NORB00065
FZ-PZ,3.9439484258430726,4.201293320989293,0.9387462679978692,sub-NORB00065
CZ-PZ,5.349425274242448,6.936508863635678,0.7711985062524116,sub-NORB00065
Fp1-Fp2,6.285700940073414,13.3847492883564,0.46961663641630125,sub-NORB00069
Fp1-F3,0.3297049777518825,13.865363010798571,0.023779036834095355,sub-NORB00069
Fp1-F4,3.754993744344526,12.711702123610808,0.2953966123364371,sub-NORB00069
Fp1-C3,2.6723121372757745,7.896537073421215,0.33841570202594917,sub-NORB00069
Fp1-C4,1.97949843635158,6.448745721226429,0.3069586741241701,sub-NORB00069
Fp1-P3,1.5265584329790522,2.8565585635214448,0.534404738790713,sub-NORB00069
Fp1-P4,1.7109648006044176,3.954803533981973,0.43262953163230805,sub-NORB00069
Fp1-O1,0.7406766934271801,1.8835233500299613,0.3932399847421048,sub-NORB00069
Fp1-O2,1.2189948291999813,2.2858194678255304,0.5332856974744357,sub-NORB00069
Fp1-F7,5.318810944741262,10.846220836680105,0.4903837958705333,sub-NORB00069
Fp1-F8,2.2751084581533134,9.830320265289277,0.23143787758234993,sub-NORB00069
Fp1-T3,1.395574446982213,6.7618137676610415,0.20639054770432577,sub-NORB00069
Fp1-T4,1.6335912402502235,3.036833030055041,0.5379259327341469,sub-NORB00069
Fp1-T5,0.6286582038862115,1.1257697154792625,0.5584252225319272,sub-NORB00069
Fp1-T6,0.8220675461884659,1.6571397889101327,0.4960761618844015,sub-NORB00069
Fp1-FZ,4.985236079409909,13.022812969247484,0.38280793029756444,sub-NORB00069
Fp1-CZ,2.3520493127632416,5.865606265303019,0.4009899755250166,sub-NORB00069
Fp1-PZ,1.6258385117201049,4.184628769221361,0.3885263428092874,sub-NORB00069
Fp2-F3,0.29110682987060327,12.73494684118259,0.022858896350412293,sub-NORB00069
Fp2-F4,3.4492013717520336,12.72899681598867,0.270971972231115,sub-NORB00069
Fp2-C3,2.4561847326826673,6.7089080022288865,0.36610797641980697,sub-NORB00069
Fp2-C4,2.297140541956538,6.020930242649923,0.38152585221540847,sub-NORB00069
Fp2-P3,1.639158091591304,2.908972666738644,0.5634834972268833,sub-NORB00069
Fp2-P4,2.061654787523261,4.3727444138637885,0.471478456638532,sub-NORB00069
Fp2-O1,0.7351263387134466,2.28054621617693,0.322346608675969,sub-NORB00069
Fp2-O2,1.3089071130092111,2.4586292781088894,0.5323727024092004,sub-NORB00069
Fp2-F7,4.086252668881254,8.92839767692755,0.45766920524169796,sub-NORB00069
Fp2-F8,3.549756647511865,11.928215565799944,0.2975932676543482,sub-NORB00069
Fp2-T3,0.9444383357228919,5.082451521028035,0.1858233830299003,sub-NORB00069
Fp2-T4,1.7228652606320354,3.5157583946533473,0.4900408581124669,sub-NORB00069
Fp2-T5,0.5693739481400162,0.8310110859291836,0.685158065615188,sub-NORB00069
Fp2-T6,0.7443816028427117,1.6165894898946815,0.46046421029942924,sub-NORB00069
Fp2-FZ,4.316508994452925,11.660627003903622,0.3701781210399655,sub-NORB00069
Fp2-CZ,2.3788925890450856,5.836349260811942,0.40759942264218413,sub-NORB00069
Fp2-PZ,2.185977395926973,4.251468771160523,0.5141699289326467,sub-NORB00069
F3-F4,0.2405003603987199,14.829189111159849,0.016218038531704275,sub-NORB00069
F3-C3,0.3841228909229753,7.445049498999173,0.05159440390216511,sub-NORB00069
F3-C4,0.39647299490514953,6.6248394616411455,0.05984643057402222,sub-NORB00069
F3-P3,0.28797496146965496,3.0075627825781934,0.09575027432105415,sub-NORB00069
F3-P4,0.2555367936518134,3.97427247163392,0.0642977539853366,sub-NORB00069
F3-O1,0.252135489715222,2.0819701412631537,0.12110427749086193,sub-NORB00069
F3-O2,0.28509700063295795,2.4880387389925067,0.11458704246237084,sub-NORB00069
F3-F7,0.7167311786151578,8.980909338322572,0.07980608105648984,sub-NORB00069
F3-F8,0.6785039718331609,9.761349705582386,0.06950923717497115,sub-NORB00069
F3-T3,0.5387802484817473,6.407501120149399,0.0840858609899369,sub-NORB00069
F3-T4,0.35681687902265014,3.263496626946913,0.10933575848566503,sub-NORB00069
F3-T5,0.20018264268214006,0.9334893981753808,0.21444554493433082,sub-NORB00069
F3-T6,0.26865534037002414,1.222865507946086,0.21969328484966041,sub-NORB00069
F3-FZ,0.32357411928800706,14.630383287892004,0.022116585254180907,sub-NORB00069
F3-CZ,0.5356411886399981,5.741427664354268,0.0932940759605026,sub-NORB00069
F3-PZ,0.25943993836250456,4.244002956749273,0.06113095136984179,sub-NORB00069
F4-C3,3.628582675722446,7.591837669919268,0.4779584118480016,sub-NORB00069
F4-C4,5.090242218580065,7.229188888158782,0.7041235603786402,sub-NORB00069
F4-P3,1.9448497146436985,2.8329898379047105,0.6865007733603861,sub-NORB00069
F4-P4,2.2625520190623245,4.61759299396642,0.4899851550404483,sub-NORB00069
F4-O1,0.6028876666366294,2.240366525980898,0.26910224717478654,sub-NORB00069
F4-O2,1.067075055187171,2.4886106402117596,0.42878344966666704,sub-NORB00069
F4-F7,3.0231000953939366,8.004296678833176,0.3776846632119873,sub-NORB00069
F4-F8,2.3883306489418956,12.82587587838384,0.1862118947343847,sub-NORB00069
F4-T3,1.0996846182978197,5.453375831046901,0.20165208714153668,sub-NORB00069
F4-T4,1.5598584516874487,3.770502704010505,0.41370039332641273,sub-NORB00069
F4-T5,0.46691945795839,0.8178536721808116,0.5709083101789426,sub-NORB00069
F4-T6,0.6771537085970311,1.6802124971122299,0.4030167075657696,sub-NORB00069
F4-FZ,5.5494261660721,14.147303766932186,0.3922603386125978,sub-NORB00069
F4-CZ,3.065450858181293,6.379951162898277,0.4804818688907837,sub-NORB00069
F4-PZ,2.230904076935681,4.806004538775114,0.46419100500980015,sub-NORB00069
C3-C4,4.261300397124985,8.361653278313865,0.5096241443276252,sub-NORB00069
C3-P3,4.513607589416828,5.748298998311581,0.7852075180401344,sub-NORB00069
C3-P4,2.2925697207687277,7.447515820935904,0.30783012428439904,sub-NORB00069
C3-O1,0.8044841738395079,3.0261530478395264,0.26584384897976543,sub-NORB00069
C3-O2,1.1708224885705598,3.1233434183203,0.3748619129433469,sub-NORB00069
C3-F7,2.924171477338384,8.351511280890291,0.35013680506298256,sub-NORB00069
C3-F8,0.7700736925071666,5.616817463323125,0.1371014275496077,sub-NORB00069
C3-T3,2.0312759277775516,7.0804803095571405,0.286883917329134,sub-NORB00069
C3-T4,1.3332474420564242,3.3025132144859777,0.4037069212042316,sub-NORB00069
C3-T5,1.327520294708127,2.0680342922483215,0.6419237338975052,sub-NORB00069
C3-T6,0.7406438587578688,1.368364803131557,0.5412619917312079,sub-NORB00069
C3-FZ,3.9032051422832827,7.976760374119279,0.48932210060456266,sub-NORB00069
C3-CZ,3.809712633868745,9.661161787824183,0.3943327642716913,sub-NORB00069
C3-PZ,2.925141910251516,8.170745910750318,0.3580018204216683,sub-NORB00069
C4-P3,3.3800481536929494,4.978591078367866,0.6789166052177622,sub-NORB00069
C4-P4,3.691883732524071,9.919903611475323,0.3721693150579919,sub-NORB00069
C4-O1,0.7265733282816467,3.8549722065850514,0.18847693040186292,sub-NORB00069
C4-O2,1.2581264814358915,4.077266707993205,0.3085710529972002,sub-NORB00069
C4-F7,1.852029180990965,5.568164909269617,0.332610332339079,sub-NORB00069
C4-F8,1.5127428367869444,6.174529542746479,0.24499726275729578,sub-NORB00069
C4-T3,1.3336235928188847,4.81361937977547,0.27705214883049006,sub-NORB00069
C4-T4,2.210327022006269,4.254021361369142,0.5195853133409943,sub-NORB00069
C4-T5,0.6937422944678441,1.3638638266598593,0.5086595017090807,sub-NORB00069
C4-T6,1.2933691487144727,2.367638081155055,0.5462697863363901,sub-NORB00069
C4-FZ,3.0840019123837257,7.968592991297048,0.387019630159545,sub-NORB00069
C4-CZ,3.797118967502796,10.368831521628234,0.3662050983837886,sub-NORB00069
C4-PZ,4.002389393005416,10.318880221682756,0.38787051569755737,sub-NORB00069
P3-P4,4.809123409160981,7.466881424940951,0.6440605033712602,sub-NORB00069
P3-O1,2.041429887553807,8.864883691458145,0.23028276045187698,sub-NORB00069
P3-O2,2.3876693145988743,8.901457612182588,0.2682335206911614,sub-NORB00069
P3-F7,1.1531520293450164,3.091457034352254,0.37301247163754736,sub-NORB00069
P3-F8,0.6934118778754815,3.0373292328533763,0.2282965805534573,sub-NORB00069
P3-T3,1.5642461846413378,4.31867085436492,0.36220546491991623,sub-NORB00069
P3-T4,1.5704974799367772,2.821902167851349,0.5565385993280498,sub-NORB00069
P3-T5,2.6213550649555315,3.5847872796308344,0.7312442442123042,sub-NORB00069
P3-T6,1.3522663821818297,2.9827653130796987,0.45335996642176907,sub-NORB00069
P3-FZ,1.721525000806452,3.0670340207860267,0.5612996103529545,sub-NORB00069
P3-CZ,2.9586011139002233,4.845597179691647,0.6105751271071393,sub-NORB00069
P3-PZ,6.097189638885274,7.318061635247623,0.8331700309161119,sub-NORB00069
P4-O1,2.0788615070408705,5.523707819418694,0.3763525470577201,sub-NORB00069
P4-O2,3.739573524775038,11.008499086750186,0.33969876322885684,sub-NORB00069
P4-F7,1.2570762601965197,4.43028335990781,0.2837462433153888,sub-NORB00069
P4-F8,1.0251788245564406,4.0763324796659814,0.2514953894635319,sub-NORB00069
P4-T3,0.8020064470031761,4.1134861234270135,0.19497001398293554,sub-NORB00069
P4-T4,2.607960498154306,3.832344313654197,0.6805130971302464,sub-NORB00069
P4-T5,1.438015053729917,2.6528144574777324,0.5420714779642622,sub-NORB00069
P4-T6,2.2881493815917393,5.345645557728858,0.4280398610198688,sub-NORB00069
P4-FZ,1.7259606263599037,4.53514817513119,0.38057425241899095,sub-NORB00069
P4-CZ,1.673391852605846,9.636422039860452,0.17365281903220575,sub-NORB00069
P4-PZ,5.715426732256123,15.769105478598071,0.36244457493249294,sub-NORB00069
O1-O2,2.227985106651978,11.216530327633471,0.19863407324482768,sub-NORB00069
O1-F7,0.7296025028266917,2.0834603811857537,0.35018784586220697,sub-NORB00069
O1-F8,0.5406037875723636,2.645625300129014,0.20433875785282257,sub-NORB00069
O1-T3,0.8447148194645303,2.9383561154455275,0.2874787079157186,sub-NORB00069
O1-T4,0.8592192462308608,1.2855974622582016,0.6683423633410173,sub-NORB00069
O1-T5,2.5225055872297415,4.927038339653483,0.5119719826266156,sub-NORB00069
O1-T6,1.471262040558784,2.6269669720993534,0.5600611108494515,sub-NORB00069
O1-FZ,0.6045552147117139,2.2822356895235703,0.26489604797912797,sub-NORB00069
O1-CZ,0.8132842067103011,3.3116041960614764,0.245586174723884,sub-NORB00069
O1-PZ,1.6867253057215958,5.282233994396459,0.3193204442497097,sub-NORB00069
O2-F7,1.1226631238433544,2.0718080768959797,0.5418760243107791,sub-NORB00069
O2-F8,1.0382737091198877,2.6517970477296675,0.3915358869596768,sub-NORB00069
O2-T3,0.8311981858701459,2.77224295764759,0.2998287662981264,sub-NORB00069
O2-T4,1.202077746150619,3.5133538424912,0.3421453687961775,sub-NORB00069
O2-T5,1.7570963765360013,3.15843966499284,0.5563178540375836,sub-NORB00069
O2-T6,2.7199470067059015,6.67911872760752,0.4072314204362399,sub-NORB00069
O2-FZ,1.2623018388614895,2.321312169592153,0.5437880589249966,sub-NORB00069
O2-CZ,1.3101017093682161,3.3790505304996135,0.3877129677532551,sub-NORB00069
O2-PZ,2.6461565458469103,7.1554305089191725,0.3698109488378795,sub-NORB00069
F7-F8,3.2107427002317315,8.021716266260004,0.4002563284039824,sub-NORB00069
F7-T3,2.495832419629969,9.199585555222514,0.27129835411043157,sub-NORB00069
F7-T4,1.5103759571839115,3.502421816296105,0.4312375939860865,sub-NORB00069
F7-T5,0.3862663535406908,1.3729532759288452,0.28133976611794725,sub-NORB00069
F7-T6,0.8704900687423237,1.2073081446294138,0.7210173083107319,sub-NORB00069
F7-FZ,4.896104048076764,9.262356949327067,0.5286023929829737,sub-NORB00069
F7-CZ,2.540052382143974,5.7562904686757905,0.44126549832157824,sub-NORB00069
F7-PZ,1.0253316939721009,4.609936191618383,0.22241776270923694,sub-NORB00069
F8-T3,1.5349912368053065,3.6661830905400334,0.4186891922463153,sub-NORB00069
F8-T4,2.4101329228494657,4.408788683008781,0.5466655573985617,sub-NORB00069
F8-T5,0.5223223443172366,0.9812502776757389,0.5323028754238393,sub-NORB00069
F8-T6,0.7230603798965582,1.215284056828435,0.5949723242346745,sub-NORB00069
F8-FZ,2.565655786606129,8.99361350265158,0.2852752996167446,sub-NORB00069
F8-CZ,1.4407229727350355,5.380462665987614,0.2677693466479212,sub-NORB00069
F8-PZ,0.8900635187032956,3.839562207093401,0.23181380342241814,sub-NORB00069
T3-T4,1.4578840713874714,3.3766767661522303,0.43175114834836575,sub-NORB00069
T3-T5,1.674625710814223,2.872326840996694,0.5830205974168071,sub-NORB00069
T3-T6,0.8500253761160022,1.4960726647274645,0.568171183229826,sub-NORB00069
T3-FZ,1.4392226265930814,5.8673060592903985,0.2452953045314877,sub-NORB00069
T3-CZ,1.264034443813784,4.280301856784387,0.2953143227060627,sub-NORB00069
T3-PZ,0.9041237902996542,4.302965790896612,0.21011642532980987,sub-NORB00069
T4-T5,0.8076036237750607,1.3555763825672649,0.5957640116491087,sub-NORB00069
T4-T6,2.083813986233446,3.5267822557628827,0.590854165387847,sub-NORB00069
T4-FZ,1.7120134454683054,2.7632690168720617,0.6195609023280164,sub-NORB00069
T4-CZ,1.66109679669254,2.561667708919159,0.6484435084648057,sub-NORB00069
T4-PZ,1.8379617545253564,3.433772972968511,0.5352601261045021,sub-NORB00069
T5-T6,1.1018114549544313,2.311396176565398,0.4766865438843374,sub-NORB00069
T5-FZ,0.5348344820178034,0.9816527296880505,0.5448306369888698,sub-NORB00069
T5-CZ,0.842301642791998,1.3231964183338718,0.6365658424715194,sub-NORB00069
T5-PZ,1.6786139830394902,2.693976653193592,0.623098934821713,sub-NORB00069
T6-FZ,0.7376926848646818,1.6864608835501944,0.4374205723122102,sub-NORB00069
T6-CZ,0.7857777689673919,1.575905016759806,0.49862000603501944,sub-NORB00069
T6-PZ,1.8211031832169884,3.6309063770323733,0.5015560838297956,sub-NORB00069
FZ-CZ,3.5872350500299084,7.016490044369548,0.5112577695322921,sub-NORB00069
FZ-PZ,1.9658984632692078,4.853333731277401,0.4050614633401239,sub-NORB00069
CZ-PZ,2.3706124867285285,10.241995160283807,0.23146002801497503,sub-NORB00069
Fp1-Fp2,6.477154414598253,9.235358424526622,0.7013430466755548,sub-NORB00070
Fp1-F3,3.7921576456370247,8.907902740505316,0.425707122776905,sub-NORB00070
Fp1-F4,4.048051684534834,5.808675962904866,0.6968974875490284,sub-NORB00070
Fp1-C3,1.7151119600980853,3.299419338746669,0.5198223638798198,sub-NORB00070
Fp1-C4,2.052485402464021,3.1156518462853167,0.6587659673564388,sub-NORB00070
Fp1-P3,1.0720484972697641,1.286815564738591,0.8331019041470363,sub-NORB00070
Fp1-P4,1.3944140938110963,1.9032977917402973,0.732630542557453,sub-NORB00070
Fp1-O1,0.6767316850978621,0.9978680388229174,0.6781775332699633,sub-NORB00070
Fp1-O2,0.5385942077898435,1.1730793569567557,0.45912853601574216,sub-NORB00070
Fp1-F7,4.720648109576164,5.857911154495708,0.8058586047269185,sub-NORB00070
Fp1-F8,2.1866217769069825,5.944550158648301,0.3678363742504254,sub-NORB00070
Fp1-T3,1.2480861003214259,2.526168743732471,0.49406283860410316,sub-NORB00070
Fp1-T4,0.4530010154549887,3.993066954033415,0.11344688698430422,sub-NORB00070
Fp1-T5,0.7334822402186105,0.8785644587734671,0.8348644574612081,sub-NORB00070
Fp1-T6,0.9531394542455496,1.4563875394082615,0.6544545517279113,sub-NORB00070
Fp1-FZ,4.541829961005795,6.571944556074703,0.6910937732740922,sub-NORB00070
Fp1-CZ,1.8872303122952787,3.1395325028711083,0.6011182590304139,sub-NORB00070
Fp1-PZ,1.3789072518091041,2.034560084633741,0.6777422118046386,sub-NORB00070
Fp2-F3,5.243343800878293,11.008433400018834,0.47630245016237477,sub-NORB00070
Fp2-F4,5.059662651395053,6.274029437163753,0.8064454752833183,sub-NORB00070
Fp2-C3,1.5668578226915373,2.9129348472168286,0.5378966248382094,sub-NORB00070
Fp2-C4,2.5158194389288027,3.391029917726982,0.7419042296787415,sub-NORB00070
Fp2-P3,1.0919440339584463,1.28993744443861,0.846509292885647,sub-NORB00070
Fp2-P4,1.462985610403205,1.9939912695535607,0.7336970992509693,sub-NORB00070
Fp2-O1,0.8139865659576221,1.1449903781996893,0.7109112717938147,sub-NORB00070
Fp2-O2,0.8478773024019582,1.0861183653837543,0.7806490797182872,sub-NORB00070
Fp2-F7,4.190783408064663,5.420489712192074,0.7731374157280502,sub-NORB00070
Fp2-F8,2.375808041088003,7.083535329369438,0.33539862944390686,sub-NORB00070
Fp2-T3,1.7839872571758495,2.2760892409209874,0.7837949519299094,sub-NORB00070
Fp2-T4,0.5334238223739068,3.737305006823978,0.14272953944083333,sub-NORB00070
Fp2-T5,0.7039448929324535,0.9735103759993635,0.7230995275318091,sub-NORB00070
Fp2-T6,1.0134851836644043,1.589114415474592,0.637767283334174,sub-NORB00070
Fp2-FZ,5.310727160329661,7.553695291612698,0.7030634616975437,sub-NORB00070
Fp2-CZ,2.2386339600124296,2.833861152603385,0.7899589427505517,sub-NORB00070
Fp2-PZ,1.2265941882674087,1.8084220236071513,0.6782676677542306,sub-NORB00070
F3-F4,5.296923075868022,7.063860114233526,0.7498623967927728,sub-NORB00070
F3-C3,2.670638227331012,4.387895923577677,0.6086375506266575,sub-NORB00070
F3-C4,2.726613684811029,4.594056989060729,0.5935088944920762,sub-NORB00070
F3-P3,1.3891141602553343,1.9118822529661563,0.7265688868130961,sub-NORB00070
F3-P4,1.583945856410926,3.3097371224127605,0.47857149913351654,sub-NORB00070
F3-O1,0.7478654760657777,1.145069151115501,0.6531181766072589,sub-NORB00070
F3-O2,0.7640253642370092,1.1015424359098214,0.6935959426801027,sub-NORB00070
F3-F7,4.242764997896718,6.473485149460863,0.6554066163649224,sub-NORB00070
F3-F8,2.285855144690697,6.0123352868837605,0.3801942233124316,sub-NORB00070
F3-T3,1.5457277884971263,2.5627527415907454,0.603151354951889,sub-NORB00070
F3-T4,0.510458738154603,3.846885215078985,0.13269403936299204,sub-NORB00070
F3-T5,0.8117904123278812,1.0240448621727685,0.7927293444990915,sub-NORB00070
F3-T6,1.1455678942596377,1.5526967538553351,0.7377924191669756,sub-NORB00070
F3-FZ,6.7323431205409054,11.701538881598566,0.5753382686381493,sub-NORB00070
F3-CZ,2.7183274919491676,4.831826578791615,0.5625879670186736,sub-NORB00070
F3-PZ,1.5739274010527577,3.0855579288696,0.5100949122771352,sub-NORB00070
F4-C3,3.162023446714355,4.63544928501199,0.6821395839532253,sub-NORB00070
F4-C4,4.377465397934435,5.260113670350735,0.8321997721472344,sub-NORB00070
F4-P3,1.26601572501608,3.239454178241801,0.3908114316045687,sub-NORB00070
F4-P4,1.9966957642511514,3.69980715633206,0.5396756316971529,sub-NORB00070
F4-O1,0.7512530334246563,1.6107003760785235,0.466413893348487,sub-NORB00070
F4-O2,0.7013089155089381,1.5874049902406797,0.44179583648820886,sub-NORB00070
F4-F7,4.325525538304091,5.902006667030954,0.732890656065639,sub-NORB00070
F4-F8,1.8363002245198858,7.231921883023619,0.2539159374537022,sub-NORB00070
F4-T3,1.0916217833639572,1.9736417413172032,0.5531002717014952,sub-NORB00070
F4-T4,0.6792698250421886,4.071453956820585,0.16683716241080448,sub-NORB00070
F4-T5,0.5429796398479803,1.3856336321992915,0.39186378508015685,sub-NORB00070
F4-T6,1.1873739505342296,1.4838996135636797,0.8001713456092054,sub-NORB00070
F4-FZ,7.064876541787151,7.757882150152885,0.9106707739364052,sub-NORB00070
F4-CZ,4.4166308838106145,5.993195717543542,0.7369408729439724,sub-NORB00070
F4-PZ,2.093496476069429,3.515936983083429,0.5954306024658783,sub-NORB00070
C3-C4,4.948969287363446,6.5500787983528825,0.7555587405464405,sub-NORB00070
C3-P3,4.20016442480036,5.73918121009906,0.7318403568455828,sub-NORB00070
C3-P4,3.116152083454901,5.083502985334289,0.6129930664828721,sub-NORB00070
C3-O1,1.434948547430539,1.9826723124668213,0.723744684589452,sub-NORB00070
C3-O2,1.1093428919308075,1.9352118630413517,0.5732410559882472,sub-NORB00070
C3-F7,3.0234931247862975,5.770867637432085,0.5239234920542535,sub-NORB00070
C3-F8,1.1416622064979303,3.711304517460247,0.3076174970625161,sub-NORB00070
C3-T3,2.9647724746890534,4.3653174238962595,0.679165381756557,sub-NORB00070
C3-T4,0.5770404687827758,4.0205620859052384,0.14352233753725355,sub-NORB00070
C3-T5,1.8634353747578847,2.40557236051208,0.7746328505209508,sub-NORB00070
C3-T6,1.3969914457234378,2.606344543857409,0.5359964587244787,sub-NORB00070
C3-FZ,3.45526528061171,5.144524595457894,0.6716393743480918,sub-NORB00070
C3-CZ,5.57174231772718,6.728872348205614,0.8280350747347726,sub-NORB00070
C3-PZ,4.648837634625226,6.075880666785022,0.7651298452978178,sub-NORB00070
C4-P3,2.723362459612024,4.886626261589246,0.5573093406014484,sub-NORB00070
C4-P4,4.167257109223018,7.104456790087903,0.5865694214703581,sub-NORB00070
C4-O1,1.2733363448769934,2.5596726957065754,0.4974606116683602,sub-NORB00070
C4-O2,1.1878395449731074,2.717974731239269,0.4370311214893114,sub-NORB00070
C4-F7,2.3592214884795424,4.06267893744187,0.5807058654664607,sub-NORB00070
C4-F8,1.6899517456315432,3.979279877502124,0.42468783238548197,sub-NORB00070
C4-T3,1.7987618168573243,3.0059850397095755,0.5983934693936841,sub-NORB00070
C4-T4,1.3233352492961634,5.691403588140678,0.2325147441755195,sub-NORB00070
C4-T5,1.0312153265601218,2.2715867422054115,0.4539625572734888,sub-NORB00070
C4-T6,1.5504228494733794,3.2757979093466334,0.4732962448781266,sub-NORB00070
C4-FZ,3.5266958787507856,4.9832806558923535,0.7077056506100522,sub-NORB00070
C4-CZ,5.344562374775305,6.235976349796197,0.8570530218495737,sub-NORB00070
C4-PZ,4.253249464671495,6.985763559090819,0.6088453221604663,sub-NORB00070
P3-P4,4.550376279594967,6.668813284909211,0.6823367344669803,sub-NORB00070
P3-O1,3.6051017246952397,4.930512823472695,0.7311818980639154,sub-NORB00070
P3-O2,2.1965919434307875,4.427988249771994,0.4960699576255412,sub-NORB00070
P3-F7,1.5901726164335028,2.5063321794284694,0.6344620355934293,sub-NORB00070
P3-F8,0.8907838255358992,1.5906211899047,0.5600226070100759,sub-NORB00070
P3-T3,2.5230113935827347,4.039641563857016,0.6245631830695851,sub-NORB00070
P3-T4,0.610401719771991,2.2547721496576956,0.2707154777766162,sub-NORB00070
P3-T5,3.723776807695264,4.082290923239231,0.9121782052565004,sub-NORB00070
P3-T6,2.4123316097551126,3.6387141075551854,0.6629626671538461,sub-NORB00070
P3-FZ,1.9157186721058543,2.3725098509907476,0.807465002223641,sub-NORB00070
P3-CZ,3.381872201087161,5.21771695422569,0.6481517166906252,sub-NORB00070
P3-PZ,5.982840411649878,6.627797981623534,0.9026890119822771,sub-NORB00070
P4-O1,2.543585590871498,4.640382638084943,0.5481413472233014,sub-NORB00070
P4-O2,2.6137306824021573,4.981107107249925,0.5247288657170034,sub-NORB00070
P4-F7,1.4727142476439148,3.2728180456670337,0.4499835392907584,sub-NORB00070
P4-F8,0.833874004913124,2.682372329200033,0.31087183380012395,sub-NORB00070
P4-T3,1.3610131135108818,2.499176981540937,0.5445845266515345,sub-NORB00070
P4-T4,0.6902838451223642,3.9936160659363416,0.1728468219592162,sub-NORB00070
P4-T5,2.5329607323167993,2.9551379149114987,0.8571379087032076,sub-NORB00070
P4-T6,3.5706365092925565,5.242740990891046,0.6810629240499059,sub-NORB00070
P4-FZ,1.9620427084848455,3.754931060641186,0.5225242958654507,sub-NORB00070
P4-CZ,3.9025954378083134,6.492999325200263,0.6010466415207807,sub-NORB00070
P4-PZ,4.820675795843596,13.704282332185842,0.35176419158570377,sub-NORB00070
O1-O2,4.537846085900967,8.329093685860785,0.5448187110206572,sub-NORB00070
O1-F7,0.8782068742765647,1.5642705363465512,0.5614162345138011,sub-NORB00070
O1-F8,0.8165611824079421,1.1809531218598897,0.6914425029182659,sub-NORB00070
O1-T3,1.4792421852607158,2.3603510490503963,0.6267043141128675,sub-NORB00070
O1-T4,0.6113608259631417,1.409113093102151,0.43386214275905693,sub-NORB00070
O1-T5,3.3473900298586434,4.696060164943732,0.7128081652034695,sub-NORB00070
O1-T6,2.997884868659553,4.0231004554957766,0.7451677883320754,sub-NORB00070
O1-FZ,0.8528313823548654,1.177884496235533,0.7240365121372061,sub-NORB00070
O1-CZ,1.4450791527967515,2.8847507685877556,0.5009372624256886,sub-NORB00070
O1-PZ,2.7256734156746125,4.657835053745455,0.5851803218069833,sub-NORB00070
O2-F7,1.0769291722717331,1.8016456474435358,0.5977474947972445,sub-NORB00070
O2-F8,0.6034601346239399,1.3080219001311015,0.4613532346541413,sub-NORB00070
O2-T3,1.0149739657312662,1.5899979747011053,0.6383492192322229,sub-NORB00070
O2-T4,0.6242757387995801,1.364502530835626,0.45751160198821433,sub-NORB00070
O2-T5,2.725476957495372,4.047771620701602,0.6733277499047645,sub-NORB00070
O2-T6,3.894242025573908,6.786277723937926,0.5738406507940801,sub-NORB00070
O2-FZ,0.7515927114389205,0.998084048074678,0.7530354912381941,sub-NORB00070
O2-CZ,1.3005072590756246,2.8607979390480005,0.45459598572991133,sub-NORB00070
O2-PZ,1.8797927173503535,4.98198266444226,0.3773181971842126,sub-NORB00070
F7-F8,1.5543381783092445,5.678564631642488,0.27372025839911274,sub-NORB00070
F7-T3,2.555865340500696,4.713104289883341,0.5422891545147538,sub-NORB00070
F7-T4,0.47492382410142425,4.308395385248034,0.11023218196908427,sub-NORB00070
F7-T5,1.1697296461546711,1.5171752790955533,0.770991764940958,sub-NORB00070
F7-T6,1.2954556245807725,1.6918276962449217,0.7657136878986479,sub-NORB00070
F7-FZ,4.249665738040725,6.665562097450136,0.6375554943320391,sub-NORB00070
F7-CZ,2.591282793620712,4.006057567882712,0.6468411273955459,sub-NORB00070
F7-PZ,1.9039683824051632,3.0853882965952697,0.6170919830434941,sub-NORB00070
F8-T3,1.2458418145110246,2.0471642081533736,0.6085695566330876,sub-NORB00070
F8-T4,1.1308454641304662,5.402127315568148,0.2093333603729652,sub-NORB00070
F8-T5,0.6825442493897492,1.3441662186832102,0.5077826238323354,sub-NORB00070
F8-T6,0.8779723473181765,1.6898653790538343,0.5195516508005854,sub-NORB00070
F8-FZ,1.8066707642116062,5.569633983768869,0.3243787238940009,sub-NORB00070
F8-CZ,1.3382267689345944,3.411651381486115,0.39225190949951716,sub-NORB00070
F8-PZ,0.8159443858977349,2.0799114208520715,0.3922976611972587,sub-NORB00070
T3-T4,0.5996782543796687,3.3334942042024487,0.17989479436432498,sub-NORB00070
T3-T5,2.5724112771761907,2.879514473372744,0.8933489659328412,sub-NORB00070
T3-T6,0.9928360150054617,2.436871521168565,0.4074223882469446,sub-NORB00070
T3-FZ,1.4568702730988452,2.5307711887242212,0.5756625804774012,sub-NORB00070
T3-CZ,1.7602516711154608,2.644820990482821,0.6655466201491849,sub-NORB00070
T3-PZ,2.077970196668791,2.980820394056104,0.6971135197586413,sub-NORB00070
T4-T5,0.6230394927625937,1.0405638399146295,0.5987518197958036,sub-NORB00070
T4-T6,0.6538936276747338,4.004282087251781,0.16329859221369544,sub-NORB00070
T4-FZ,0.4940533505028644,3.7306084243110087,0.1324323794701421,sub-NORB00070
T4-CZ,0.7031439216168192,3.118294771490773,0.2254898824977553,sub-NORB00070
T4-PZ,0.6765580409779061,3.6083757088776673,0.18749656232120562,sub-NORB00070
T5-T6,2.678201336523247,2.8821651943112134,0.9292324193663334,sub-NORB00070
T5-FZ,0.7696923937962199,1.0893421764093494,0.7065662291101703,sub-NORB00070
T5-CZ,1.5159963010409636,1.8981343116512894,0.7986770439453869,sub-NORB00070
T5-PZ,2.305135460247039,2.967000279217339,0.776924584872337,sub-NORB00070
T6-FZ,1.1780380037402125,1.7156522979547195,0.6866414629261343,sub-NORB00070
T6-CZ,1.3044575207397258,2.0815810051827563,0.6266667102994622,sub-NORB00070
T6-PZ,2.0088746794343972,3.7672296603249826,0.5332498574724802,sub-NORB00070
FZ-CZ,4.502683915809078,5.614896586936464,0.8019175146137074,sub-NORB00070
FZ-PZ,2.1119493092913304,3.5109845166419005,0.6015262383758148,sub-NORB00070
CZ-PZ,5.250284031551821,6.479567005343956,0.8102831604676214,sub-NORB00070
Fp1-Fp2,7.37240237529728,8.811790942226576,0.836651984101022,sub-NORB00074
Fp1-F3,7.42954973175645,8.422129602323997,0.8821462127234833,sub-NORB00074
Fp1-F4,4.302961045690232,5.070624232108097,0.8486057827837281,sub-NORB00074
Fp1-C3,2.5050639356850772,3.869582116855194,0.6473732460085226,sub-NORB00074
Fp1-C4,2.6025218261685126,4.375922602859305,0.5947367132288809,sub-NORB00074
Fp1-P3,1.792391402466746,4.412703433878308,0.4061889563449362,sub-NORB00074
Fp1-P4,0.16379872295763942,1.5944137778623502,0.10273288228683419,sub-NORB00074
Fp1-O1,0.01886049260109885,0.9693117834579843,0.0194576120119109,sub-NORB00074
Fp1-O2,0.07200406662833583,0.8483271984035475,0.08487770610660493,sub-NORB00074
Fp1-F7,5.952835760845369,6.376118873548736,0.9336143003137296,sub-NORB00074
Fp1-F8,4.298930882239554,4.907156445402628,0.8760533580026977,sub-NORB00074
Fp1-T3,1.8622711779101375,4.9461830175626025,0.37650672676237407,sub-NORB00074
Fp1-T4,1.0658911237024111,1.6946205753069687,0.6289851186949812,sub-NORB00074
Fp1-T5,0.6894067179556542,0.7922882129772973,0.8701463768657743,sub-NORB00074
Fp1-T6,0.19015281459777422,0.9476590943433185,0.20065529443321686,sub-NORB00074
Fp1-FZ,5.239465722965336,8.338534821849613,0.6283436880585147,sub-NORB00074
Fp1-CZ,2.5076861396463284,6.205366158290152,0.40411574042188425,sub-NORB00074
Fp1-PZ,0.5572283498165399,1.684731568247234,0.3307520084023064,sub-NORB00074
Fp2-F3,6.5717540127240754,13.025541897428251,0.5045282618162393,sub-NORB00074
Fp2-F4,5.1500805880614475,9.08653280179842,0.5667817087549759,sub-NORB00074
Fp2-C3,2.350291986411345,5.140732365375957,0.457190108211257,sub-NORB00074
Fp2-C4,2.5498313957477428,3.2971717798905016,0.773338960165558,sub-NORB00074
Fp2-P3,1.8618695697634173,3.226727927575148,0.5770147380112685,sub-NORB00074
Fp2-P4,0.3273373410541271,1.5488763139700894,0.21133859308306807,sub-NORB00074
Fp2-O1,0.29054033399837126,0.9460189868372723,0.3071189247159878,sub-NORB00074
Fp2-O2,0.030343270602813256,0.872098071932266,0.03479341553362585,sub-NORB00074
Fp2-F7,4.724667234078231,8.311980905731406,0.5684165167920928,sub-NORB00074
Fp2-F8,5.542187758232638,7.288363559482535,0.7604159305447883,sub-NORB00074
Fp2-T3,1.5778007744107627,7.188248672194668,0.21949724423334943,sub-NORB00074
Fp2-T4,1.1538525888927476,1.867400592239252,0.6178923760054776,sub-NORB00074
Fp2-T5,0.6510687069557276,0.6940353612542409,0.9380915487924633,sub-NORB00074
Fp2-T6,0.17899967571218234,0.7644503468502547,0.23415474458179023,sub-NORB00074
Fp2-FZ,4.719706773975547,13.024917322037128,0.3623598259614422,sub-NORB00074
Fp2-CZ,2.6179154432746,8.186057789458319,0.31980173003980594,sub-NORB00074
Fp2-PZ,1.2982302537959918,1.7639417403199933,0.7359825010776616,sub-NORB00074
F3-F4,5.218199197208087,8.617612305838946,0.6055272634709321,sub-NORB00074
F3-C3,2.3883608164362324,5.250421122471613,0.4548893813896441,sub-NORB00074
F3-C4,2.4106548654595548,3.288660913317769,0.7330201954532196,sub-NORB00074
F3-P3,1.5823572275729103,3.5768960752382006,0.4423827794514646,sub-NORB00074
F3-P4,0.07802380255117065,1.412178185058768,0.05525067826191047,sub-NORB00074
F3-O1,0.17737127518057982,0.8816874291587954,0.2011725122924879,sub-NORB00074
F3-O2,0.05677566151501449,0.7005019523531146,0.0810499689890865,sub-NORB00074
F3-F7,4.802992727520956,8.554934505050152,0.561429514707056,sub-NORB00074
F3-F8,4.1113950407504145,6.406307962862209,0.6417729313958124,sub-NORB00074
F3-T3,1.9853146197056901,7.2786915556076135,0.2727570751608747,sub-NORB00074
F3-T4,0.9327730775814677,1.6336388095336656,0.5709787696876121,sub-NORB00074
F3-T5,0.8597483947851455,0.8923769723470734,0.9634363295187792,sub-NORB00074
F3-T6,0.055786002461446445,1.0364800238774954,0.05382255439207573,sub-NORB00074
F3-FZ,6.731402162469118,15.220725082612255,0.4422523976968016,sub-NORB00074
F3-CZ,2.604397008949779,8.698079004127415,0.29942209167264866,sub-NORB00074
F3-PZ,0.6643092836402095,1.445305444747031,0.45963245074225967,sub-NORB00074
F4-C3,3.9137937469482127,7.576984207080444,0.5165371393134092,sub-NORB00074
F4-C4,4.14130255636666,4.771220638501299,0.8679754868069768,sub-NORB00074
F4-P3,3.013908738008456,3.311915708330813,0.9100197599918535,sub-NORB00074
F4-P4,0.35846618730171853,3.0842346695188776,0.11622532839164185,sub-NORB00074
F4-O1,0.3260618211735893,0.6790089369741503,0.48020254729872924,sub-NORB00074
F4-O2,0.04320377783082927,0.9277490488612943,0.04656838816903877,sub-NORB00074
F4-F7,4.428307370579083,11.698959713925671,0.378521465058805,sub-NORB00074
F4-F8,5.721309409340117,10.73664265918361,0.5328769514785315,sub-NORB00074
F4-T3,2.4098775853096273,8.257156426758588,0.29185320717675245,sub-NORB00074
F4-T4,1.2255702233430195,2.133669516406335,0.574395525604736,sub-NORB00074
F4-T5,0.705318270341571,1.0002254077378085,0.7051593219740102,sub-NORB00074
F4-T6,0.29042632338422375,0.8804325673283969,0.3298677651889905,sub-NORB00074
F4-FZ,5.502072492804141,8.637124800824695,0.637025933940284,sub-NORB00074
F4-CZ,3.876958402826768,7.155827960584268,0.541790331486703,sub-NORB00074
F4-PZ,1.3107572231343643,3.325307115378412,0.39417629038609964,sub-NORB00074
C3-C4,3.11043652004569,5.722913893250867,0.543505734677204,sub-NORB00074
C3-P3,3.9659322907143393,5.062240938728186,0.7834341230922766,sub-NORB00074
C3-P4,0.5814335481745323,4.606480046389359,0.12622078947900148,sub-NORB00074
C3-O1,0.4708570219367695,1.1914173516353488,0.3952074571437687,sub-NORB00074
C3-O2,0.14082078588911098,1.078734385281694,0.1305425949246421,sub-NORB00074
C3-F7,3.9304077452827726,8.383038881846463,0.4688523816576947,sub-NORB00074
C3-F8,2.6371397762164173,10.328811839905034,0.255318793399635,sub-NORB00074
C3-T3,4.839148588398507,7.957019704170156,0.6081609406927044,sub-NORB00074
C3-T4,1.2234261261418786,1.9999970229242219,0.6117139736303663,sub-NORB00074
C3-T5,1.344163328036248,2.115317250957628,0.63544289984291,sub-NORB00074
C3-T6,0.07816954646460797,1.355408982882866,0.05767229482155746,sub-NORB00074
C3-FZ,3.8526335708289827,5.231860407908056,0.7363792743792732,sub-NORB00074
C3-CZ,5.5111088320751405,5.550803720724116,0.9928488034082752,sub-NORB00074
C3-PZ,2.0581852757961365,5.031132335982072,0.4090898705001726,sub-NORB00074
C4-P3,4.3604740023635635,6.318375594323603,0.6901257985171049,sub-NORB00074
C4-P4,1.3668079724162108,6.068054619059049,0.22524648478331538,sub-NORB00074
C4-O1,0.2882535199309614,1.1211012534193172,0.2571164014417064,sub-NORB00074
C4-O2,0.2199452409178881,1.5268653016982296,0.14405019268776217,sub-NORB00074
C4-F7,2.661426478817137,3.099300653580835,0.8587183936938186,sub-NORB00074
C4-F8,3.0620145328417885,3.793574149350856,0.8071582134135299,sub-NORB00074
C4-T3,2.5995367672954264,3.484181479519615,0.7460968329508025,sub-NORB00074
C4-T4,3.347948986707356,3.397997783615902,0.9852710919501284,sub-NORB00074
C4-T5,1.1441323614835328,1.3486895705871946,0.8483289160346948,sub-NORB00074
C4-T6,0.6621859876828309,2.206615838285677,0.3000911967518932,sub-NORB00074
C4-FZ,3.103355238249456,3.398201087746175,0.9132347257023942,sub-NORB00074
C4-CZ,6.177283379736849,6.516543155543268,0.9479386896229133,sub-NORB00074
C4-PZ,3.5894190862761532,5.287230870706211,0.6788845000439175,sub-NORB00074
P3-P4,0.7912724839224538,6.3473741981161815,0.12466138898149304,sub-NORB00074
P3-O1,1.1224623018752182,2.080304191446265,0.5395664280688018,sub-NORB00074
P3-O2,0.019174000991264813,1.8422967434197155,0.010407661556017068,sub-NORB00074
P3-F7,2.557703051913788,3.4949231036359154,0.7318338561592105,sub-NORB00074
P3-F8,2.3614474027194987,3.0828859213804694,0.7659859829202108,sub-NORB00074
P3-T3,3.5626433085616447,4.906327105275012,0.7261324473721468,sub-NORB00074
P3-T4,1.6119819589236208,1.7326507817578272,0.9303559470236789,sub-NORB00074
P3-T5,2.9133566875000656,3.1746230182238784,0.9177016202478162,sub-NORB00074
P3-T6,0.15765923832175813,1.6724651327736602,0.09426757857743312,sub-NORB00074
P3-FZ,2.534842131770452,3.5696806716617195,0.7101033299402827,sub-NORB00074
P3-CZ,4.622769957155901,5.0935653319578105,0.9075705632264954,sub-NORB00074
P3-PZ,4.345915316761742,8.08508336904367,0.537522635004788,sub-NORB00074
P4-O1,0.8171511590206727,1.8648325223115574,0.43819010514025736,sub-NORB00074
P4-O2,0.37423077492929807,2.4005198138345696,0.15589572423962003,sub-NORB00074
P4-F7,0.15803020179779256,2.171380860264533,0.07277866572819483,sub-NORB00074
P4-F8,0.5129519799099453,2.1749319250885106,0.23584737250526605,sub-NORB00074
P4-T3,0.33047780974515234,2.821895527196447,0.11711199318334865,sub-NORB00074
P4-T4,2.01529178183877,2.734674787990232,0.7369401987721725,sub-NORB00074
P4-T5,0.11697901027397842,2.454741654085307,0.04765430613820234,sub-NORB00074
P4-T6,1.8223046588294491,3.1117538200234964,0.5856198029237702,sub-NORB00074
P4-FZ,0.05039082663216537,2.2310702968346443,0.02258594303534851,sub-NORB00074
P4-CZ,0.911133317304168,5.0691694483008485,0.1797401579482757,sub-NORB00074
P4-PZ,2.5391125591672794,8.133895239555915,0.3121644039401111,sub-NORB00074
O1-O2,1.2008765262507957,3.357166263858347,0.3577054074380707,sub-NORB00074
O1-F7,0.1741395519373996,0.8393085712316385,0.20747977312070046,sub-NORB00074
O1-F8,0.36358153777421837,0.9904803592640343,0.3670759691230765,sub-NORB00074
O1-T3,0.545952479288708,1.2740508065744771,0.42851703909407113,sub-NORB00074
O1-T4,0.11831229134324318,0.731596792941596,0.16171789226622288,sub-NORB00074
O1-T5,1.8187257650793824,3.4737742359693797,0.5235589999624299,sub-NORB00074
O1-T6,1.4114620470931196,1.6281807795107959,0.8668951659761076,sub-NORB00074
O1-FZ,0.19759406052383538,0.8171472378726452,0.24180961687914437,sub-NORB00074
O1-CZ,0.12313857662691878,1.2445308627954341,0.09894377094861913,sub-NORB00074
O1-PZ,0.9460997906246789,1.799946781991355,0.5256265352345416,sub-NORB00074
O2-F7,0.11745460838924592,0.904209096775841,0.12989761860177748,sub-NORB00074
O2-F8,0.03661647699800407,0.8164548248288831,0.0448481359708767,sub-NORB00074
O2-T3,0.11945192919253031,0.9793406723102974,0.1219717842522962,sub-NORB00074
O2-T4,0.3213602884638027,1.318209865012237,0.24378537666369196,sub-NORB00074
O2-T5,0.05748525816416447,1.7826272852885594,0.03224749146306215,sub-NORB00074
O2-T6,1.1562615238694351,2.45175967430526,0.47160475636629345,sub-NORB00074
O2-FZ,0.06234349343628387,0.8907416030617472,0.0699905485743458,sub-NORB00074
O2-CZ,0.08843939215991586,1.6943629828432143,0.052196249006520874,sub-NORB00074
O2-PZ,0.15569358149772936,1.80398074957733,0.08630556702681452,sub-NORB00074
F7-F8,4.1710826434111805,9.078089043580125,0.4594670335780526,sub-NORB00074
F7-T3,4.332526529068145,11.929378968247756,0.3631812301880898,sub-NORB00074
F7-T4,1.356830061749421,1.5106570680914526,0.8981721202043723,sub-NORB00074
F7-T5,0.8821732835247064,1.159739745271967,0.7606648708222297,sub-NORB00074
F7-T6,0.015438254916751704,0.7136140204110343,0.021633900785552714,sub-NORB00074
F7-FZ,4.841715405687195,8.548622756835591,0.5663737356775622,sub-NORB00074
F7-CZ,2.9699372251842933,6.202841457970812,0.47880269797446573,sub-NORB00074
F7-PZ,1.1862851409875521,2.374777649444542,0.4995352475483433,sub-NORB00074
F8-T3,1.817679882882188,7.437188090616792,0.2444041835079421,sub-NORB00074
F8-T4,1.639568525797197,2.762290671247162,0.5935539452323239,sub-NORB00074
F8-T5,0.8260271692852325,0.9924985498759425,0.8322704042121591,sub-NORB00074
F8-T6,0.297460277605526,0.7593553939367872,0.391727351883785,sub-NORB00074
F8-FZ,4.297571918758221,6.346592731743345,0.6771463209327001,sub-NORB00074
F8-CZ,2.473055776980987,5.4139050530488495,0.456797035180416,sub-NORB00074
F8-PZ,1.4991357168010313,2.2684036309491633,0.6608769693133277,sub-NORB00074
T3-T4,1.5477049611705826,1.8124804581019685,0.8539153921644711,sub-NORB00074
T3-T5,1.9062036297360356,2.5768605737635686,0.739738753871335,sub-NORB00074
T3-T6,0.08688829130654861,1.7030469594127364,0.0510193161887388,sub-NORB00074
T3-FZ,2.601763996375914,7.2141068742857914,0.36064949434693433,sub-NORB00074
T3-CZ,2.967867448177371,6.111309679402092,0.48563525723143125,sub-NORB00074
T3-PZ,1.8377965079092284,3.00825126506579,0.6109185523334388,sub-NORB00074
T4-T5,0.6920029812610522,1.817896649585267,0.3806613436572013,sub-NORB00074
T4-T6,0.8711137314992351,2.529525125402867,0.34437836681321615,sub-NORB00074
T4-FZ,0.9799370719869283,1.5933834614923972,0.6150039181836984,sub-NORB00074
T4-CZ,1.343097797138104,2.503689668086003,0.5364473937238646,sub-NORB00074
T4-PZ,2.0710294919055623,3.938727456198552,0.5258118300737692,sub-NORB00074
T5-T6,0.15335129408315984,2.080836399794619,0.07369694902410194,sub-NORB00074
T5-FZ,0.8409020973463882,0.8620222412990103,0.9754993050750113,sub-NORB00074
T5-CZ,0.5925821417224925,1.4611013709227807,0.4055722303157092,sub-NORB00074
T5-PZ,2.007781247464047,2.271093068049718,0.8840594318700521,sub-NORB00074
T6-FZ,0.04376818217147714,0.8031321620637536,0.0544968614617662,sub-NORB00074
T6-CZ,0.10719121553262842,1.5213737529147564,0.07045685869580952,sub-NORB00074
T6-PZ,0.8091451723367675,2.1582628676176747,0.37490575614170435,sub-NORB00074
FZ-CZ,3.2540651927557613,8.686309268601432,0.3746200016753137,sub-NORB00074
FZ-PZ,0.7233406535163637,2.2990389454883986,0.31462740330512323,sub-NORB00074
CZ-PZ,2.7391199669797324,5.690910524786601,0.4813148889003916,sub-NORB00074
Fp1-Fp2,7.941859312398835,9.328729850851937,0.8513334011568093,sub-NORB00075
Fp1-F3,8.22958313569569,8.692379815675892,0.9467583458392381,sub-NORB00075
Fp1-F4,5.61075185041636,6.6800171165106335,0.8399307595408059,sub-NORB00075
Fp1-C3,2.8263231439784757,4.677480104452115,0.6042405485142155,sub-NORB00075
Fp1-C4,3.810627103596759,4.095524164388235,0.9304369723248765,sub-NORB00075
Fp1-P3,2.359068640409407,3.1966399265711,0.7379838501047191,sub-NORB00075
Fp1-P4,2.344571299756675,3.163036635354568,0.7412406399440439,sub-NORB00075
Fp1-O1,1.376764053348001,1.874196931016592,0.7345887887038764,sub-NORB00075
Fp1-O2,1.432980306026934,2.202508810073646,0.6506127464611681,sub-NORB00075
Fp1-F7,5.666807282546683,7.657035435900523,0.7400784977404542,sub-NORB00075
Fp1-F8,5.47852532268873,7.101807193045614,0.7714269303246547,sub-NORB00075
Fp1-T3,1.5525549734019328,5.515266864665103,0.2815013328455153,sub-NORB00075
Fp1-T4,1.5427727839228322,2.144545739633703,0.7193937417190943,sub-NORB00075
Fp1-T5,1.0239193785519207,1.6575216412427003,0.6177411824223625,sub-NORB00075
Fp1-T6,1.1549641266836492,2.1640327842571603,0.5337091633203281,sub-NORB00075
Fp1-FZ,4.8952994573122375,8.586746469740987,0.5700994520524024,sub-NORB00075
Fp1-CZ,3.5864231290250963,4.89330673151248,0.7329242424001005,sub-NORB00075
Fp1-PZ,2.461899047273702,3.288278032330999,0.7486894426407453,sub-NORB00075
Fp2-F3,6.730442405953644,13.979934365367892,0.48143590878557946,sub-NORB00075
Fp2-F4,6.811286317335461,8.986925173449567,0.7579106519611755,sub-NORB00075
Fp2-C3,3.560274335401317,6.8320267865453745,0.5211153946897178,sub-NORB00075
Fp2-C4,3.6100115099512884,5.329439735040119,0.6773716730890311,sub-NORB00075
Fp2-P3,2.315709221326773,3.113192185801739,0.7438375413789012,sub-NORB00075
Fp2-P4,2.519512034681187,4.247896130544612,0.5931199721585864,sub-NORB00075
Fp2-O1,1.2730101578658717,2.1726489914599223,0.5859253670840158,sub-NORB00075
Fp2-O2,1.4789681867965838,2.1327797563851334,0.6934462793773416,sub-NORB00075
Fp2-F7,5.061043522134989,6.107457614746329,0.8286661719788616,sub-NORB00075
Fp2-F8,6.117855675364388,7.461192348433938,0.8199568366105038,sub-NORB00075
Fp2-T3,1.4896555652020527,4.9357057053743585,0.3018120718948065,sub-NORB00075
Fp2-T4,1.5826699830593527,2.5446986505265388,0.6219479004839622,sub-NORB00075
Fp2-T5,0.8389390659349714,1.772556388347298,0.4732933019508531,sub-NORB00075
Fp2-T6,1.0255019652066335,2.4583520792133493,0.4171501608243132,sub-NORB00075
Fp2-FZ,5.580142521607408,12.553333463838163,0.4445148006051046,sub-NORB00075
Fp2-CZ,4.344896012119506,5.318888640649539,0.8168804247777802,sub-NORB00075
Fp2-PZ,2.5423643495672135,4.257088280072544,0.597207335696569,sub-NORB00075
F3-F4,6.979783640118259,10.005446902298747,0.6975983889849695,sub-NORB00075
F3-C3,3.4285345192725982,7.816694867433403,0.43861690617563415,sub-NORB00075
F3-C4,3.6382316244040878,6.064849123808357,0.5998882330183177,sub-NORB00075
F3-P3,2.424530809931883,2.6989371719597437,0.8983279918929682,sub-NORB00075
F3-P4,2.751406805132242,4.402260783815504,0.6249985950963035,sub-NORB00075
F3-O1,1.4340382493258175,2.1013875820921375,0.6824244425667024,sub-NORB00075
F3-O2,1.6651571542054668,2.1895047283160167,0.76051772470305,sub-NORB00075
F3-F7,4.933284684529676,6.117259695298065,0.806453368053275,sub-NORB00075
F3-F8,5.5654496040197134,6.486971041138197,0.8579427237651435,sub-NORB00075
F3-T3,1.4114513387530256,4.787031368410345,0.2948489847104833,sub-NORB00075
F3-T4,1.5921577287210664,2.6726660631082417,0.595718915542119,sub-NORB00075
F3-T5,0.9087861921898164,2.0777418498415843,0.4373912920217235,sub-NORB00075
F3-T6,1.1210908886414268,2.666656599140137,0.4204106704263767,sub-NORB00075
F3-FZ,6.258386160504957,13.442834073325653,0.46555556115383046,sub-NORB00075
F3-CZ,3.9936182579878476,5.177323165008824,0.7713673901947825,sub-NORB00075
F3-PZ,2.673995401729742,4.463667434657798,0.5990579362986842,sub-NORB00075
F4-C3,4.1693954597625,7.706318536032055,0.541035961629131,sub-NORB00075
F4-C4,5.796411653190744,7.936739671456484,0.7303265437868438,sub-NORB00075
F4-P3,2.3973460639410598,3.556381419368524,0.6740970051425856,sub-NORB00075
F4-P4,3.287674419923968,4.278452158606418,0.7684261265632178,sub-NORB00075
F4-O1,1.2715937435221885,3.4940622915676274,0.3639299009038794,sub-NORB00075
F4-O2,1.4148050566971258,3.5093022983959394,0.4031585017180812,sub-NORB00075
F4-F7,3.6924990840947323,5.938158279462309,0.6218256419445058,sub-NORB00075
F4-F8,4.527740627766674,8.402305651765916,0.5388688314159432,sub-NORB00075
F4-T3,2.1603419858635227,4.605926614224524,0.46903525974376564,sub-NORB00075
F4-T4,2.0345075275856743,3.3445981452120486,0.6082965544001657,sub-NORB00075
F4-T5,1.0742326705181993,3.3165014112502065,0.32390538622242004,sub-NORB00075
F4-T6,1.2406845951326317,3.1409743652327653,0.39499991113129934,sub-NORB00075
F4-FZ,7.425239333854553,11.492725186666956,0.6460816919618673,sub-NORB00075
F4-CZ,5.0303381869580095,7.148697832167784,0.7036719560760342,sub-NORB00075
F4-PZ,3.6630778366553605,4.416368684595735,0.8294320737831857,sub-NORB00075
C3-C4,6.875323349474544,7.717124763426392,0.8909177394745023,sub-NORB00075
C3-P3,3.824444502752555,5.904897860934611,0.6476732693471573,sub-NORB00075
C3-P4,4.004875653901632,7.142512932763621,0.5607096118133373,sub-NORB00075
C3-O1,1.9678328229821407,6.149228548750405,0.32001295892344533,sub-NORB00075
C3-O2,2.0798369420534666,5.933991934212678,0.35049541103385734,sub-NORB00075
C3-F7,3.9919523626295037,5.714701260879487,0.6985408651116692,sub-NORB00075
C3-F8,3.8708721484679325,4.297739946235182,0.9006762151485724,sub-NORB00075
C3-T3,3.560112517476714,5.981800392012103,0.5951573580139468,sub-NORB00075
C3-T4,1.5535081342650752,3.8037560701447917,0.4084142373004324,sub-NORB00075
C3-T5,1.7723848004252551,6.207054086186085,0.2855436372577662,sub-NORB00075
C3-T6,1.4961847113447353,4.4589811037257485,0.33554407981109907,sub-NORB00075
C3-FZ,4.469119739226306,7.817088976892303,0.5717115095449524,sub-NORB00075
C3-CZ,7.4167912149405115,8.555384659633429,0.8669149909687751,sub-NORB00075
C3-PZ,6.54407801457414,7.136834318362591,0.9169440851018036,sub-NORB00075
C4-P3,4.422669142372203,5.239049868089195,0.8441738967423219,sub-NORB00075
C4-P4,5.016887020407799,7.405395864998044,0.6774637186001566,sub-NORB00075
C4-O1,2.5217917893273842,4.717689947407288,0.5345395346960627,sub-NORB00075
C4-O2,2.5618957497063173,4.914629794895415,0.5212794974643324,sub-NORB00075
C4-F7,2.9543059297201912,5.246525972405062,0.5630975516482398,sub-NORB00075
C4-F8,5.063001353908766,5.861349919693721,0.8637944199334423,sub-NORB00075
C4-T3,2.384475509060444,4.160835136649423,0.5730761808026309,sub-NORB00075
C4-T4,2.470198888346328,6.102227542885525,0.40480281519922795,sub-NORB00075
C4-T5,1.4632102964147775,3.6146668151060966,0.4047981103818084,sub-NORB00075
C4-T6,1.9938839500342458,5.716264761364467,0.34880888714439245,sub-NORB00075
C4-FZ,4.497810205178376,7.292580527251839,0.61676524357467,sub-NORB00075
C4-CZ,7.390986604730946,8.30228923266626,0.8902347771323487,sub-NORB00075
C4-PZ,5.139035630574673,7.313548494604549,0.7026733512966944,sub-NORB00075
P3-P4,4.275113924581147,6.41638796372965,0.6662804600886624,sub-NORB00075
P3-O1,5.050915261969833,8.712655580275108,0.579721672162134,sub-NORB00075
P3-O2,3.8531150271862566,7.80563386332876,0.4936325601035907,sub-NORB00075
P3-F7,3.1643988402630416,3.6839963400098172,0.8589581932794779,sub-NORB00075
P3-F8,2.536981173359959,3.872296927963935,0.6551618381945497,sub-NORB00075
P3-T3,3.132160297999154,3.4210126663882674,0.9155652444005509,sub-NORB00075
P3-T4,1.6125514056274757,5.048890378578127,0.31938728804042754,sub-NORB00075
P3-T5,2.2103023994028326,8.071752816929274,0.2738317747747502,sub-NORB00075
P3-T6,2.338172314118076,5.9892638765891375,0.3903939386036296,sub-NORB00075
P3-FZ,2.5931235252258205,3.596287001358463,0.7210557789871311,sub-NORB00075
P3-CZ,4.568986339031249,6.1296638362888665,0.7453893820378719,sub-NORB00075
P3-PZ,4.900776339839941,10.051488661229957,0.4875672156645754,sub-NORB00075
P4-O1,3.143734585337161,8.516707967706614,0.369125558520672,sub-NORB00075
P4-O2,3.5386496442804978,9.58218308202307,0.36929472271504427,sub-NORB00075
P4-F7,2.359539701647596,3.845844403478985,0.6135296840176725,sub-NORB00075
P4-F8,2.3926146459349176,4.1380766204095085,0.5781948633174757,sub-NORB00075
P4-T3,3.1107408549255866,4.1771334907027935,0.744707072888449,sub-NORB00075
P4-T4,1.5719352614391167,10.504375270221251,0.1496457638842531,sub-NORB00075
P4-T5,1.784421015939968,5.027546309194429,0.3549288074535684,sub-NORB00075
P4-T6,2.039000926012169,13.487074106673276,0.1511818582655589,sub-NORB00075
P4-FZ,2.4337846359667368,4.365653196782628,0.5574846480614567,sub-NORB00075
P4-CZ,4.057480558417782,12.924681562366825,0.3139327293162926,sub-NORB00075
P4-PZ,5.411483324882718,14.794114736414286,0.365786221162857,sub-NORB00075
O1-O2,4.974590713472596,13.258220957624564,0.37520801089167233,sub-NORB00075
O1-F7,1.207178576629628,4.412216374457159,0.27359913344643,sub-NORB00075
O1-F8,1.209636148315853,2.9797639533970726,0.40595032601049164,sub-NORB00075
O1-T3,1.8118194679308135,3.5395541228616265,0.5118778820836366,sub-NORB00075
O1-T4,2.0129909798952714,6.356240590805266,0.316695214905364,sub-NORB00075
O1-T5,2.648934990168955,8.805587990474546,0.3008243166764608,sub-NORB00075
O1-T6,3.1562155380805534,7.615610612585515,0.4144402463099426,sub-NORB00075
O1-FZ,1.412939094912947,4.555703410839216,0.3101472961455729,sub-NORB00075
O1-CZ,2.810978264569234,5.717673648225472,0.4916297147252615,sub-NORB00075
O1-PZ,3.176712965044976,9.02908310807711,0.351831180089947,sub-NORB00075
O2-F7,1.2293948816454934,4.194276652079781,0.29311249200404643,sub-NORB00075
O2-F8,1.121117781398048,3.1762499561775157,0.35296900334231457,sub-NORB00075
O2-T3,1.979886525962365,3.5901511096462477,0.551477212377685,sub-NORB00075
O2-T4,1.8614640429137945,7.241680389154524,0.257048632759547,sub-NORB00075
O2-T5,1.6141706363883466,8.228489263479364,0.1961685292040844,sub-NORB00075
O2-T6,3.304715414356746,8.55840116924573,0.38613700725225497,sub-NORB00075
O2-FZ,1.5312159669353875,4.642009981835973,0.32986055026313676,sub-NORB00075
O2-CZ,3.043221742980159,5.6389786573664535,0.5396760526845868,sub-NORB00075
O2-PZ,3.576813946337352,9.093835024701722,0.39332294203948037,sub-NORB00075
F7-F8,4.754106685216029,6.217344538739804,0.7646522813065207,sub-NORB00075
F7-T3,4.085145688827271,6.482171360042957,0.6302125417431418,sub-NORB00075
F7-T4,1.208864784367067,3.67867219517944,0.32861443483634467,sub-NORB00075
F7-T5,1.0933447409313222,3.2357484067014113,0.337895473784966,sub-NORB00075
F7-T6,1.1040312537467925,3.2485489575650597,0.3398536602552285,sub-NORB00075
F7-FZ,4.784938116894967,6.872342179800474,0.6962601674519485,sub-NORB00075
F7-CZ,2.7811922958933106,5.736770432909398,0.4848010441447683,sub-NORB00075
F7-PZ,2.2821301270491023,3.9304498528153062,0.580628226413945,sub-NORB00075
F8-T3,2.0117039184183696,5.104161793150614,0.3941301236018652,sub-NORB00075
F8-T4,2.51342123524331,3.425130210499173,0.7338177180939955,sub-NORB00075
F8-T5,0.8266885645763942,2.4162410738963436,0.34213827978816114,sub-NORB00075
F8-T6,1.4286257879661488,3.046660100094474,0.4689153830851851,sub-NORB00075
F8-FZ,5.4352637965450405,6.200685417085713,0.8765585465065544,sub-NORB00075
F8-CZ,3.5199015067303563,5.196252603257803,0.6773923008522614,sub-NORB00075
F8-PZ,2.1814457991284533,3.453139457663595,0.6317282652130205,sub-NORB00075
T3-T4,1.556303850810616,4.115081576896687,0.37819513944709543,sub-NORB00075
T3-T5,1.9174161886911967,5.689483833655638,0.3370105698075616,sub-NORB00075
T3-T6,0.9708667442676792,4.293545957671814,0.22612235989530063,sub-NORB00075
T3-FZ,1.815159179480781,4.942280213973193,0.36727160357051875,sub-NORB00075
T3-CZ,2.9993046283664473,4.222647184854367,0.7102901324847222,sub-NORB00075
T3-PZ,2.9825339828548385,3.5279909915142924,0.8453916095671968,sub-NORB00075
T4-T5,2.318835026519799,4.421002974448008,0.5245042900721687,sub-NORB00075
T4-T6,2.995270755612069,11.595615164976795,0.2583106383746621,sub-NORB00075
T4-FZ,1.566318025915745,2.4071393854158574,0.6506968542850492,sub-NORB00075
T4-CZ,1.7389966977491418,4.4831259005326975,0.38789825142820755,sub-NORB00075
T4-PZ,1.6487119126014522,5.596895950205442,0.2945761234923322,sub-NORB00075
T5-T6,2.041918060429057,4.746479027599159,0.43019637262821536,sub-NORB00075
T5-FZ,0.8404649056736968,3.208367013158919,0.2619603375257824,sub-NORB00075
T5-CZ,1.623045603934053,4.375810189790043,0.37091316431436183,sub-NORB00075
T5-PZ,1.8398551900029496,6.682258470210653,0.27533433467217405,sub-NORB00075
T6-FZ,1.0506167327967333,2.4626935539748738,0.42661285692692097,sub-NORB00075
T6-CZ,1.6383521124047555,4.529386880493415,0.361716089976902,sub-NORB00075
T6-PZ,2.13671022287314,6.813771792667121,0.31358699526342154,sub-NORB00075
FZ-CZ,4.624258255867426,10.893385418255772,0.42450148216713457,sub-NORB00075
FZ-PZ,3.284860955404614,4.435902266384764,0.7405169812457925,sub-NORB00075
CZ-PZ,5.833715874414414,12.736757380461148,0.4580220616719637,sub-NORB00075
Fp1-Fp2,9.711731826268586,12.227047680687873,0.7942826494091353,sub-NORB00077
Fp1-F3,10.58468363587404,11.079973346093322,0.955298655082603,sub-NORB00077
Fp1-F4,7.900544484680998,9.98347262313457,0.7913623628689249,sub-NORB00077
Fp1-C3,3.6939393498233892,4.356963729010095,0.8478242141948367,sub-NORB00077
Fp1-C4,4.594778365776847,4.869869109598353,0.9435116760573069,sub-NORB00077
Fp1-P3,1.5545867607033421,1.5628622507706937,0.9947049139722514,sub-NORB00077
Fp1-P4,1.5689156377829507,1.6705896428181202,0.9391388510803554,sub-NORB00077
Fp1-O1,0.7421383645378804,0.7987345447179375,0.929142691330518,sub-NORB00077
Fp1-O2,0.7700987887413898,0.7864248456849892,0.9792401562168613,sub-NORB00077
Fp1-F7,6.518378107271607,9.854453813216582,0.6614651842529616,sub-NORB00077
Fp1-F8,6.312247933510366,8.638233554197905,0.730733649872527,sub-NORB00077
Fp1-T3,2.8495618928187,4.953916272882324,0.5752139793757044,sub-NORB00077
Fp1-T4,1.8779506187892125,4.578332663447698,0.41018221191795795,sub-NORB00077
Fp1-T5,0.8141281382844541,1.099565356029974,0.7404090478294962,sub-NORB00077
Fp1-T6,0.9097898541715328,1.0645996997971847,0.8545839852715115,sub-NORB00077
Fp1-FZ,7.78236240009736,11.405149842255232,0.6823551209528423,sub-NORB00077
Fp1-CZ,3.0180816176029004,3.0570297526539556,0.9872594844661743,sub-NORB00077
Fp1-PZ,2.15670433334658,2.327429157905254,0.9266466074901585,sub-NORB00077
Fp2-F3,10.368148420734105,10.7083925632186,0.9682264036851644,sub-NORB00077
Fp2-F4,9.111884326683061,11.338806179305262,0.8036017357200609,sub-NORB00077
Fp2-C3,3.086734059024873,3.877803124072069,0.7960007149056868,sub-NORB00077
Fp2-C4,4.644063541872656,4.927887934464517,0.942404454734683,sub-NORB00077
Fp2-P3,1.409543765789135,1.5207158694814866,0.926894888175095,sub-NORB00077
Fp2-P4,1.5281596015766818,1.7042012809554705,0.8967013572011342,sub-NORB00077
Fp2-O1,0.6761451686992226,0.7756015809336775,0.8717686829432088,sub-NORB00077
Fp2-O2,0.7151925059712978,0.8930171189517548,0.800872111847988,sub-NORB00077
Fp2-F7,5.602440568556188,8.510857917233148,0.658269779972725,sub-NORB00077
Fp2-F8,6.627354793499475,9.735900839502523,0.6807130539589713,sub-NORB00077
Fp2-T3,2.3331075636157546,4.384970825576808,0.532069118911151,sub-NORB00077
Fp2-T4,1.9688601851606922,4.706053761123486,0.4183675506271017,sub-NORB00077
Fp2-T5,0.7409633201315711,1.4506650994755068,0.5107748993199527,sub-NORB00077
Fp2-T6,0.8995718120809439,1.0517551919700288,0.8553053209996214,sub-NORB00077
Fp2-FZ,7.62555176892688,10.491151110979807,0.7268555841261447,sub-NORB00077
Fp2-CZ,2.662732576383629,3.231683833902094,0.8239458787552602,sub-NORB00077
Fp2-PZ,2.0456953288088977,2.2892260146252403,0.8936187671027275,sub-NORB00077
F3-F4,9.163461986392935,11.79695891295557,0.7767647623430733,sub-NORB00077
F3-C3,3.564855427145672,3.918210986511099,0.9098171179188933,sub-NORB00077
F3-C4,4.495264422764248,4.739078080953272,0.9485525129520592,sub-NORB00077
F3-P3,1.4435602110759176,1.54518098909285,0.9342337378376676,sub-NORB00077
F3-P4,1.4603421504354315,1.5184911864333785,0.9617060431318492,sub-NORB00077
F3-O1,0.649673951790201,0.7644162795443374,0.8498954943469631,sub-NORB00077
F3-O2,0.5953243370577148,0.8944747547108314,0.6655574502493066,sub-NORB00077
F3-F7,5.495837200323285,7.6541887364426175,0.7180169433446119,sub-NORB00077
F3-F8,5.432943463328643,8.637520385269914,0.6289934172073006,sub-NORB00077
F3-T3,2.3522424580953256,4.588329150226661,0.512657741212643,sub-NORB00077
F3-T4,1.926409815891685,4.464409722179992,0.4315038125468041,sub-NORB00077
F3-T5,0.7720906288111838,1.0604888522726803,0.7280516218124833,sub-NORB00077
F3-T6,0.9205868584423568,1.1729329926260674,0.7848588659623807,sub-NORB00077
F3-FZ,9.075382004413338,14.733968504663437,0.6159495998339413,sub-NORB00077
F3-CZ,3.185359132242507,3.356284034627778,0.949073171215014,sub-NORB00077
F3-PZ,2.173976537795118,2.3946085951152787,0.9078629978317858,sub-NORB00077
F4-C3,3.240991954871216,4.555374749749752,0.7114654957968626,sub-NORB00077
F4-C4,5.6241481117791885,6.228878247144307,0.9029150817577205,sub-NORB00077
F4-P3,1.4258634628804063,1.584594574713098,0.8998285653846625,sub-NORB00077
F4-P4,1.6394319442895806,1.779175680257105,0.921455909319011,sub-NORB00077
F4-O1,0.7063086628211309,0.8089484504456568,0.873119495354765,sub-NORB00077
F4-O2,0.6750422374920254,0.8840833564754164,0.7635504418760045,sub-NORB00077
F4-F7,4.9910117715811895,7.921756423338778,0.6300385299498557,sub-NORB00077
F4-F8,6.945483899931742,9.924526122385338,0.699830280487227,sub-NORB00077
F4-T3,2.240171264429469,4.471453251461824,0.5009940031682326,sub-NORB00077
F4-T4,2.1213760269407196,4.310843838123594,0.49210226735193063,sub-NORB00077
F4-T5,0.7586053346714683,1.4887650446744747,0.5095534297941156,sub-NORB00077
F4-T6,0.8723062019802242,1.1205956789358633,0.7784308099497412,sub-NORB00077
F4-FZ,9.199714851800968,11.778168174467773,0.7810819743382278,sub-NORB00077
F4-CZ,3.146975925764615,3.814206955463816,0.8250669044731831,sub-NORB00077
F4-PZ,2.345538383873853,2.3702905193546773,0.989557341060638,sub-NORB00077
C3-C4,4.585908305372922,6.736371993885842,0.6807682695574483,sub-NORB00077
C3-P3,2.4073426354232184,4.815389812198319,0.4999268448267576,sub-NORB00077
C3-P4,2.2173644781464135,2.6575394951622644,0.8343674598939593,sub-NORB00077
C3-O1,0.806949757906532,1.2664863657990373,0.6371562929518159,sub-NORB00077
C3-O2,0.6586744110258216,1.1459174477436211,0.5748009268231234,sub-NORB00077
C3-F7,3.992161573236509,4.943310101069021,0.8075887394507538,sub-NORB00077
C3-F8,2.6688717068211956,4.053723247350572,0.658375410449027,sub-NORB00077
C3-T3,4.26290227016167,5.4540332713114825,0.7816054758200272,sub-NORB00077
C3-T4,1.95031058783523,4.262073547744584,0.4575966524245695,sub-NORB00077
C3-T5,1.0481080935506433,3.0698911780340943,0.34141538991679626,sub-NORB00077
C3-T6,0.9616069419384601,1.6058025881756361,0.5988326018523539,sub-NORB00077
C3-FZ,3.4883529892618936,5.803417484806176,0.6010859977581637,sub-NORB00077
C3-CZ,3.8931051530931393,5.9090326946585945,0.658839670427322,sub-NORB00077
C3-PZ,3.465583084133006,5.0646852133958,0.6842642608797758,sub-NORB00077
C4-P3,1.58809516507599,2.8609392346897073,0.5550957342329684,sub-NORB00077
C4-P4,3.1180743334389094,3.2544273195560107,0.9581023102597038,sub-NORB00077
C4-O1,0.8643459542641561,0.9358593753588126,0.9235852917889101,sub-NORB00077
C4-O2,1.0319593561458456,1.0402295646255437,0.9920496313881684,sub-NORB00077
C4-F7,4.509845018655939,5.219134368145487,0.8640982777108345,sub-NORB00077
C4-F8,5.288329709452571,6.49092273553543,0.8147269540740176,sub-NORB00077
C4-T3,2.5012953018844675,3.7591089451728097,0.6653957994743567,sub-NORB00077
C4-T4,2.6865833124645957,6.063377071720647,0.4430836612479067,sub-NORB00077
C4-T5,0.9223481521218039,1.8695502956386747,0.49335294924853135,sub-NORB00077
C4-T6,1.28262947802007,1.7928556390724661,0.715411464295942,sub-NORB00077
C4-FZ,4.922011020813909,5.458854679447137,0.9016563564781324,sub-NORB00077
C4-CZ,4.156146919239786,6.181059034899535,0.6724004569076792,sub-NORB00077
C4-PZ,3.4881937209050853,4.1869095381797194,0.8331189602012743,sub-NORB00077
P3-P4,3.7034847824281405,4.283762237511493,0.8645402282129352,sub-NORB00077
P3-O1,2.590099184806911,2.6893737810019123,0.9630863523336585,sub-NORB00077
P3-O2,1.7222936464934553,1.757923701313819,0.9797317398964842,sub-NORB00077
P3-F7,1.4262805626202284,1.4401365509069148,0.9903786982713821,sub-NORB00077
P3-F8,1.277423256881726,1.354646897058109,0.9429935281702636,sub-NORB00077
P3-T3,2.3078014565269376,2.4535823584241063,0.9405844676879722,sub-NORB00077
P3-T4,1.1229408444863165,1.9033850802960668,0.5899703933329381,sub-NORB00077
P3-T5,3.5121423184688374,4.337726820541579,0.8096734681024323,sub-NORB00077
P3-T6,1.9394032916942123,2.6041994964524586,0.7447214755767146,sub-NORB00077
P3-FZ,1.387883615653599,1.72847612560741,0.8029521467447969,sub-NORB00077
P3-CZ,1.1973770713859146,3.2000753908051087,0.37417151946681665,sub-NORB00077
P3-PZ,3.4412983119279383,5.580665693562541,0.616646561699185,sub-NORB00077
P4-O1,1.8897533283418138,2.41602170855518,0.7821756409100797,sub-NORB00077
P4-O2,2.084203885547141,2.479253547530522,0.8406578212313649,sub-NORB00077
P4-F7,1.4828457683649945,1.7863017708032132,0.8301205275625018,sub-NORB00077
P4-F8,1.7046618246283298,1.7627571902103079,0.9670428996661492,sub-NORB00077
P4-T3,1.1527015875993825,1.987421155182688,0.5799986503079282,sub-NORB00077
P4-T4,1.9985558943835222,2.2199112138026313,0.9002864087343677,sub-NORB00077
P4-T5,2.2784863673016877,2.344326161965454,0.9719152583237108,sub-NORB00077
P4-T6,3.2061085763003683,3.561480779137986,0.9002178518218392,sub-NORB00077
P4-FZ,1.268893848261331,1.4596138007944017,0.8693353321068419,sub-NORB00077
P4-CZ,2.0853628564970976,2.299708034308158,0.9067946127885126,sub-NORB00077
P4-PZ,4.7160790693669465,5.573849699680835,0.8461080444341716,sub-NORB00077
O1-O2,4.364204466042828,4.590766445441653,0.9506483324535522,sub-NORB00077
O1-F7,0.5890659472677728,0.7023108096293298,0.8387539237487658,sub-NORB00077
O1-F8,0.8056837557954966,0.9952907945448841,0.8094958380117551,sub-NORB00077
O1-T3,0.8635026077021243,1.0799381795745715,0.7995852207413304,sub-NORB00077
O1-T4,0.7143889273816371,1.004498359702272,0.7111897401140387,sub-NORB00077
O1-T5,2.3171819689325996,2.549860211828133,0.9087486279380336,sub-NORB00077
O1-T6,1.3130586979296885,1.5479770346034156,0.8482417171428438,sub-NORB00077
O1-FZ,0.6658686368139689,0.8314681409707761,0.8008348173587716,sub-NORB00077
O1-CZ,1.0405667759961568,1.502442512500316,0.6925834215543325,sub-NORB00077
O1-PZ,1.8012759562935112,2.905351193907147,0.6199856182863512,sub-NORB00077
O2-F7,0.7735384826215632,0.8391549241738432,0.9218065226550627,sub-NORB00077
O2-F8,0.8119712070901806,0.9512341492251325,0.8535976213129077,sub-NORB00077
O2-T3,0.972913837796294,0.9817929773917792,0.9909561997285076,sub-NORB00077
O2-T4,0.8632187445193559,1.0029995376088734,0.8606372307780404,sub-NORB00077
O2-T5,1.5373489012759496,1.5587277176499077,0.9862844445942163,sub-NORB00077
O2-T6,2.0399286521128124,2.265287976705838,0.9005162580164572,sub-NORB00077
O2-FZ,0.6202606245575014,0.9612836830365937,0.6452420190865651,sub-NORB00077
O2-CZ,0.9503866562507849,1.6054627154212688,0.5919705559785648,sub-NORB00077
O2-PZ,1.7962085874025058,2.439330704943939,0.7363530429728208,sub-NORB00077
F7-F8,4.720349151277209,8.534171688973462,0.5531115758282804,sub-NORB00077
F7-T3,3.1367475281072665,6.056276693080801,0.5179333255514812,sub-NORB00077
F7-T4,2.1315810013228202,4.111537496550685,0.5184389059107644,sub-NORB00077
F7-T5,0.9722690398421495,1.3582246785485625,0.7158381490175424,sub-NORB00077
F7-T6,1.0665428760438231,1.2313540402173704,0.8661545268130576,sub-NORB00077
F7-FZ,5.532015959003441,7.247259582391638,0.7633252122560019,sub-NORB00077
F7-CZ,3.096652676286404,3.3372343933219675,0.9279098532854079,sub-NORB00077
F7-PZ,2.1467435438042433,2.4859243849056947,0.8635594698049038,sub-NORB00077
F8-T3,1.6382472410688624,4.461879106114955,0.36716531356119964,sub-NORB00077
F8-T4,2.9880355246284305,5.770217838064288,0.517837559774141,sub-NORB00077
F8-T5,0.6001290412809309,1.3047115466170929,0.4599706677211288,sub-NORB00077
F8-T6,0.9421303699590731,1.2759420146946088,0.7383802391557487,sub-NORB00077
F8-FZ,5.666366788483427,7.965525674973387,0.7113613111921027,sub-NORB00077
F8-CZ,2.7568407932631245,3.4771870017467337,0.792836506025776,sub-NORB00077
F8-PZ,1.9724917754029359,2.271016513163521,0.8685501686006057,sub-NORB00077
T3-T4,1.996320791380984,3.2641531118657516,0.6115892003117189,sub-NORB00077
T3-T5,1.9713179314300266,2.6214705873613804,0.7519893379441805,sub-NORB00077
T3-T6,1.2380802134270552,1.558444583621782,0.7944332614957609,sub-NORB00077
T3-FZ,2.3069105406118977,4.438986574365908,0.5196930655149439,sub-NORB00077
T3-CZ,2.032770282271122,3.1732565313046703,0.6405943743335991,sub-NORB00077
T3-PZ,2.2747596888842603,2.4961351172984036,0.9113127222641134,sub-NORB00077
T4-T5,0.8933062866722341,1.4459068222581206,0.6178173260688598,sub-NORB00077
T4-T6,1.5254880425157789,1.944867150541156,0.7843661928740553,sub-NORB00077
T4-FZ,1.9060066239701272,4.239202786527057,0.4496144015633685,sub-NORB00077
T4-CZ,1.759301607589384,3.286842887221237,0.5352557660815765,sub-NORB00077
T4-PZ,1.8702918275864548,2.0590982181609894,0.9083062726637876,sub-NORB00077
T5-T6,2.114435686154592,2.3247811782525347,0.9095203049363757,sub-NORB00077
T5-FZ,0.7751096318925199,1.1264547676543417,0.6880965433761351,sub-NORB00077
T5-CZ,1.233368312415773,2.17147675116074,0.5679859624361573,sub-NORB00077
T5-PZ,1.802555274162572,3.1456254161652497,0.5730355766135754,sub-NORB00077
T6-FZ,0.916935584846535,1.0999470340779813,0.8336179438086728,sub-NORB00077
T6-CZ,1.2909394003033392,1.411871560096847,0.9143462031452687,sub-NORB00077
T6-PZ,1.764255898865634,2.270745608994487,0.7769500431388557,sub-NORB00077
FZ-CZ,3.161776762741646,4.81794911746877,0.6562495131544196,sub-NORB00077
FZ-PZ,2.1929314784829628,2.2923799488006216,0.9566178065858191,sub-NORB00077
CZ-PZ,2.7558791970130305,4.812494852539734,0.5726508352645093,sub-NORB00077
Fp1-Fp2,7.91760614891267,8.212371067624069,0.9641072089553452,sub-NORB00078
Fp1-F3,6.634620769106053,6.733391165629051,0.9853312552184437,sub-NORB00078
Fp1-F4,5.264997300116819,6.250930006294476,0.8422742367639925,sub-NORB00078
Fp1-C3,3.4704656215278176,4.198190340211307,0.8266575215246527,sub-NORB00078
Fp1-C4,3.2382523603996325,3.41703829617188,0.9476781000749853,sub-NORB00078
Fp1-P3,2.1481474546639237,2.1772635473910626,0.9866272079179262,sub-NORB00078
Fp1-P4,2.0110303349470633,2.265857980708475,0.8875359144610936,sub-NORB00078
Fp1-O1,0.8918329689918167,0.9647510087738382,0.92441776259483,sub-NORB00078
Fp1-O2,0.771151081969289,1.0662915306836225,0.7232084845266354,sub-NORB00078
Fp1-F7,5.067576873124039,5.667332842891325,0.8941731522757527,sub-NORB00078
Fp1-F8,5.171729165996068,6.642079561915009,0.7786310172570384,sub-NORB00078
Fp1-T3,1.0034183722768673,2.6744540239026664,0.3751862485983739,sub-NORB00078
Fp1-T4,0.7979515245471699,4.687702911289777,0.17022229003152017,sub-NORB00078
Fp1-T5,0.531678758700804,0.6575841512703879,0.8085334138203498,sub-NORB00078
Fp1-T6,0.8945960740602029,1.650252303630595,0.542096546141502,sub-NORB00078
Fp1-FZ,5.498210178014743,6.558141720244163,0.8383792867791277,sub-NORB00078
Fp1-CZ,3.108152816673046,4.647017696166359,0.6688489306242954,sub-NORB00078
Fp1-PZ,2.651941774396512,2.858355759202174,0.9277857613975679,sub-NORB00078
Fp2-F3,6.305234460775671,7.782286794195384,0.8102033023864644,sub-NORB00078
Fp2-F4,5.73920036902401,7.720430194863558,0.7433783123694752,sub-NORB00078
Fp2-C3,3.4924501478266747,4.440601314269747,0.7864813570639149,sub-NORB00078
Fp2-C4,3.790255788001088,4.854512266896011,0.7807696385582704,sub-NORB00078
Fp2-P3,2.198135919889045,2.263120084367571,0.9712855871292903,sub-NORB00078
Fp2-P4,2.3990764325943106,2.6513131012749422,0.9048634925240108,sub-NORB00078
Fp2-O1,0.7439227376260356,0.8554890351451292,0.869587694364584,sub-NORB00078
Fp2-O2,0.4681513568862742,0.8223833922180775,0.5692616866004646,sub-NORB00078
Fp2-F7,3.6754810054938445,3.981276968146094,0.9231914872793576,sub-NORB00078
Fp2-F8,6.2943012126337905,6.769866998842479,0.9297525658495208,sub-NORB00078
Fp2-T3,0.9230668032961693,2.3567501509704867,0.3916693515076511,sub-NORB00078
Fp2-T4,0.7420710879564477,4.804754851179728,0.15444515088511634,sub-NORB00078
Fp2-T5,0.5896728341791402,0.793654050469687,0.7429847221596991,sub-NORB00078
Fp2-T6,0.7312230386421417,1.6316463341038527,0.44815044986066205,sub-NORB00078
Fp2-FZ,5.579256829097089,7.59853548152698,0.7342542313135185,sub-NORB00078
Fp2-CZ,3.2738089216590636,5.012432626774623,0.6531377407791074,sub-NORB00078
Fp2-PZ,2.689197889366737,2.8321313638648014,0.9495314813706193,sub-NORB00078
F3-F4,9.11426018955719,10.22183671123408,0.8916460365230024,sub-NORB00078
F3-C3,5.7703470166026225,5.978074047848783,0.9652518470692226,sub-NORB00078
F3-C4,4.729568559722899,6.237277222399232,0.7582745469029549,sub-NORB00078
F3-P3,2.757451983372856,2.960026302860719,0.9315633380378799,sub-NORB00078
F3-P4,3.254204056457147,3.7560833153884645,0.8663822879340439,sub-NORB00078
F3-O1,1.0942819129072228,1.1399423499042023,0.9599449594965774,sub-NORB00078
F3-O2,0.7872594318580471,0.8528807397512065,0.9230592217238934,sub-NORB00078
F3-F7,3.6739024790552497,4.9880210326743,0.7365451057622159,sub-NORB00078
F3-F8,4.2519584094164316,8.066181007681282,0.5271340186102155,sub-NORB00078
F3-T3,0.9161008700395481,2.1525184703812306,0.42559489390922545,sub-NORB00078
F3-T4,0.6957114549201227,5.113990831780723,0.13604080996716839,sub-NORB00078
F3-T5,0.5905382608690811,0.6038021670946543,0.9780326952296382,sub-NORB00078
F3-T6,0.9720479980434303,1.8934285829579256,0.5133798057093292,sub-NORB00078
F3-FZ,10.70366631004481,14.278502774822138,0.7496350618020692,sub-NORB00078
F3-CZ,5.521236678068888,6.51898157972404,0.846947734173934,sub-NORB00078
F3-PZ,3.7372996795066973,4.175675898185684,0.895016704033601,sub-NORB00078
F4-C3,5.487573949157909,5.635152814861496,0.9738110268608191,sub-NORB00078
F4-C4,5.258734892894836,6.632918654878455,0.7928236673047515,sub-NORB00078
F4-P3,2.7012340186513333,3.2956459151343855,0.8196372086717896,sub-NORB00078
F4-P4,3.139013932430773,4.843730542511113,0.6480570925407895,sub-NORB00078
F4-O1,0.9013465801317018,1.067448561427808,0.8443934562299378,sub-NORB00078
F4-O2,0.6941815121559719,0.8205607800616639,0.8459842695672163,sub-NORB00078
F4-F7,3.2517009997499926,4.214121222008161,0.7716201856671924,sub-NORB00078
F4-F8,5.375098785274775,8.7948088226905,0.6111672116632126,sub-NORB00078
F4-T3,0.8696181109953989,2.1540305873879113,0.4037166956157028,sub-NORB00078
F4-T4,0.9103775061990674,5.6292138584242455,0.16172373782471722,sub-NORB00078
F4-T5,0.5394234576480794,0.5687902631840542,0.9483697112331333,sub-NORB00078
F4-T6,1.0802008197814597,1.8160190815119663,0.5948179899531204,sub-NORB00078
F4-FZ,9.26507319059402,10.425809918577851,0.8886669969001157,sub-NORB00078
F4-CZ,5.639547795130263,6.378461644848089,0.8841548494197422,sub-NORB00078
F4-PZ,4.185806411229808,4.244627963507044,0.9861421182768074,sub-NORB00078
C3-C4,6.053570692460074,7.545042705703475,0.8023242450150796,sub-NORB00078
C3-P3,5.287355368490536,6.562760935840345,0.8056602122462508,sub-NORB00078
C3-P4,5.399930697883585,6.714300146400956,0.8042432688651984,sub-NORB00078
C3-O1,1.3346550015954302,1.4152862132172102,0.9430283352803316,sub-NORB00078
C3-O2,1.032916144705721,1.5724525478166267,0.6568822354225824,sub-NORB00078
C3-F7,3.405755385274228,3.700560366774018,0.9203350432689231,sub-NORB00078
C3-F8,3.08873143484168,4.119628661508793,0.749759672200758,sub-NORB00078
C3-T3,1.413553557347063,3.4884363291389584,0.4052112247368914,sub-NORB00078
C3-T4,0.8203826536347727,3.5260095163984304,0.23266603502327912,sub-NORB00078
C3-T5,0.9947982859593323,1.210447678230914,0.821843276541489,sub-NORB00078
C3-T6,1.3186980607028933,1.9354692368968855,0.6813324828748744,sub-NORB00078
C3-FZ,6.124509986060547,6.745830521239031,0.9078956203802813,sub-NORB00078
C3-CZ,8.441247286375232,9.41314751614449,0.8967507703345399,sub-NORB00078
C3-PZ,6.344008269446578,8.30559337764031,0.7638236042864122,sub-NORB00078
C4-P3,3.9339714848725587,5.3714059555735485,0.7323913920135825,sub-NORB00078
C4-P4,5.2936443309688075,6.366951250225036,0.8314252964920545,sub-NORB00078
C4-O1,1.361754302670834,1.5224219716203924,0.8944657447510749,sub-NORB00078
C4-O2,0.9351575496207845,1.66023352023046,0.5632686837276805,sub-NORB00078
C4-F7,2.2654643417634053,2.826875357507009,0.8014022746872341,sub-NORB00078
C4-F8,4.0574496521392724,4.2526323295060555,0.9541030913929365,sub-NORB00078
C4-T3,0.9416717590091601,2.0766267471543953,0.45346221235931505,sub-NORB00078
C4-T4,1.6322018979139503,3.198310903641191,0.5103324683212418,sub-NORB00078
C4-T5,0.6203651254129647,0.9799902198529683,0.6330319556720071,sub-NORB00078
C4-T6,1.5163964586003733,1.8036406802313987,0.8407419921388259,sub-NORB00078
C4-FZ,4.544550387630263,7.680855677126897,0.5916724097763804,sub-NORB00078
C4-CZ,6.33022594544061,7.183293448256487,0.8812428436954735,sub-NORB00078
C4-PZ,5.17484725918719,7.752937627118624,0.6674692236767574,sub-NORB00078
P3-P4,4.9812991750022135,7.264247641333656,0.6857281608433283,sub-NORB00078
P3-O1,2.6085206445335754,2.9040357377414634,0.8982398565667388,sub-NORB00078
P3-O2,1.4606351871946213,3.042068452056054,0.4801454044229072,sub-NORB00078
P3-F7,1.9188777963216368,2.111823954205767,0.9086353019626131,sub-NORB00078
P3-F8,1.8230167076196548,2.8585043171168576,0.6377519518523536,sub-NORB00078
P3-T3,1.2723651784693977,3.1681455707561197,0.40161196828014784,sub-NORB00078
P3-T4,0.8894895669556085,2.3739736825960334,0.3746838364201733,sub-NORB00078
P3-T5,1.9593083353717042,2.221514289381109,0.8819697198155532,sub-NORB00078
P3-T6,1.6820486132190542,2.3019743282049503,0.7306982500237932,sub-NORB00078
P3-FZ,2.78537423144086,3.4142222329300416,0.8158151524455652,sub-NORB00078
P3-CZ,4.691426441471385,5.638644960767827,0.8320130943006815,sub-NORB00078
P3-PZ,7.793666163712032,8.393164139302703,0.9285730666479642,sub-NORB00078
P4-O1,1.9265829861770858,2.3132005035993997,0.832864675232118,sub-NORB00078
P4-O2,1.52030146731821,2.900822340764678,0.5240932703646537,sub-NORB00078
P4-F7,1.8197564005567108,1.9278420340176372,0.9439343931952375,sub-NORB00078
P4-F8,2.243678515301997,3.6264292918036283,0.6187018509841368,sub-NORB00078
P4-T3,1.110146303785469,2.0602474789153735,0.5388412388058887,sub-NORB00078
P4-T4,1.2827265287373293,4.084777135567279,0.3140260744137731,sub-NORB00078
P4-T5,1.1960855345862005,1.4724375877979414,0.8123166268629214,sub-NORB00078
P4-T6,2.531088255029459,3.608839081145746,0.7013580262564328,sub-NORB00078
P4-FZ,3.0944021634338355,4.5639352495412115,0.6780118459710618,sub-NORB00078
P4-CZ,5.193939762872104,6.8437196370911,0.7589352045811991,sub-NORB00078
P4-PZ,7.356048708449386,7.747335824795684,0.9494939776466167,sub-NORB00078
O1-O2,3.4135580129688305,4.604764218046262,0.7413100543977811,sub-NORB00078
O1-F7,0.7388404205802026,1.0739282497886407,0.6879793140050218,sub-NORB00078
O1-F8,0.5261133663086216,0.9796079607749626,0.5370652213691854,sub-NORB00078
O1-T3,0.5918021738399708,1.034315416118456,0.5721679911345284,sub-NORB00078
O1-T4,0.6868490806534971,1.0786333195872446,0.636777177360264,sub-NORB00078
O1-T5,2.8754744791868925,3.4084347761701053,0.8436348846369668,sub-NORB00078
O1-T6,1.4883947602157444,2.380464535599416,0.6252539107208154,sub-NORB00078
O1-FZ,0.8413034571722718,1.1155743992749965,0.7541437466824523,sub-NORB00078
O1-CZ,1.2622388845112649,1.5777068775101635,0.8000465121273034,sub-NORB00078
O1-PZ,2.2745908955337297,2.468587784546416,0.9214138179621869,sub-NORB00078
O2-F7,0.6405798510698303,1.3690392516822407,0.467904664006311,sub-NORB00078
O2-F8,0.3945684259504079,0.9292286231965043,0.42461931983230394,sub-NORB00078
O2-T3,0.43732225825642335,0.8116612002593715,0.5387990187490473,sub-NORB00078
O2-T4,0.8067251805374637,1.3964420525303907,0.5777004345261988,sub-NORB00078
O2-T5,1.5622159515203582,2.7975755894829044,0.5584177805215671,sub-NORB00078
O2-T6,2.518475244987558,3.0431217648608095,0.8275959490246527,sub-NORB00078
O2-FZ,0.7427868988810354,0.848913455652385,0.8749854227604487,sub-NORB00078
O2-CZ,0.9406943838230506,1.461684597355142,0.6435686505318577,sub-NORB00078
O2-PZ,1.4422169322404303,2.3763035475534404,0.6069161213538089,sub-NORB00078
F7-F8,3.7504784859517413,4.985436934999393,0.7522868175549787,sub-NORB00078
F7-T3,1.9843380574323006,3.827863714702331,0.5183930790980656,sub-NORB00078
F7-T4,0.7476441413538117,4.3414496624098735,0.17221071289326104,sub-NORB00078
F7-T5,0.46207081278407564,0.6765538634033736,0.6829771253683325,sub-NORB00078
F7-T6,1.0525523646936006,1.6199456996241701,0.6497454605656192,sub-NORB00078
F7-FZ,3.594055568902686,4.106418484757926,0.8752287625440485,sub-NORB00078
F7-CZ,2.719867143532632,3.0481165912840185,0.8923107309313547,sub-NORB00078
F7-PZ,1.9201567125696308,2.219556591265257,0.8651082473527051,sub-NORB00078
F8-T3,0.781729317423048,1.913335340422036,0.40856890107440197,sub-NORB00078
F8-T4,1.1110704530182893,6.861254367618531,0.16193401286242215,sub-NORB00078
F8-T5,0.4728834133022513,0.7561966913126767,0.6253444622739306,sub-NORB00078
F8-T6,0.7546717825206197,2.0493270602568385,0.36825346093172556,sub-NORB00078
F8-FZ,4.1971720456293,6.774171689221911,0.6195845393625374,sub-NORB00078
F8-CZ,3.6275697645340337,4.090810721094261,0.8867605987802061,sub-NORB00078
F8-PZ,2.3635857337443693,3.316576746445409,0.7126582360192865,sub-NORB00078
T3-T4,1.093363062608257,1.3863859734610922,0.7886426172350058,sub-NORB00078
T3-T5,1.396682252952461,1.494913653357134,0.9342895824223195,sub-NORB00078
T3-T6,0.8629305117808184,1.4439980059639717,0.5975981325574966,sub-NORB00078
T3-FZ,0.880987904106774,2.1514535071319663,0.4094849836105409,sub-NORB00078
T3-CZ,1.150390764596403,2.147929569931199,0.5355812316663864,sub-NORB00078
T3-PZ,1.0481555071618684,2.3201432435673377,0.45176327369782404,sub-NORB00078
T4-T5,0.5272599270164169,0.6270666307347342,0.8408355686199188,sub-NORB00078
T4-T6,1.535232028874923,3.747641742938407,0.4096528254782423,sub-NORB00078
T4-FZ,0.7016723591145289,4.84620811858918,0.14478791292991325,sub-NORB00078
T4-CZ,0.8217495740015934,3.810327200758897,0.2156637817975125,sub-NORB00078
T4-PZ,0.8076414923316998,3.271882224283845,0.24684308204537456,sub-NORB00078
T5-T6,1.1689417518743395,1.816872018592894,0.6433814489474308,sub-NORB00078
T5-FZ,0.5557533543972439,0.6121116867924343,0.9079280242295041,sub-NORB00078
T5-CZ,0.7982546489530805,0.8016583902068868,0.995754125079477,sub-NORB00078
T5-PZ,1.3227754751081457,1.3794544676673537,0.9589120236385535,sub-NORB00078
T6-FZ,0.979715876883418,1.4903447451666567,0.6573753355126313,sub-NORB00078
T6-CZ,1.3443358055225356,2.27083212794063,0.5920014029137792,sub-NORB00078
T6-PZ,1.9895265675989162,2.171315808752902,0.9162769227667548,sub-NORB00078
FZ-CZ,6.423520108488248,7.739748639818076,0.8299391113868567,sub-NORB00078
FZ-PZ,3.9064353284996223,5.041397748660427,0.774871478755593,sub-NORB00078
CZ-PZ,6.365152131672859,7.846143203041994,0.8112459799618561,sub-NORB00078
Fp1-Fp2,8.538493825920966,17.973204828361816,0.4750679640865816,sub-NORB00079
Fp1-F3,8.563027717844813,16.93939213180149,0.5055097403270363,sub-NORB00079
Fp1-F4,6.884268359352943,13.253159112056968,0.51944357576527,sub-NORB00079
Fp1-C3,3.7576064849228734,8.66248135415922,0.43377946009877283,sub-NORB00079
Fp1-C4,3.613533905953466,8.076001349849316,0.44744097349870904,sub-NORB00079
Fp1-P3,2.837257202422627,4.76117323312369,0.5959155576788732,sub-NORB00079
Fp1-P4,2.5436842189598154,4.722016369328399,0.5386860230900888,sub-NORB00079
Fp1-O1,1.3290208239502588,8.555493125999178,0.15534122982479112,sub-NORB00079
Fp1-O2,1.5697487281486442,7.604676395332471,0.20641887261792102,sub-NORB00079
Fp1-F7,6.712522322396457,15.82455843201266,0.42418386277478703,sub-NORB00079
Fp1-F8,7.140068731631844,13.192004204180009,0.5412421510121599,sub-NORB00079
Fp1-T3,0.6397459351133091,14.041419652247985,0.0455613428668438,sub-NORB00079
Fp1-T4,1.056778270168768,6.8376408385425265,0.15455305347597417,sub-NORB00079
Fp1-T5,0.7494314160509157,8.519491838289762,0.08796668044010471,sub-NORB00079
Fp1-T6,1.0792383655588451,4.637344552944908,0.23272766412698048,sub-NORB00079
Fp1-FZ,8.526275449692632,17.853341726601393,0.4775730829701491,sub-NORB00079
Fp1-CZ,4.792331586525164,7.647417307093313,0.6266601381985611,sub-NORB00079
Fp1-PZ,3.444860484200032,5.10560896197919,0.6747207845045444,sub-NORB00079
Fp2-F3,9.24028760788794,18.96240752579275,0.4872950650026512,sub-NORB00079
Fp2-F4,10.581996765463215,13.633867349738324,0.7761551798922495,sub-NORB00079
Fp2-C3,3.416022328768839,8.958539511544222,0.3813146466973616,sub-NORB00079
Fp2-C4,4.547728531623484,8.338889079209986,0.5453638354492094,sub-NORB00079
Fp2-P3,3.1339705741683384,4.896077832500279,0.6400981931628963,sub-NORB00079
Fp2-P4,3.1128382555559684,4.985752496844478,0.6243467275052478,sub-NORB00079
Fp2-O1,1.5813256471920158,8.354813806416185,0.18927120146921966,sub-NORB00079
Fp2-O2,2.095821828645533,7.486497510136341,0.2799469078574989,sub-NORB00079
Fp2-F7,5.02063147575394,13.457195432864427,0.3730815607754962,sub-NORB00079
Fp2-F8,10.591934730410696,13.454598189470033,0.7872353065660673,sub-NORB00079
Fp2-T3,0.49461236512948037,12.377581913163514,0.039960338667075344,sub-NORB00079
Fp2-T4,1.3948803920104336,6.986898543384202,0.199642285249902,sub-NORB00079
Fp2-T5,0.8160678688201782,8.342424372627574,0.09782142844444452,sub-NORB00079
Fp2-T6,1.2794600097804185,4.8664291815299645,0.26291557157278245,sub-NORB00079
Fp2-FZ,8.906636813971785,18.841208536571866,0.47272109942860047,sub-NORB00079
Fp2-CZ,4.800910210805971,7.866920087199054,0.6102655369053446,sub-NORB00079
Fp2-PZ,3.5562615807905327,5.21873650676674,0.6814411067083762,sub-NORB00079
F3-F4,9.086873820468098,13.24660203828833,0.6859777167158156,sub-NORB00079
F3-C3,4.954650928299587,9.038209656202442,0.5481894221052368,sub-NORB00079
F3-C4,5.498059304959183,8.422327923025545,0.6527956825248049,sub-NORB00079
F3-P3,3.065410332556087,4.840822150352915,0.633241676175318,sub-NORB00079
F3-P4,3.8424618702382816,5.0569600653464795,0.759836308886298,sub-NORB00079
F3-O1,1.5715764133794115,8.37554416721971,0.18763872316861074,sub-NORB00079
F3-O2,1.9048106267323779,7.461269975949901,0.25529308453818206,sub-NORB00079
F3-F7,4.971502679464757,12.526672845262267,0.39687335503018567,sub-NORB00079
F3-F8,7.758285921309733,13.182121860176641,0.5885460628874638,sub-NORB00079
F3-T3,0.5109322122478948,11.321970003514306,0.045127500963993275,sub-NORB00079
F3-T4,1.0659215529015225,6.88774694368189,0.15475620135540682,sub-NORB00079
F3-T5,0.9312830872231123,7.990422621135683,0.11654991624094452,sub-NORB00079
F3-T6,1.1962964637492504,4.918877419381018,0.24320517909954137,sub-NORB00079
F3-FZ,14.48711251106513,19.28910060756603,0.7510517367192667,sub-NORB00079
F3-CZ,5.751833221757706,7.995063806007403,0.7194230541894915,sub-NORB00079
F3-PZ,4.353269106993626,5.196743439572824,0.8376917501533359,sub-NORB00079
F4-C3,4.572869793639151,8.248486346756106,0.5543889631868676,sub-NORB00079
F4-C4,5.832349646117716,8.513080225742,0.6851045087630862,sub-NORB00079
F4-P3,3.421094820198714,4.755414857802586,0.7194103821637038,sub-NORB00079
F4-P4,4.125195927812353,4.678494681660502,0.8817357309356242,sub-NORB00079
F4-O1,1.6725482095958755,7.154010012352114,0.23379170656849146,sub-NORB00079
F4-O2,2.2338168940926617,6.959911228209752,0.32095479681387407,sub-NORB00079
F4-F7,4.250717571117298,11.799116929125338,0.3602572630350568,sub-NORB00079
F4-F8,10.411370162168408,18.351532729820065,0.5673297329138399,sub-NORB00079
F4-T3,0.6341075391924494,11.42050347404466,0.055523606348317614,sub-NORB00079
F4-T4,1.0822913452799519,8.389018027289913,0.12901287632941086,sub-NORB00079
F4-T5,0.8322576985358318,6.8920163645678585,0.12075677922276898,sub-NORB00079
F4-T6,1.266271208705358,5.3592605265856,0.236277225640326,sub-NORB00079
F4-FZ,9.126506365443907,13.223758574349787,0.6901597843102378,sub-NORB00079
F4-CZ,7.002893873544068,7.040586421651197,0.9946463908189214,sub-NORB00079
F4-PZ,4.974282613734041,5.3809380657161485,0.9244266618541751,sub-NORB00079
C3-C4,6.827669075452415,9.207206336693897,0.7415570831992541,sub-NORB00079
C3-P3,4.925518725363823,7.445141543690916,0.6615748937020216,sub-NORB00079
C3-P4,5.623669828054013,6.301056707797004,0.8924963048015765,sub-NORB00079
C3-O1,2.7550143298255207,8.899360017265197,0.30957443282220937,sub-NORB00079
C3-O2,3.03375759760143,8.141546630141363,0.3726266931113498,sub-NORB00079
C3-F7,2.5778968888580898,8.430314096044173,0.30578894920033145,sub-NORB00079
C3-F8,3.7748607292176395,8.331711616643984,0.45307145793149217,sub-NORB00079
C3-T3,1.5166586901315118,8.432592107971885,0.17985675942960816,sub-NORB00079
C3-T4,1.5592568166951497,7.160320365423504,0.21776355485777568,sub-NORB00079
C3-T5,1.5548629229263187,8.517693126414306,0.18254507410046475,sub-NORB00079
C3-T6,1.7727596881785097,5.855536456684243,0.30274932131194565,sub-NORB00079
C3-FZ,4.970260358529191,8.93122032541967,0.5565040585084483,sub-NORB00079
C3-CZ,6.652012303956186,9.49252925761211,0.7007628971616707,sub-NORB00079
C3-PZ,6.133925833897254,7.491562974128433,0.8187778511747575,sub-NORB00079
C4-P3,4.675355736900608,6.850596134706663,0.6824742905532268,sub-NORB00079
C4-P4,6.651848694712659,8.250229667916,0.8062622451082515,sub-NORB00079
C4-O1,2.3085697320650387,8.475661597915991,0.2723763455389339,sub-NORB00079
C4-O2,3.4261092800467865,8.661456357912698,0.39555810691314686,sub-NORB00079
C4-F7,2.192072859486859,7.323147515681887,0.29933479488057896,sub-NORB00079
C4-F8,5.2567113227022215,8.332964038892962,0.6308333143125597,sub-NORB00079
C4-T3,0.7416946497811467,7.036158282838279,0.10541187676095859,sub-NORB00079
C4-T4,2.3424153980487334,9.150381826534517,0.25599100042537415,sub-NORB00079
C4-T5,1.1927934725408706,7.4935968137080975,0.15917502665193886,sub-NORB00079
C4-T6,2.6120753011695745,7.6615753315340855,0.34093188256187984,sub-NORB00079
C4-FZ,5.470767830437694,8.32982222553655,0.6567688580034858,sub-NORB00079
C4-CZ,7.323070380545119,9.032140752012497,0.8107790369534962,sub-NORB00079
C4-PZ,6.978336717521382,7.35836275761328,0.9483545385556446,sub-NORB00079
P3-P4,6.152142398096397,8.206810280727426,0.7496386766176213,sub-NORB00079
P3-O1,3.8459960391491106,8.728180315364927,0.440641221902656,sub-NORB00079
P3-O2,4.837939584201675,8.500226850957791,0.5691541730626335,sub-NORB00079
P3-F7,2.2598768147931905,5.036380726544346,0.4487104803023457,sub-NORB00079
P3-F8,2.597169801184772,5.215774520864878,0.4979451835571508,sub-NORB00079
P3-T3,0.9980740988681708,5.819758627662294,0.171497507495269,sub-NORB00079
P3-T4,1.5560791737666828,5.674803629772857,0.2742084616994875,sub-NORB00079
P3-T5,3.310792756909631,7.4806695825205765,0.4425797343924493,sub-NORB00079
P3-T6,3.5292933299437976,6.56054208165776,0.5379575782024392,sub-NORB00079
P3-FZ,3.09339574209402,4.758442891230912,0.6500857134998256,sub-NORB00079
P3-CZ,4.181504524875689,7.17890512329018,0.5824710666964845,sub-NORB00079
P3-PZ,7.367630559690823,16.19267128110298,0.45499784635836615,sub-NORB00079
P4-O1,3.4058539053148054,9.542182904890215,0.35692607648186664,sub-NORB00079
P4-O2,5.76363778676254,11.411768026146746,0.5050608962219387,sub-NORB00079
P4-F7,1.9474730889654401,4.507082389952073,0.4320917437202982,sub-NORB00079
P4-F8,3.1976424658113713,4.881003764902031,0.655119852355933,sub-NORB00079
P4-T3,0.5360521421335784,4.720319734503316,0.11356267631942166,sub-NORB00079
P4-T4,2.0393081229907395,9.093239872811754,0.22426639476300955,sub-NORB00079
P4-T5,1.725442364416649,7.921256875210915,0.21782431646880618,sub-NORB00079
P4-T6,4.430352288001883,13.443372819629607,0.329556603647324,sub-NORB00079
P4-FZ,3.974653841541937,5.005480508042646,0.7940603974294956,sub-NORB00079
P4-CZ,5.213032277502749,5.829681712082696,0.8942224524364908,sub-NORB00079
P4-PZ,8.226832520631696,10.50426493745431,0.7831897395597729,sub-NORB00079
O1-O2,5.831329504445699,15.585798957644815,0.3741437651218668,sub-NORB00079
O1-F7,1.5345211567090968,9.010569364260032,0.17030235212390654,sub-NORB00079
O1-F8,2.0350997210972297,7.40130918119722,0.2749648300421408,sub-NORB00079
O1-T3,0.8032022028695787,10.299082561594513,0.07798774289515223,sub-NORB00079
O1-T4,2.0583317358924633,8.077446246787282,0.25482456620632327,sub-NORB00079
O1-T5,2.2685016019380786,13.623120078767773,0.16651850595324616,sub-NORB00079
O1-T6,4.541766278177355,8.686402649667174,0.5228592849482261,sub-NORB00079
O1-FZ,1.6186024170743127,8.285940395847755,0.19534323682625399,sub-NORB00079
O1-CZ,1.815954480031997,7.3452223960197305,0.24722933930714427,sub-NORB00079
O1-PZ,3.055830269461078,8.695864296434205,0.3514119086143215,sub-NORB00079
O2-F7,1.5989557602491646,7.467052442520893,0.21413479717163386,sub-NORB00079
O2-F8,2.6018846805964597,7.124623332595202,0.36519610358807586,sub-NORB00079
O2-T3,0.7303456511774779,8.153752877716887,0.08957171772686594,sub-NORB00079
O2-T4,2.2782662831233678,9.056732216304379,0.25155500115393936,sub-NORB00079
O2-T5,2.410003261171096,11.246654387832576,0.21428623820595105,sub-NORB00079
O2-T6,7.314695824801065,10.886646317124429,0.6718961571567937,sub-NORB00079
O2-FZ,1.9275865785529156,7.427479438442089,0.2595209578873269,sub-NORB00079
O2-CZ,2.316126541622922,7.0671294784651195,0.3277322919695469,sub-NORB00079
O2-PZ,4.756209153443401,8.712339883978444,0.5459163917823995,sub-NORB00079
F7-F8,3.972467155726961,11.60918442319121,0.3421831380153907,sub-NORB00079
F7-T3,0.9951835946583991,18.269542055609215,0.054472279142478694,sub-NORB00079
F7-T4,0.859729687672916,6.205941294986458,0.13853332585782896,sub-NORB00079
F7-T5,1.0531794318267893,9.171415866710209,0.11483280740213182,sub-NORB00079
F7-T6,1.4558789057626451,4.175428588624083,0.3486777165173352,sub-NORB00079
F7-FZ,4.792725001056162,13.323833415643694,0.3597106667086485,sub-NORB00079
F7-CZ,2.7592343950739653,7.286419987277014,0.3786817668885307,sub-NORB00079
F7-PZ,2.193583570695314,5.1997017064525135,0.4218671944148662,sub-NORB00079
F8-T3,0.5808555249891755,10.707838796249467,0.05424582271378854,sub-NORB00079
F8-T4,1.6765496570728,8.735900418277357,0.19191492311028438,sub-NORB00079
F8-T5,1.0085894431694442,6.950565625675225,0.1451089734976012,sub-NORB00079
F8-T6,1.5353298229647063,5.602785025462722,0.2740297576985665,sub-NORB00079
F8-FZ,7.675025644491707,13.324155196371489,0.5760234349853426,sub-NORB00079
F8-CZ,5.514898941933652,7.0880410344447995,0.7780568587475212,sub-NORB00079
F8-PZ,3.2905052540850286,5.442249039913549,0.6046223224906478,sub-NORB00079
T3-T4,0.9629500327864507,6.324290228256293,0.1522621508551405,sub-NORB00079
T3-T5,1.569069484990658,10.234713466810323,0.15330858944697578,sub-NORB00079
T3-T6,0.7373252115853465,4.423895729478557,0.1666687590921712,sub-NORB00079
T3-FZ,0.5301484846458909,12.111573576708793,0.04377205664385303,sub-NORB00079
T3-CZ,0.8944639872406899,7.388237555943097,0.12106594847118624,sub-NORB00079
T3-PZ,0.5668082768572605,6.170087202154273,0.09186390050684544,sub-NORB00079
T4-T5,1.2603551831318913,6.579889059400282,0.19154657042907122,sub-NORB00079
T4-T6,3.495144989683228,10.838887094286886,0.32246345582153896,sub-NORB00079
T4-FZ,1.1055537730146825,6.868940031369403,0.1609496906314201,sub-NORB00079
T4-CZ,1.5403782204108085,6.120792420473011,0.2516632021792644,sub-NORB00079
T4-PZ,1.704793578787944,5.996861390398276,0.28428097096216554,sub-NORB00079
T5-T6,2.2503542704210573,8.047190766266686,0.2796447028265317,sub-NORB00079
T5-FZ,1.0206190220435043,8.074549521475415,0.12639949997569802,sub-NORB00079
T5-CZ,1.0693627252099493,6.730434305780863,0.15888465389097683,sub-NORB00079
T5-PZ,1.5775763117898136,7.423593807609104,0.2125084363011369,sub-NORB00079
T6-FZ,1.1963415663342067,4.83236774908888,0.24756840299659957,sub-NORB00079
T6-CZ,1.5152290972299245,5.4328782544596885,0.27889988073745586,sub-NORB00079
T6-PZ,3.43040696853384,6.7217652599658635,0.5103431666923848,sub-NORB00079
FZ-CZ,5.9555041612100394,8.144929902743595,0.7311915795867004,sub-NORB00079
FZ-PZ,4.571607242193791,5.08744373869478,0.8986059555651557,sub-NORB00079
CZ-PZ,6.912791131570351,7.835947767258817,0.8821895368489158,sub-NORB00079
Fp1-Fp2,10.789424222177395,12.038870919083648,0.8962156247621471,sub-NORB00080
Fp1-F3,10.36536633851453,12.426293382883063,0.8341478845809794,sub-NORB00080
Fp1-F4,9.15313563133017,10.248468224064526,0.8931223116677675,sub-NORB00080
Fp1-C3,5.235903080738526,6.480498049667896,0.8079476362170726,sub-NORB00080
Fp1-C4,2.3921667369359296,7.037943601334175,0.3398956957373812,sub-NORB00080
Fp1-P3,1.5589007906171688,3.2059954936967543,0.48624547154919384,sub-NORB00080
Fp1-P4,0.9758872510230615,4.342722790071865,0.22471783215223648,sub-NORB00080
Fp1-O1,0.5838640148808951,1.0799240517506639,0.5406528486280064,sub-NORB00080
Fp1-O2,0.6290824637526152,1.048426978851692,0.6000250627293365,sub-NORB00080
Fp1-F7,6.893318173778107,9.221101153535342,0.7475591102408882,sub-NORB00080
Fp1-F8,8.61649975735184,9.278909639326141,0.9286112369101153,sub-NORB00080
Fp1-T3,1.1605194980420903,1.4551566578543702,0.7975220343308447,sub-NORB00080
Fp1-T4,0.8172484612511692,3.3576441092525626,0.243399370111651,sub-NORB00080
Fp1-T5,0.5089328016082943,0.8370860030191583,0.6079814974479348,sub-NORB00080
Fp1-T6,0.5824700187910083,1.043590645869981,0.558140321682777,sub-NORB00080
Fp1-FZ,9.246046503355613,11.927300623829472,0.7752002565344082,sub-NORB00080
Fp1-CZ,4.768719765207137,6.829850234114135,0.6982173256725391,sub-NORB00080
Fp1-PZ,2.432621551704431,4.845623634266493,0.5020244524361763,sub-NORB00080
Fp2-F3,8.649347592930486,11.763314705531936,0.7352814924574751,sub-NORB00080
Fp2-F4,8.11855622198697,12.180145359418361,0.6665401752130365,sub-NORB00080
Fp2-C3,4.511789360726216,5.877755076887162,0.7676041790968336,sub-NORB00080
Fp2-C4,2.406020833549134,7.496670941007679,0.3209452372236208,sub-NORB00080
Fp2-P3,1.462142126808779,3.2379933994104038,0.45155809368697786,sub-NORB00080
Fp2-P4,0.9286225203952831,3.940577648936369,0.2356564451016299,sub-NORB00080
Fp2-O1,0.641770448617555,0.9550556738785563,0.6719717668513235,sub-NORB00080
Fp2-O2,0.6993828151188832,0.9707006614021998,0.7204927769479506,sub-NORB00080
Fp2-F7,5.665486617556062,8.163272322521468,0.6940215141329633,sub-NORB00080
Fp2-F8,9.532386876833328,11.698079914483234,0.814867648923428,sub-NORB00080
Fp2-T3,1.0549907235196336,1.266180576664669,0.8332071609395995,sub-NORB00080
Fp2-T4,0.98388321514423,3.484047052507799,0.2823966497341177,sub-NORB00080
Fp2-T5,0.5295568490940472,0.9193414528323484,0.5760175911382704,sub-NORB00080
Fp2-T6,0.6512211595489787,0.9243005480742909,0.704555634967163,sub-NORB00080
Fp2-FZ,7.424999639084632,10.738475714349503,0.6914388816992739,sub-NORB00080
Fp2-CZ,4.064136898024245,7.448061743453432,0.5456636958731538,sub-NORB00080
Fp2-PZ,2.304999506374961,4.332570842625219,0.5320165763240703,sub-NORB00080
F3-F4,9.803026380993934,14.18376899742744,0.691143967641601,sub-NORB00080
F3-C3,6.092014499797214,7.302484473939996,0.8342386103712339,sub-NORB00080
F3-C4,2.564432983819331,7.829657569133886,0.32752811488574557,sub-NORB00080
F3-P3,1.236135175807068,3.125256377844674,0.39553080655084233,sub-NORB00080
F3-P4,0.8233648214007386,4.068550217524714,0.2023730266015175,sub-NORB00080
F3-O1,0.5474749935259303,0.9600218155096973,0.5702734924156525,sub-NORB00080
F3-O2,0.5488499590068597,0.9737583623985518,0.5636408170656815,sub-NORB00080
F3-F7,5.951530232448557,7.546496482965061,0.7886481158353588,sub-NORB00080
F3-F8,7.91822215403085,9.600406504514462,0.824779883050516,sub-NORB00080
F3-T3,1.0410395072214604,1.350410188603289,0.7709061409690587,sub-NORB00080
F3-T4,0.8465825946399367,3.526371224600613,0.24007188713826302,sub-NORB00080
F3-T5,0.4642377463362714,0.7352889771109783,0.6313677489907527,sub-NORB00080
F3-T6,0.520831060822611,0.8874553482891754,0.5868814265716716,sub-NORB00080
F3-FZ,10.893278540662736,15.916552078241656,0.6843993904656106,sub-NORB00080
F3-CZ,5.704970938991087,8.302365849325977,0.6871500295851504,sub-NORB00080
F3-PZ,2.4355089837678716,4.877601183833439,0.49932515840783415,sub-NORB00080
F4-C3,5.634429211990314,6.843509221978314,0.8233245589696918,sub-NORB00080
F4-C4,2.8739635482595984,8.789213784403914,0.3269875575628078,sub-NORB00080
F4-P3,1.263213655113006,2.965273941683266,0.4260023458055045,sub-NORB00080
F4-P4,0.9536176386849844,3.9952369476450107,0.2386886312830816,sub-NORB00080
F4-O1,0.5258608739625075,0.9419371505762101,0.5582759673942399,sub-NORB00080
F4-O2,0.5860180324983065,0.9299125383837307,0.6301861823659859,sub-NORB00080
F4-F7,4.943130563885819,7.401993844016346,0.6678106829123841,sub-NORB00080
F4-F8,8.992952100694705,10.79243167790649,0.8332646774224614,sub-NORB00080
F4-T3,1.0079464089405512,1.2790591428557794,0.7880373746362427,sub-NORB00080
F4-T4,1.108420300131886,3.8309588078390298,0.28933234621677506,sub-NORB00080
F4-T5,0.4988849242464203,0.7336989589920063,0.6799586099070036,sub-NORB00080
F4-T6,0.4626414467812453,0.8542815303933733,0.5415561853107272,sub-NORB00080
F4-FZ,10.926615934960438,13.397500093487135,0.815571252749768,sub-NORB00080
F4-CZ,6.380894189220623,8.338859246438263,0.7651998913335855,sub-NORB00080
F4-PZ,1.9563334579888654,4.571959227421275,0.4278982730763103,sub-NORB00080
C3-C4,4.293598065516496,7.730470269393294,0.5554122732372229,sub-NORB00080
C3-P3,3.1088100314447047,5.732470160490021,0.5423159553226455,sub-NORB00080
C3-P4,1.8372924471927614,5.0829638219324185,0.36146085464253175,sub-NORB00080
C3-O1,0.6804692579642654,1.2585633136788983,0.5406714549585829,sub-NORB00080
C3-O2,0.6672027517138005,1.249214668005747,0.5340977566161039,sub-NORB00080
C3-F7,5.035303308149426,5.55653919469952,0.9061941492201998,sub-NORB00080
C3-F8,4.479908960703378,6.017033980908359,0.7445377531384775,sub-NORB00080
C3-T3,1.754840870356698,2.197497829787642,0.7985631869890307,sub-NORB00080
C3-T4,1.2475793038579224,2.934486365673694,0.42514401104450367,sub-NORB00080
C3-T5,0.9998938627824115,1.0900895764268808,0.9172584385770253,sub-NORB00080
C3-T6,0.30810420763342006,1.4251551993486913,0.21618993340109655,sub-NORB00080
C3-FZ,6.489912370970616,7.697382213852485,0.84313240406474,sub-NORB00080
C3-CZ,8.141192353611522,9.546800779410576,0.852766548891383,sub-NORB00080
C3-PZ,4.645132485297873,6.475590184297138,0.7173295951559753,sub-NORB00080
C4-P3,3.024073154285741,4.309481799029183,0.7017254731107085,sub-NORB00080
C4-P4,3.4768095295605255,6.250280308421238,0.5562645766264417,sub-NORB00080
C4-O1,0.6926415777755734,1.0676661918507577,0.6487435708485872,sub-NORB00080
C4-O2,0.9257207264417092,1.1727564672941784,0.7893546121963088,sub-NORB00080
C4-F7,2.4498352207721577,4.335662496053109,0.5650428793759478,sub-NORB00080
C4-F8,2.906240153925441,8.13337068849237,0.35732296795932117,sub-NORB00080
C4-T3,1.5630455660297833,1.5725499979466178,0.9939560383267654,sub-NORB00080
C4-T4,2.4335722782859004,4.955335556556209,0.4911014098865892,sub-NORB00080
C4-T5,0.5119768461513357,1.1301072745984155,0.4530338470153349,sub-NORB00080
C4-T6,1.254042272476613,1.8232587694574196,0.6878026824737561,sub-NORB00080
C4-FZ,3.0212161817043954,7.91169081310187,0.3818673217994337,sub-NORB00080
C4-CZ,4.564283010732999,9.078060149909364,0.502781754621726,sub-NORB00080
C4-PZ,4.074991684037331,5.945443963914136,0.6853973746570461,sub-NORB00080
P3-P4,5.19022659883741,6.488925917321879,0.7998591238316263,sub-NORB00080
P3-O1,2.631111139857876,3.0976260807237592,0.8493959797895032,sub-NORB00080
P3-O2,1.8803930371330726,2.9632970511394925,0.6345611002481155,sub-NORB00080
P3-F7,1.407346542053953,2.697507249321035,0.5217211343577236,sub-NORB00080
P3-F8,1.1102406987662081,3.2250124118183088,0.34425935686251774,sub-NORB00080
P3-T3,1.3653263036916485,2.094359764687078,0.6519062897943154,sub-NORB00080
P3-T4,1.092160139897423,2.9469720926663214,0.3706041677881222,sub-NORB00080
P3-T5,2.37824448029098,2.7381885816029565,0.8685466356370303,sub-NORB00080
P3-T6,1.1276768384127915,2.268289863374875,0.49714847146342117,sub-NORB00080
P3-FZ,1.2527876569969363,3.131625143308818,0.40004393874334004,sub-NORB00080
P3-CZ,2.8018778146821575,5.008974411639011,0.5593715568144301,sub-NORB00080
P3-PZ,6.117810556589347,8.81606584966343,0.6939388453890583,sub-NORB00080
P4-O1,2.4741511799251468,2.5545752511882522,0.9685176346926181,sub-NORB00080
P4-O2,2.907725447449095,2.986993689750133,0.9734621996112522,sub-NORB00080
P4-F7,1.0207066248214753,3.102476954671889,0.3289973268889029,sub-NORB00080
P4-F8,0.9484971422409629,3.4955031987140273,0.2713478112650301,sub-NORB00080
P4-T3,1.0016152665976559,1.5597139764649957,0.6421788108020682,sub-NORB00080
P4-T4,1.3458790978472617,3.8639955833981654,0.3483127940492202,sub-NORB00080
P4-T5,1.5201915087555573,1.539208777151424,0.9876447765383319,sub-NORB00080
P4-T6,2.1181041171841435,3.48629632049222,0.6075513732823188,sub-NORB00080
P4-FZ,0.9992537365322814,3.889849729226077,0.2568874908006003,sub-NORB00080
P4-CZ,2.401663698928396,5.848219315890916,0.41066580598346236,sub-NORB00080
P4-PZ,4.908728100170704,8.636702059198205,0.568356771661799,sub-NORB00080
O1-O2,3.520654140957297,5.952405042815845,0.5914675018976558,sub-NORB00080
O1-F7,0.5358720759538617,1.271465011079236,0.42146034006787686,sub-NORB00080
O1-F8,0.5537910310655506,0.9477750267338914,0.584306418131694,sub-NORB00080
O1-T3,0.7259131521598547,0.9888399588509695,0.7341058031305335,sub-NORB00080
O1-T4,0.47382130098471864,1.109450996639191,0.42707726832464327,sub-NORB00080
O1-T5,2.104536088087473,2.765418195513083,0.7610191078883123,sub-NORB00080
O1-T6,1.1102723833811816,1.3834206983372848,0.8025558564474302,sub-NORB00080
O1-FZ,0.5805440436178018,0.9560014127087214,0.6072627465820329,sub-NORB00080
O1-CZ,0.7790299244828841,1.315512203299112,0.5921875316163477,sub-NORB00080
O1-PZ,1.9790370592568576,2.716625856086547,0.7284908427205254,sub-NORB00080
O2-F7,0.6268432245528318,1.3032837913933601,0.48097216330962295,sub-NORB00080
O2-F8,0.6720251324483016,0.9694967666967063,0.693169029060347,sub-NORB00080
O2-T3,0.9206661460359268,1.0774856243886413,0.8544579391101456,sub-NORB00080
O2-T4,0.5254185044916676,1.6715364303261875,0.3143326672151179,sub-NORB00080
O2-T5,1.1383762798938664,1.9128152633171134,0.5951313238267183,sub-NORB00080
O2-T6,1.6109095068216817,2.0099158273563464,0.8014810794044644,sub-NORB00080
O2-FZ,0.5929230777370339,0.9776640381235284,0.606469149540425,sub-NORB00080
O2-CZ,0.814529482341635,1.5407271272123295,0.5286656332295392,sub-NORB00080
O2-PZ,1.7899566905619502,2.824730643922009,0.6336734068479809,sub-NORB00080
F7-F8,5.1027601436962815,7.560465628465801,0.6749267035199462,sub-NORB00080
F7-T3,1.661528049616954,2.9910063933866033,0.5555080234167165,sub-NORB00080
F7-T4,1.0293293590125958,3.1750643340691287,0.32419165431316416,sub-NORB00080
F7-T5,0.5953245704518089,0.8001949143976738,0.743974448900271,sub-NORB00080
F7-T6,0.5021614092865831,1.0733686925124184,0.46783683257165,sub-NORB00080
F7-FZ,5.799987900248068,7.085278823665557,0.8185969874432484,sub-NORB00080
F7-CZ,3.799979136452137,4.53984051916862,0.8370292129001982,sub-NORB00080
F7-PZ,2.280407344276262,2.82555217993501,0.8070660879915915,sub-NORB00080
F8-T3,1.231940843019203,1.272133991113353,0.968404941323065,sub-NORB00080
F8-T4,1.5861323446860212,4.599205947445042,0.3448709109378222,sub-NORB00080
F8-T5,0.5579860242117958,0.9085704827313352,0.6141362005668333,sub-NORB00080
F8-T6,0.4887384428801315,1.027962555649252,0.4754438186432274,sub-NORB00080
F8-FZ,7.412992404854551,9.305803573009978,0.7965988478797007,sub-NORB00080
F8-CZ,4.715265535841802,6.546648682919868,0.7202563883019836,sub-NORB00080
F8-PZ,1.9006469898817044,4.450940616981878,0.42702142163615453,sub-NORB00080
T3-T4,1.6407826600333428,1.9350619118730712,0.8479225651468296,sub-NORB00080
T3-T5,1.8425374172348437,2.303199445880659,0.7999903875151919,sub-NORB00080
T3-T6,0.5738657741069113,1.368518456793183,0.4193336021580867,sub-NORB00080
T3-FZ,1.1672051666351073,1.3414965419328335,0.8700769104878895,sub-NORB00080
T3-CZ,1.398387948647216,1.500117351699493,0.9321857033804541,sub-NORB00080
T3-PZ,1.0550818009610208,1.6085986748733945,0.6559011998714107,sub-NORB00080
T4-T5,0.7280241270150878,0.8687592370672469,0.8380044734519866,sub-NORB00080
T4-T6,1.6865115796354018,3.399690685134593,0.49607794821152473,sub-NORB00080
T4-FZ,0.9529757852279156,3.37989349922358,0.2819543827185178,sub-NORB00080
T4-CZ,1.2511817199874096,3.111158419911727,0.4021594374557466,sub-NORB00080
T4-PZ,1.1671334822535555,3.6830093038959846,0.31689669668195813,sub-NORB00080
T5-T6,0.9745706722767778,1.4153909153465165,0.6885523014948722,sub-NORB00080
T5-FZ,0.4562242552746872,0.8039275953238623,0.5674942095884856,sub-NORB00080
T5-CZ,0.6597546745631332,0.9380394297242619,0.7033336271984527,sub-NORB00080
T5-PZ,1.5309580373736762,1.5570438182853445,0.9832465980691573,sub-NORB00080
T6-FZ,0.42835950445428983,0.8717738034198852,0.4913654238907805,sub-NORB00080
T6-CZ,0.4295043341024975,1.2702208478709007,0.33813358899156587,sub-NORB00080
T6-PZ,0.9779804052155636,2.0923230428532635,0.46741367617971136,sub-NORB00080
FZ-CZ,7.100754197980427,8.784261013976082,0.8083496365468725,sub-NORB00080
FZ-PZ,2.150028217873456,5.2008021150870265,0.4134031963332023,sub-NORB00080
CZ-PZ,4.6977144950408265,7.936193604281343,0.5919354704888434,sub-NORB00080
Fp1-Fp2,10.982702237846011,15.185732949306994,0.7232250346103453,sub-NORB00081
Fp1-F3,9.370794298804672,14.93203731594168,0.6275630110299995,sub-NORB00081
Fp1-F4,7.803168177142524,13.362980879634785,0.5839391859816675,sub-NORB00081
Fp1-C3,5.200836194270278,8.97678897163721,0.5793648720831782,sub-NORB00081
Fp1-C4,5.18966530748314,8.208614319918066,0.6322218471015874,sub-NORB00081
Fp1-P3,2.958298458561689,7.413992033946888,0.3990155971326043,sub-NORB00081
Fp1-P4,3.9822470954648304,4.726048599947464,0.8426166196236531,sub-NORB00081
Fp1-O1,0.7538082154276583,2.854592165085487,0.2640686206062938,sub-NORB00081
Fp1-O2,0.9090531753383806,2.920754716542824,0.31123913630597133,sub-NORB00081
Fp1-F7,9.872434031188432,9.957761055048824,0.9914311034992018,sub-NORB00081
Fp1-F8,9.245018798667036,10.794917225682537,0.8564233152869308,sub-NORB00081
Fp1-T3,2.032682054813715,7.305800075344881,0.2782285353897751,sub-NORB00081
Fp1-T4,3.318891558155782,6.308507514169756,0.5260977419304178,sub-NORB00081
Fp1-T5,0.7761656410282718,3.0382032065588884,0.25546863993582836,sub-NORB00081
Fp1-T6,2.132700237964806,2.752277220776954,0.7748856916974212,sub-NORB00081
Fp1-FZ,8.590583155601987,13.898949733977679,0.6180742660433729,sub-NORB00081
Fp1-CZ,5.706218318815609,8.917908020562088,0.639860638353607,sub-NORB00081
Fp1-PZ,3.5737319549320987,6.100362544001223,0.5858228800592056,sub-NORB00081
Fp2-F3,11.897226949695057,16.36584327739552,0.7269547158701862,sub-NORB00081
Fp2-F4,11.16000701083573,14.235932532929615,0.7839322773566918,sub-NORB00081
Fp2-C3,5.057294766941602,8.833166171041166,0.5725347705471162,sub-NORB00081
Fp2-C4,6.105856230393391,8.074597983445473,0.7561808331401274,sub-NORB00081
Fp2-P3,2.501089735342504,7.13209471332488,0.35068094800672267,sub-NORB00081
Fp2-P4,3.5727592753351103,5.434910152029515,0.6573722794664717,sub-NORB00081
Fp2-O1,0.7301741414210544,2.892103040308058,0.2524716897165872,sub-NORB00081
Fp2-O2,0.8227921282231755,2.772738246899084,0.29674352750150584,sub-NORB00081
Fp2-F7,8.372144829410312,8.910058365664778,0.9396285058774323,sub-NORB00081
Fp2-F8,9.391670670935977,11.325477504508827,0.8292516290988194,sub-NORB00081
Fp2-T3,1.4548969121671185,7.776139041276491,0.18709759489180766,sub-NORB00081
Fp2-T4,3.613709677164346,7.648957604952637,0.47244472564791035,sub-NORB00081
Fp2-T5,0.6424799888378113,3.377897512363058,0.19020114923153927,sub-NORB00081
Fp2-T6,1.9072870003638691,2.8661871576491595,0.6654439837516478,sub-NORB00081
Fp2-FZ,11.568062701004553,15.546300955843963,0.744103869715454,sub-NORB00081
Fp2-CZ,5.924833580066476,8.859266968383105,0.6687724392109397,sub-NORB00081
Fp2-PZ,3.7931709158607143,6.948630762406765,0.5458875346179556,sub-NORB00081
F3-F4,12.889234122568674,12.96937218780271,0.993820975751671,sub-NORB00081
F3-C3,6.096579757713095,8.890302560934767,0.6857561613822143,sub-NORB00081
F3-C4,7.982811779560359,8.02188490601157,0.995129183862769,sub-NORB00081
F3-P3,2.507697719280076,7.158303806082952,0.35032010197011976,sub-NORB00081
F3-P4,3.7657348799529657,5.210496945776158,0.7227208688809662,sub-NORB00081
F3-O1,0.683648414317729,3.0488607623292334,0.22423077589002235,sub-NORB00081
F3-O2,0.7803838071908399,2.9284183073840953,0.26648645284831013,sub-NORB00081
F3-F7,8.106944153905726,8.954212313580694,0.9053777004606054,sub-NORB00081
F3-F8,7.725566890642045,10.352759396745029,0.7462326317629878,sub-NORB00081
F3-T3,1.4591683792253767,7.010452144871054,0.20814183580055176,sub-NORB00081
F3-T4,3.4461520235804017,8.191511680804506,0.4206979319404386,sub-NORB00081
F3-T5,0.6394612103829382,3.2443400160534703,0.1971005527222148,sub-NORB00081
F3-T6,1.9176194529218384,2.8010017676466608,0.6846191512877836,sub-NORB00081
F3-FZ,15.495404692290043,16.435279426869634,0.9428135835011716,sub-NORB00081
F3-CZ,6.065459564487044,9.031081596143764,0.6716205030277848,sub-NORB00081
F3-PZ,3.720407628300849,6.396114289089086,0.5816668464863685,sub-NORB00081
F4-C3,5.246224937554788,8.944370687114604,0.5865393017658111,sub-NORB00081
F4-C4,8.4348633762911,8.56568971102276,0.9847267016264544,sub-NORB00081
F4-P3,2.2453704452043484,6.848409142935526,0.32786745043125226,sub-NORB00081
F4-P4,3.9448188882078234,5.192074369386166,0.7597770385315572,sub-NORB00081
F4-O1,0.7993805843083669,2.795677168200014,0.28593451110917967,sub-NORB00081
F4-O2,0.841411243218443,2.7217372753006135,0.3091449166876365,sub-NORB00081
F4-F7,6.920751380171382,8.190647726955591,0.844957762912333,sub-NORB00081
F4-F8,8.586929699112828,13.223165638379747,0.6493853237525501,sub-NORB00081
F4-T3,1.2695756639239497,7.575273438430168,0.16759469796605062,sub-NORB00081
F4-T4,3.466810091297056,9.127082415571163,0.3798377108310692,sub-NORB00081
F4-T5,0.5971378836188962,3.2138670201367967,0.18580043289827197,sub-NORB00081
F4-T6,2.1019476155859933,2.5364796391563567,0.8286869656423143,sub-NORB00081
F4-FZ,12.889178313521924,13.582135563677879,0.9489802434302673,sub-NORB00081
F4-CZ,6.092434660401773,8.437269235931048,0.722086079042786,sub-NORB00081
F4-PZ,3.327556214562327,7.943560783481162,0.4188998240539765,sub-NORB00081
C3-C4,7.007642065899832,10.105263545134632,0.6934645528640163,sub-NORB00081
C3-P3,5.164307060373073,9.481376782835413,0.5446790248566288,sub-NORB00081
C3-P4,5.474250287273513,5.851321753098808,0.9355578992685539,sub-NORB00081
C3-O1,1.159655567270618,3.3398434763551603,0.34721853747953896,sub-NORB00081
C3-O2,1.1978276553744727,3.454195698593845,0.3467746937042657,sub-NORB00081
C3-F7,6.403095315552072,8.04821615242728,0.7955918671022457,sub-NORB00081
C3-F8,4.263120430454142,7.412897275432632,0.5750950366711156,sub-NORB00081
C3-T3,3.5812828107835037,7.1197811781680365,0.5030046178617233,sub-NORB00081
C3-T4,2.9635003124073687,4.9552394021933495,0.5980539126112913,sub-NORB00081
C3-T5,1.4270496754347537,3.619032828605609,0.394317969197474,sub-NORB00081
C3-T6,2.6765715480386487,2.9576018338827152,0.9049803517753665,sub-NORB00081
C3-FZ,6.286240995798158,8.938037704319438,0.7033133226502546,sub-NORB00081
C3-CZ,6.944486809188246,10.495930103627767,0.6616361523585207,sub-NORB00081
C3-PZ,6.562629739526336,8.229758426919208,0.7974267772016539,sub-NORB00081
C4-P3,3.9408754050226404,8.731666129866072,0.45133143507894136,sub-NORB00081
C4-P4,6.111903857314244,7.718089192035895,0.7918933955338281,sub-NORB00081
C4-O1,0.9448474223107262,3.9177456455561663,0.24117120093859357,sub-NORB00081
C4-O2,1.1003801364047587,3.8651998117213564,0.28468906913112657,sub-NORB00081
C4-F7,5.419978311360392,6.38270410827968,0.8491664691661902,sub-NORB00081
C4-F8,5.10797023205957,7.405946464680923,0.689712011343798,sub-NORB00081
C4-T3,1.8748534206372305,6.669329901388388,0.28111571152702053,sub-NORB00081
C4-T4,4.262355132074788,8.017353657012558,0.5316411517342289,sub-NORB00081
C4-T5,0.9460845387286894,4.253103854057277,0.2224456705486196,sub-NORB00081
C4-T6,2.774211221860958,3.6836959278545702,0.753105380084043,sub-NORB00081
C4-FZ,8.39084771987626,8.394124228504895,0.9996096664119519,sub-NORB00081
C4-CZ,6.6427925977497795,8.96982606450135,0.7405709486429228,sub-NORB00081
C4-PZ,5.709574748750746,10.394080066042104,0.5493102528047832,sub-NORB00081
P3-P4,6.3228496742438525,8.362049828143002,0.7561363307073232,sub-NORB00081
P3-O1,2.8693640100435105,5.8689959497723745,0.48890202593423104,sub-NORB00081
P3-O2,2.740547275142036,5.777830011132434,0.4743212018805826,sub-NORB00081
P3-F7,3.5905983547404583,5.683947744875744,0.6317085441148707,sub-NORB00081
P3-F8,2.0892599403709204,6.026416735216802,0.34668361518409974,sub-NORB00081
P3-T3,3.9704765271617384,7.482548659541016,0.5306315679082119,sub-NORB00081
P3-T4,2.505113135269419,3.5050490692593304,0.7147155676764283,sub-NORB00081
P3-T5,2.9416161641066543,6.417933190010757,0.4583432200081416,sub-NORB00081
P3-T6,2.7418478650405707,3.645078804944713,0.7522053738100617,sub-NORB00081
P3-FZ,2.5337248753277057,7.248732231026813,0.34954041542362135,sub-NORB00081
P3-CZ,4.79976246504088,8.838171485382945,0.5430718868692457,sub-NORB00081
P3-PZ,8.916320696686928,11.142101598197971,0.8002368869198767,sub-NORB00081
P4-O1,2.0655845868550253,6.591693856758743,0.3133617294342476,sub-NORB00081
P4-O2,2.7996096906264714,6.941979850426206,0.40328692259955035,sub-NORB00081
P4-F7,3.2331383719888698,3.8919637629545067,0.8307216019746538,sub-NORB00081
P4-F8,4.427368883857188,4.995578299438233,0.8862575298549635,sub-NORB00081
P4-T3,2.83084758976199,6.574391784158272,0.43058699309390597,sub-NORB00081
P4-T4,4.391705323148303,4.790539723341936,0.916745414248355,sub-NORB00081
P4-T5,1.9615860013378537,7.333377860106302,0.26748737604384387,sub-NORB00081
P4-T6,4.633495487797947,5.705287649248616,0.812140556735676,sub-NORB00081
P4-FZ,3.7315874781777465,5.375854640773214,0.6941384630967308,sub-NORB00081
P4-CZ,5.0666659872165285,6.451836059251243,0.785306064922631,sub-NORB00081
P4-PZ,7.285121391305805,11.345539611520161,0.6421132569056968,sub-NORB00081
O1-O2,4.436644659998378,11.606758768550899,0.3822466502896305,sub-NORB00081
O1-F7,0.859656433688777,2.553032377102653,0.3367197538890482,sub-NORB00081
O1-F8,0.6869595144300803,3.0835260492006795,0.22278375582659854,sub-NORB00081
O1-T3,1.9156175405850373,4.494712989043095,0.4261935178630536,sub-NORB00081
O1-T4,0.783760845903183,3.980848998371315,0.19688283736053366,sub-NORB00081
O1-T5,4.235621015487234,9.491632534437267,0.44624789256428504,sub-NORB00081
O1-T6,2.0024394802856573,4.457889900757413,0.44918998110416203,sub-NORB00081
O1-FZ,0.7085648884209165,2.916491863135311,0.24295109387316763,sub-NORB00081
O1-CZ,1.341370442774941,3.7699995180288073,0.35580122394187835,sub-NORB00081
O1-PZ,2.129640908415048,5.222802267485357,0.4077582874758945,sub-NORB00081
O2-F7,0.9760725248097032,2.404944117205704,0.4058607922847698,sub-NORB00081
O2-F8,0.8156852583515357,2.809721332187038,0.2903082412506085,sub-NORB00081
O2-T3,1.719255540215718,4.10459758115398,0.41886092515124485,sub-NORB00081
O2-T4,0.9652063985472887,3.781264425795113,0.2552602224702463,sub-NORB00081
O2-T5,4.3355999752935475,8.557498384276366,0.5066433881261166,sub-NORB00081
O2-T6,3.307716639153675,4.466583509055502,0.7405473629783585,sub-NORB00081
O2-FZ,0.7826095111396432,2.8027645608252,0.27922770327494956,sub-NORB00081
O2-CZ,1.4745913458728022,3.8635779108054917,0.38166471077203523,sub-NORB00081
O2-PZ,2.4245348146904155,5.3770265267184465,0.4509062402134156,sub-NORB00081
F7-F8,6.8318941821833645,9.31434506226774,0.7334808981749298,sub-NORB00081
F7-T3,3.13897268311122,7.540309380656094,0.41629229314700783,sub-NORB00081
F7-T4,2.83382645262969,6.7882376232610095,0.4174612925922214,sub-NORB00081
F7-T5,1.061944802492063,2.501300677718235,0.4245570362459592,sub-NORB00081
F7-T6,2.05195431638709,2.6188587389282456,0.7835299727647173,sub-NORB00081
F7-FZ,7.477485659806767,8.340739134560797,0.8965015616928911,sub-NORB00081
F7-CZ,5.681455974476185,7.147316344089902,0.7949075850230368,sub-NORB00081
F7-PZ,4.433246745977346,4.575799923289128,0.9688462826824576,sub-NORB00081
F8-T3,1.4189800337576604,6.967357873640887,0.2036611380514825,sub-NORB00081
F8-T4,4.157856024847627,8.994449863180462,0.46226907571836723,sub-NORB00081
F8-T5,0.6423844184014126,3.2249827172373284,0.19919003440480737,sub-NORB00081
F8-T6,2.669389114642195,2.883732130200261,0.9256716623179626,sub-NORB00081
F8-FZ,7.324311861767899,10.408307597429317,0.7036986362294755,sub-NORB00081
F8-CZ,5.112463879878507,7.201295061379824,0.7099367316993285,sub-NORB00081
F8-PZ,3.2401694032137014,6.763358899838969,0.47907695735189326,sub-NORB00081
T3-T4,1.9848715154078114,4.696650815935216,0.4226142400608881,sub-NORB00081
T3-T5,2.3241453191739216,5.23174972514806,0.4442386278537335,sub-NORB00081
T3-T6,2.950100474912549,3.1482345989066065,0.9370650065078154,sub-NORB00081
T3-FZ,1.5049677128410237,7.031286579166549,0.21403873898415537,sub-NORB00081
T3-CZ,2.367878348522829,6.765857178882353,0.3499746278880183,sub-NORB00081
T3-PZ,2.8992506301265,7.1403642711228645,0.4060367958889268,sub-NORB00081
T4-T5,0.740987832130708,3.8518727727707565,0.19237079619265185,sub-NORB00081
T4-T6,3.320485154147657,4.930667131511284,0.6734352706405279,sub-NORB00081
T4-FZ,3.5858601174372646,8.068202078798214,0.44444351819846717,sub-NORB00081
T4-CZ,3.5157319532394546,5.696970821621841,0.6171230401770917,sub-NORB00081
T4-PZ,3.836324434463498,3.840391992315748,0.9989408482622636,sub-NORB00081
T5-T6,1.8706516172969394,4.328746373216167,0.4321462742357633,sub-NORB00081
T5-FZ,0.6233135557871863,3.4202439127229476,0.1822424282281522,sub-NORB00081
T5-CZ,1.3250153385779906,3.8222139188949162,0.34666174282602186,sub-NORB00081
T5-PZ,1.885666292636089,5.851417251852192,0.3222580464654448,sub-NORB00081
T6-FZ,1.9666451454525564,2.8069964929424573,0.7006225873089725,sub-NORB00081
T6-CZ,2.060900273227701,2.5439038277796064,0.8101329345561443,sub-NORB00081
T6-PZ,3.0559365881791356,3.607349359441513,0.8471418439638608,sub-NORB00081
FZ-CZ,6.286564680574189,9.287721098628785,0.676868374256234,sub-NORB00081
FZ-PZ,3.7425835069446562,7.213680327643617,0.5188174880168538,sub-NORB00081
CZ-PZ,6.085145550824707,8.3340609178193,0.7301537162770048,sub-NORB00081
Fp1-Fp2,7.103936515206696,11.316139270501534,0.6277703327428072,sub-NORB00083
Fp1-F3,5.611566861494092,13.32394363163248,0.42116411001406723,sub-NORB00083
Fp1-F4,3.9657352742452305,8.572896049452664,0.4625899172658722,sub-NORB00083
Fp1-C3,3.261137852236403,3.4875020871552613,0.9350927313412728,sub-NORB00083
Fp1-C4,1.4590718440065182,3.7152780238317233,0.39272211518149475,sub-NORB00083
Fp1-P3,1.2028267283501037,1.358399434824163,0.8854735194334078,sub-NORB00083
Fp1-P4,1.2819774587781496,1.3123263943622603,0.9768739425538575,sub-NORB00083
Fp1-O1,0.9767909776848475,1.1736575588749167,0.8322623326528156,sub-NORB00083
Fp1-O2,0.9959845547587646,1.0966785839094766,0.908182734095386,sub-NORB00083
Fp1-F7,6.995583720825136,7.6199478637044376,0.918061887817725,sub-NORB00083
Fp1-F8,3.690996314460391,6.104287453986204,0.6046563734560217,sub-NORB00083
Fp1-T3,1.4837855671929048,2.4719969208766606,0.6002376275884276,sub-NORB00083
Fp1-T4,0.6166843299526349,1.1030305739638318,0.559081810159195,sub-NORB00083
Fp1-T5,0.9309690098647773,1.0179445941355607,0.9145576441273376,sub-NORB00083
Fp1-T6,0.7490315114585626,1.1910783266063762,0.6288683915462598,sub-NORB00083
Fp1-FZ,4.8360623620462615,13.586464534425707,0.35594707878510495,sub-NORB00083
Fp1-CZ,2.387449879067608,4.3514440307652515,0.5486569199070561,sub-NORB00083
Fp1-PZ,1.299902199907473,2.0182958940602473,0.6440592797780671,sub-NORB00083
Fp2-F3,7.398280052145253,11.324571631448059,0.6532944726668874,sub-NORB00083
Fp2-F4,5.977343139439086,8.139954508382399,0.7343214428635579,sub-NORB00083
Fp2-C3,2.824226178711766,4.106767881657243,0.6877004642327337,sub-NORB00083
Fp2-C4,1.7897228630292332,3.0784628189372136,0.5813690040430971,sub-NORB00083
Fp2-P3,1.129514884922996,1.6718981184001038,0.6755883462587224,sub-NORB00083
Fp2-P4,1.1627656555126322,1.619807613540741,0.717841826271541,sub-NORB00083
Fp2-O1,1.0356266482954404,1.1831593864087129,0.8753061169881059,sub-NORB00083
Fp2-O2,1.0724768256951989,1.2225885838879762,0.8772180926838004,sub-NORB00083
Fp2-F7,5.553845160014157,7.14224583436291,0.7776048723068857,sub-NORB00083
Fp2-F8,4.957511202450901,6.588357606209098,0.75246540925143,sub-NORB00083
Fp2-T3,1.392160445964154,1.5230243879316607,0.9140762662735649,sub-NORB00083
Fp2-T4,0.6924463979803439,1.2363239412921712,0.5600849218018202,sub-NORB00083
Fp2-T5,0.9816309210506992,1.5619142002471693,0.6284794138470335,sub-NORB00083
Fp2-T6,0.8164439526159659,1.255692996487701,0.6501939207271533,sub-NORB00083
Fp2-FZ,5.50700532238307,10.995702725476363,0.5008325033764035,sub-NORB00083
Fp2-CZ,2.06415011257155,3.661539492387854,0.563738317410698,sub-NORB00083
Fp2-PZ,1.5135643971869042,1.6351269619417637,0.9256555805241569,sub-NORB00083
F3-F4,6.895812418605388,8.857224604922504,0.778552280899929,sub-NORB00083
F3-C3,3.264832452354569,4.845752614384078,0.6737513678810753,sub-NORB00083
F3-C4,2.038477856891276,3.508153225457755,0.5810686494816055,sub-NORB00083
F3-P3,1.3399105002776703,1.3584002195774876,0.9863886069559321,sub-NORB00083
F3-P4,1.270402558443756,1.367384133373299,0.9290751058444037,sub-NORB00083
F3-O1,0.9300681726759772,1.3695431439275967,0.6791083412010764,sub-NORB00083
F3-O2,0.949864503380762,1.1155527063074302,0.8514743391416175,sub-NORB00083
F3-F7,4.087451893507074,7.3869321395002245,0.5533355141642898,sub-NORB00083
F3-F8,4.8847761357338,5.763129132378352,0.8475909568449892,sub-NORB00083
F3-T3,1.3072759850964755,1.324392901429259,0.9870756508024837,sub-NORB00083
F3-T4,0.9136203380303852,1.0805880211450853,0.8454844215857894,sub-NORB00083
F3-T5,0.9571722676613268,1.3475637689049338,0.7102983099932633,sub-NORB00083
F3-T6,0.755316321977494,1.220078656569356,0.6190718261569373,sub-NORB00083
F3-FZ,8.722707544476034,14.186440821310876,0.6148622938159922,sub-NORB00083
F3-CZ,2.030602926041067,4.470202654814259,0.45425299093636734,sub-NORB00083
F3-PZ,1.3720113418492834,1.9604752111627597,0.6998361081217356,sub-NORB00083
F4-C3,3.5723273448234174,5.540765543863152,0.6447353378415479,sub-NORB00083
F4-C4,4.287836267841348,4.531010293798769,0.9463311689469711,sub-NORB00083
F4-P3,1.4083766666117827,1.8601885080246074,0.7571150238463639,sub-NORB00083
F4-P4,1.3198582331068365,1.7303073107687372,0.7627883352815823,sub-NORB00083
F4-O1,0.8554726443009593,1.2440564912501015,0.6876477477653203,sub-NORB00083
F4-O2,0.877157386523366,0.8836171282902996,0.992689433511285,sub-NORB00083
F4-F7,3.6639714615701697,6.880261233847721,0.532533771180826,sub-NORB00083
F4-F8,6.760705898925314,6.9800483613681505,0.9685757961711539,sub-NORB00083
F4-T3,1.2114584233319285,1.4222445180600018,0.8517933505445365,sub-NORB00083
F4-T4,1.284381699830335,1.6181637797997503,0.793727875919506,sub-NORB00083
F4-T5,0.8504615685122442,1.2771887295110782,0.6658855882934468,sub-NORB00083
F4-T6,0.8045408867143464,1.2146456177189666,0.6623667635875781,sub-NORB00083
F4-FZ,5.724337641550834,9.075918545757526,0.6307171679308025,sub-NORB00083
F4-CZ,3.2782166032914795,4.929379694987255,0.6650363344144775,sub-NORB00083
F4-PZ,1.7220578841881342,2.0792721135261063,0.8282022699125248,sub-NORB00083
C3-C4,3.737234226563693,4.08077764787267,0.9158142268574551,sub-NORB00083
C3-P3,3.1359745004390094,4.871884805994812,0.6436881464397968,sub-NORB00083
C3-P4,2.7399149212040075,3.073660015687081,0.8914176933103422,sub-NORB00083
C3-O1,0.8226621494897888,1.3888326493788061,0.592340732958537,sub-NORB00083
C3-O2,0.8461087493725289,1.4344772698587653,0.5898376831414236,sub-NORB00083
C3-F7,3.8299065379734905,4.08436251191313,0.9376999536163964,sub-NORB00083
C3-F8,2.5955095697111075,4.114410130303409,0.6308339439947146,sub-NORB00083
C3-T3,2.129298299682921,3.2672083532058283,0.6517179406674892,sub-NORB00083
C3-T4,1.1349657064480687,1.205423073462416,0.9415496778139745,sub-NORB00083
C3-T5,1.4124916717879954,1.6267979707317068,0.8682649580345124,sub-NORB00083
C3-T6,0.8018380101256272,0.953866175285585,0.8406189787425463,sub-NORB00083
C3-FZ,3.2578220833232465,4.298782741092068,0.7578475767527683,sub-NORB00083
C3-CZ,3.957182012196841,5.599277867557947,0.7067307795393828,sub-NORB00083
C3-PZ,3.0353142374011393,4.981591645948307,0.6093061120073663,sub-NORB00083
C4-P3,2.7572885551776993,2.8168433989361983,0.9788575950722038,sub-NORB00083
C4-P4,2.972700831022079,3.6418061223281213,0.8162710290359172,sub-NORB00083
C4-O1,0.7183661358880632,0.8090271665312372,0.8879382122211177,sub-NORB00083
C4-O2,0.8748761425547134,0.9909789260545055,0.8828403102757744,sub-NORB00083
C4-F7,1.509074566274031,3.0405456188384137,0.496317028405759,sub-NORB00083
C4-F8,3.2665250765492195,3.662165838143147,0.8919653617339919,sub-NORB00083
C4-T3,1.1767265641211504,2.0189678762509176,0.5828357043036512,sub-NORB00083
C4-T4,2.225772978537673,2.569269768001141,0.8663056741874544,sub-NORB00083
C4-T5,0.8564741927358173,1.34261125005827,0.6379167407532491,sub-NORB00083
C4-T6,1.5225207642078593,1.6260577831074912,0.9363263593857245,sub-NORB00083
C4-FZ,2.1246503796203546,3.688889252859574,0.5759593834304882,sub-NORB00083
C4-CZ,3.1445842340836028,4.927672774231247,0.6381479408551394,sub-NORB00083
C4-PZ,2.9806547762895135,4.085379803842169,0.7295906181075998,sub-NORB00083
P3-P4,5.38601255094154,9.209790408066102,0.5848138027358769,sub-NORB00083
P3-O1,2.9988265203063937,3.0959016789039984,0.9686439788255902,sub-NORB00083
P3-O2,2.7167562490765547,3.22611503529483,0.842113879807226,sub-NORB00083
P3-F7,1.3202490459820682,1.79944322113796,0.7336986410425045,sub-NORB00083
P3-F8,1.1734365534293194,1.214318761972517,0.9663332151133123,sub-NORB00083
P3-T3,1.420519937798895,2.5516555719295217,0.5567052048191286,sub-NORB00083
P3-T4,1.0218740480629314,1.1014662168562384,0.9277398002995717,sub-NORB00083
P3-T5,3.2942141447846525,3.804930494834462,0.8657751171162907,sub-NORB00083
P3-T6,2.265515829502933,2.7861693153392784,0.8131292728801932,sub-NORB00083
P3-FZ,1.0698088780785915,1.3663000728637777,0.7829970145842575,sub-NORB00083
P3-CZ,1.97818209281388,3.4043053376735757,0.5810824519535385,sub-NORB00083
P3-PZ,6.888244033492154,9.163026908008266,0.7517432942897935,sub-NORB00083
P4-O1,2.513308284388519,3.4465857998595233,0.7292168047843047,sub-NORB00083
P4-O2,2.736863415281923,3.7741852030536833,0.7251534485026156,sub-NORB00083
P4-F7,1.1923802338072353,1.263090138466732,0.9440183225994215,sub-NORB00083
P4-F8,1.1561457748733346,1.3427315914178006,0.8610401231809489,sub-NORB00083
P4-T3,1.1818531744890497,1.2795088224890943,0.9236772374808092,sub-NORB00083
P4-T4,1.0595244685501886,1.7623499433249428,0.6011998199127431,sub-NORB00083
P4-T5,2.252548598651738,3.926908737796566,0.5736187798231515,sub-NORB00083
P4-T6,3.3262230750158657,3.9722052021559735,0.8373744320183933,sub-NORB00083
P4-FZ,1.2446664964824028,1.2821832253095589,0.9707399628332383,sub-NORB00083
P4-CZ,2.100668230419824,3.0396612140530244,0.6910863028774297,sub-NORB00083
P4-PZ,6.9031579590730825,12.090119334865552,0.5709751713670616,sub-NORB00083
O1-O2,4.875924632941393,8.385452278696157,0.5814742569496256,sub-NORB00083
O1-F7,0.8230952851342856,1.1160448411244732,0.7375109447259972,sub-NORB00083
O1-F8,1.0942485693688015,1.463201804461409,0.7478452842474346,sub-NORB00083
O1-T3,0.7898753980974756,0.9194681933542987,0.8590567937058731,sub-NORB00083
O1-T4,0.6906123465016395,1.0907279911088104,0.6331664284140889,sub-NORB00083
O1-T5,1.7542076364097714,3.810831691824282,0.4603214674038819,sub-NORB00083
O1-T6,1.7016230327825048,2.7620607760214386,0.6160700906927825,sub-NORB00083
O1-FZ,0.9407900898718811,1.4444842964749127,0.6512982468329799,sub-NORB00083
O1-CZ,0.8015296932978739,1.7207677022482675,0.46579773216956366,sub-NORB00083
O1-PZ,2.810048519564434,3.474703303420905,0.808716104421892,sub-NORB00083
O2-F7,0.8552368293373229,1.1868838478734145,0.7205733154677972,sub-NORB00083
O2-F8,1.123851906575735,1.1503641736577386,0.976953153019618,sub-NORB00083
O2-T3,0.8405115957657756,0.9427603447131112,0.8915432224947363,sub-NORB00083
O2-T4,0.7812842092539493,1.1177984105445264,0.6989491145128333,sub-NORB00083
O2-T5,1.8308660556837346,2.7707971366397346,0.6607723212476339,sub-NORB00083
O2-T6,1.8577015973173947,3.1912917943803834,0.5821158693757377,sub-NORB00083
O2-FZ,0.9603701947392395,1.2574395027918632,0.7637506159198532,sub-NORB00083
O2-CZ,1.141606352084469,1.7932380801549797,0.6366172817308264,sub-NORB00083
O2-PZ,2.9227284246370258,3.805775902770326,0.7679717616871486,sub-NORB00083
F7-F8,3.615853685337973,6.314257423490089,0.5726490769740231,sub-NORB00083
F7-T3,2.110893815962207,3.3381646000282243,0.6323516269821924,sub-NORB00083
F7-T4,0.6579478411401205,1.1526547712904756,0.57081084252443,sub-NORB00083
F7-T5,1.0751403310032688,1.088038152155294,0.9881458006537033,sub-NORB00083
F7-T6,0.909197033960728,1.2499268783780098,0.7274001781132702,sub-NORB00083
F7-FZ,4.039755256201428,7.420077764793552,0.5444357032710728,sub-NORB00083
F7-CZ,2.3849744039370213,4.173736072343239,0.5714243456218442,sub-NORB00083
F7-PZ,1.2555648142851465,1.7715718141673176,0.7087292788496372,sub-NORB00083
F8-T3,1.097275821256727,1.4466297203228042,0.758504962148765,sub-NORB00083
F8-T4,1.4378355273970225,2.4514828022388366,0.5865166690477728,sub-NORB00083
F8-T5,1.1391828050900443,1.439484395994993,0.7913825313143629,sub-NORB00083
F8-T6,0.6661467704530126,1.1295529687827075,0.5897437206250745,sub-NORB00083
F8-FZ,4.2952625234472706,5.913290954639499,0.7263742907961019,sub-NORB00083
F8-CZ,2.8160120113760128,3.124218032357954,0.9013493879781087,sub-NORB00083
F8-PZ,1.3172613690688784,1.491028732706879,0.8834580717149992,sub-NORB00083
T3-T4,0.5380460459821996,1.2648206390407803,0.4253931580293038,sub-NORB00083
T3-T5,1.6001289917936432,2.170630091219344,0.737172583327994,sub-NORB00083
T3-T6,0.7873064392948445,1.131170790508496,0.6960102275456795,sub-NORB00083
T3-FZ,1.3945525018009022,1.455251937098125,0.9582893973546177,sub-NORB00083
T3-CZ,1.7754399431400387,1.823418380855457,0.9736876417287682,sub-NORB00083
T3-PZ,1.1492319319045126,1.5409257230749906,0.7458061830593401,sub-NORB00083
T4-T5,0.9247807669994692,1.1135606873516373,0.8304718166720305,sub-NORB00083
T4-T6,1.8538542502352329,2.310423067788166,0.8023873532434822,sub-NORB00083
T4-FZ,0.8204895270004483,1.0923289173639348,0.7511377882227054,sub-NORB00083
T4-CZ,1.1615157138594696,1.184211523612366,0.9808346656823063,sub-NORB00083
T4-PZ,1.073292675443858,1.0848253188727428,0.9893691240163269,sub-NORB00083
T5-T6,2.111548242592523,2.2187071584523332,0.9517020912599573,sub-NORB00083
T5-FZ,0.875961324375651,0.9222470361581039,0.9498120243625072,sub-NORB00083
T5-CZ,0.8629410051282589,0.8937547161910864,0.9655233024177525,sub-NORB00083
T5-PZ,1.95615011417656,3.9535719796871085,0.4947804477133543,sub-NORB00083
T6-FZ,0.745113998291608,1.405458352663598,0.5301572948636166,sub-NORB00083
T6-CZ,0.9165041889898813,1.0507237248290302,0.8722599169815181,sub-NORB00083
T6-PZ,2.4118753246956546,3.340421537324392,0.722027234511102,sub-NORB00083
FZ-CZ,2.3607815054051917,4.5681009952786065,0.5167971347054705,sub-NORB00083
FZ-PZ,1.2390930746529132,1.9928222491384175,0.6217780211901117,sub-NORB00083
CZ-PZ,2.0506553261229565,5.300461509413056,0.3868824106129647,sub-NORB00083
Fp1-Fp2,6.469718616738454,10.099671153305243,0.6405870566014576,sub-NORB00084
Fp1-F3,3.1176156247064104,9.830222270025041,0.3171459951839389,sub-NORB00084
Fp1-F4,2.4512578964144174,7.498258711634938,0.3269102855321378,sub-NORB00084
Fp1-C3,1.226068232094645,1.4329920321800407,0.8556001740145072,sub-NORB00084
Fp1-C4,0.35916075345905296,1.2346367538604874,0.29090398640411586,sub-NORB00084
Fp1-P3,0.6425558649513695,2.251521588119742,0.2853873879521499,sub-NORB00084
Fp1-P4,0.8566202756591677,1.8956177108080605,0.45189505815178793,sub-NORB00084
Fp1-O1,0.8857280694573204,1.3805153766743077,0.6415923244484673,sub-NORB00084
Fp1-O2,1.2722236132682772,1.4080898408092897,0.9035102565167827,sub-NORB00084
Fp1-F7,4.580837487815187,8.370349168387365,0.5472695816700002,sub-NORB00084
Fp1-F8,2.9725810148581444,6.950679636149608,0.4276676771862892,sub-NORB00084
Fp1-T3,0.76310650254895,1.5474380714698834,0.4931418688853176,sub-NORB00084
Fp1-T4,0.3659961786536163,1.2054295238481259,0.30362304175629995,sub-NORB00084
Fp1-T5,1.0518824626294196,2.575729027434689,0.40838242354905147,sub-NORB00084
Fp1-T6,1.1180888424144397,2.781007612028814,0.4020445099029291,sub-NORB00084
Fp1-FZ,2.8830451761010467,9.539223121983879,0.30223060507483523,sub-NORB00084
Fp1-CZ,0.6146035256169381,1.3936293809366034,0.4410093056475943,sub-NORB00084
Fp1-PZ,0.9631847737154733,1.5999538162189075,0.6020078604466975,sub-NORB00084
Fp2-F3,3.228787291535487,9.471990595816727,0.34087737512761784,sub-NORB00084
Fp2-F4,2.8505936353759322,7.868819490643779,0.36226445895287834,sub-NORB00084
Fp2-C3,1.121372502380711,1.4477032951317745,0.7745872418413196,sub-NORB00084
Fp2-C4,0.37177007903014003,1.3381027198444178,0.27783373691473107,sub-NORB00084
Fp2-P3,0.4358594106169914,2.1528324059761252,0.2024585886978817,sub-NORB00084
Fp2-P4,0.8368959697145787,1.8496943643447377,0.4524509485711996,sub-NORB00084
Fp2-O1,0.9617695907559934,1.389127471189499,0.6923551730874904,sub-NORB00084
Fp2-O2,1.2190260642723614,1.2413561137764497,0.9820115684320787,sub-NORB00084
Fp2-F7,3.842003122242135,7.607707890784202,0.5050145428028654,sub-NORB00084
Fp2-F8,3.5921853665540033,7.971400138172375,0.45063418023042484,sub-NORB00084
Fp2-T3,0.7666573021332521,1.0573372608353195,0.725083027460487,sub-NORB00084
Fp2-T4,0.4384211528219651,1.1749510102042422,0.3731399428694088,sub-NORB00084
Fp2-T5,0.8292274515657045,2.350371651314657,0.35280694910606347,sub-NORB00084
Fp2-T6,1.1493974998898921,2.5040532812494067,0.4590147935336248,sub-NORB00084
Fp2-FZ,3.317552848389134,9.425636867400105,0.3519712137291602,sub-NORB00084
Fp2-CZ,0.619809871370505,1.4880832402248068,0.4165155917466482,sub-NORB00084
Fp2-PZ,0.827011876092746,1.5666167934724895,0.5278967259502115,sub-NORB00084
F3-F4,8.151804105754033,10.189892841312586,0.7999891885716807,sub-NORB00084
F3-C3,1.2318511996285328,5.448806387444635,0.22607725656522049,sub-NORB00084
F3-C4,0.4083034472135518,5.754286356782741,0.07095640048088203,sub-NORB00084
F3-P3,2.1608982540980386,2.222528296822783,0.9722703000844365,sub-NORB00084
F3-P4,1.4729150172108152,3.4959913827914564,0.4213154026812079,sub-NORB00084
F3-O1,1.17104687827719,1.5306814447404327,0.7650493721610192,sub-NORB00084
F3-O2,0.9818112766674681,2.4318896983200404,0.4037236052875702,sub-NORB00084
F3-F7,5.264753453878376,7.532533255659732,0.6989353083735261,sub-NORB00084
F3-F8,6.766912941049651,7.310841754743812,0.9255997008359236,sub-NORB00084
F3-T3,0.7441943528735954,3.3271274667744755,0.22367473452860034,sub-NORB00084
F3-T4,0.4513169694945784,2.63230342288823,0.1714532472093897,sub-NORB00084
F3-T5,1.4876519097228929,2.5634397165542495,0.5803342673189834,sub-NORB00084
F3-T6,2.0899299017204136,2.6791709746819885,0.7800658940657879,sub-NORB00084
F3-FZ,11.671710027861629,12.167583990056421,0.9592463086673549,sub-NORB00084
F3-CZ,0.9493479664125749,6.212906478325627,0.1528025521910678,sub-NORB00084
F3-PZ,1.3605096827089274,4.287194699990268,0.3173426396314625,sub-NORB00084
F4-C3,1.0898307731941048,6.0494773955193555,0.18015287965226645,sub-NORB00084
F4-C4,0.8357487579835445,7.818340219878206,0.10689593116690485,sub-NORB00084
F4-P3,1.2811770488705898,3.13875534175266,0.4081799660610658,sub-NORB00084
F4-P4,1.2495960127966028,4.414104173026131,0.2830916452839241,sub-NORB00084
F4-O1,1.1829117000274778,1.4947299007126655,0.7913882631661296,sub-NORB00084
F4-O2,1.0558421843235262,2.408143717318194,0.4384464999868673,sub-NORB00084
F4-F7,4.385303447329244,6.734724860330811,0.6511481223471745,sub-NORB00084
F4-F8,7.208516535470185,8.467900671453673,0.8512755185911632,sub-NORB00084
F4-T3,1.0707402266319155,3.234919585243669,0.3309943874698395,sub-NORB00084
F4-T4,0.6493563817002573,3.0387358460388194,0.21369293502320502,sub-NORB00084
F4-T5,1.4969230812892897,2.144577572967701,0.6980037001962226,sub-NORB00084
F4-T6,1.640761432934887,2.7194660247375095,0.6033395593141333,sub-NORB00084
F4-FZ,8.334846917605596,8.552368690774173,0.9745659031978792,sub-NORB00084
F4-CZ,1.5571276001394425,7.705087078373419,0.2020908504084239,sub-NORB00084
F4-PZ,1.284270184858419,4.767965835022645,0.2693538983490471,sub-NORB00084
C3-C4,2.5062859366072905,8.163599116266571,0.30700747316380733,sub-NORB00084
C3-P3,3.042412310914997,5.5964101607774746,0.5436364068233936,sub-NORB00084
C3-P4,2.3021909314332607,6.342954413533536,0.36295246368494,sub-NORB00084
C3-O1,2.0970490968928903,2.227286857484022,0.9415262743756994,sub-NORB00084
C3-O2,1.85635771201594,2.9345876019952084,0.6325787346589393,sub-NORB00084
C3-F7,0.9002296534856008,3.9957076140043037,0.22529918113388542,sub-NORB00084
C3-F8,0.9008382510490959,4.363709367622219,0.2064386454636785,sub-NORB00084
C3-T3,2.3295300708646094,4.810468599405486,0.4842626082524497,sub-NORB00084
C3-T4,1.043331243555832,3.3315927808326413,0.31316289600527936,sub-NORB00084
C3-T5,2.3280453734750854,3.8546826732232025,0.6039525353531693,sub-NORB00084
C3-T6,2.565923121102944,2.668348416096105,0.9616147222846507,sub-NORB00084
C3-FZ,1.2399770158811596,5.421803056725086,0.2287019655468893,sub-NORB00084
C3-CZ,4.918437602081784,9.601092772058953,0.5122789372888256,sub-NORB00084
C3-PZ,2.391670312074743,7.867070389762349,0.30401028509762595,sub-NORB00084
C4-P3,0.8784987230307962,4.309819784299419,0.20383653307990932,sub-NORB00084
C4-P4,1.223100604854977,7.169367708450176,0.1706009029796825,sub-NORB00084
C4-O1,0.637340144942159,1.7748172411938121,0.3591018444882014,sub-NORB00084
C4-O2,0.8660535965045725,2.9499355620500123,0.29358390320320144,sub-NORB00084
C4-F7,0.6279318617958325,2.521690694866188,0.24901224526632648,sub-NORB00084
C4-F8,0.5150264458306686,5.76769130587213,0.08929507813747178,sub-NORB00084
C4-T3,1.5742329834842475,3.132109832439498,0.5026110410241038,sub-NORB00084
C4-T4,3.0011577995580447,4.190093095993879,0.7162508638358018,sub-NORB00084
C4-T5,1.3786354107048797,1.7847561908133396,0.7724502751698624,sub-NORB00084
C4-T6,1.674851969307895,3.340731000406796,0.5013429602993927,sub-NORB00084
C4-FZ,0.4289004813281086,5.904158272079141,0.07264379807641436,sub-NORB00084
C4-CZ,3.326994021396561,9.226393183064413,0.36059530039359844,sub-NORB00084
C4-PZ,1.0845982723648304,7.547684738598032,0.14369946678062928,sub-NORB00084
P3-P4,5.896472257326723,6.593333498385272,0.8943082067319645,sub-NORB00084
P3-O1,3.7054940177369398,7.100178836648545,0.5218874204422184,sub-NORB00084
P3-O2,3.792685866331575,6.407813346647081,0.5918845729668634,sub-NORB00084
P3-F7,2.0893857332764254,2.153894770092163,0.9700500517892165,sub-NORB00084
P3-F8,2.3224603230830927,2.4913446390303755,0.9322115803243456,sub-NORB00084
P3-T3,0.6249518439185011,4.338475801815816,0.1440487102998097,sub-NORB00084
P3-T4,0.6498323340422467,2.8175361347316707,0.23063850931023952,sub-NORB00084
P3-T5,3.8133251474520353,4.468369710597081,0.8534041259854669,sub-NORB00084
P3-T6,3.706245577202526,4.9080985854264325,0.7551285926096601,sub-NORB00084
P3-FZ,1.9813755736400376,2.245066799355969,0.8825463786682983,sub-NORB00084
P3-CZ,2.5300632662143703,5.291332818232213,0.47815235841839215,sub-NORB00084
P3-PZ,6.511179982416882,6.9671736572719345,0.934551125422414,sub-NORB00084
P4-O1,3.33265052086938,6.827647197128163,0.48811112007532487,sub-NORB00084
P4-O2,4.544514264012362,7.876811297247238,0.5769484747718361,sub-NORB00084
P4-F7,2.1149702873404297,2.152727231070253,0.9824608788401621,sub-NORB00084
P4-F8,2.209224459593863,3.46251056738443,0.6380412179543771,sub-NORB00084
P4-T3,0.6926456812419628,2.992836897348459,0.2314344900838468,sub-NORB00084
P4-T4,0.7344915128550942,4.226417442989477,0.17378584173539788,sub-NORB00084
P4-T5,1.8427371214297423,2.71661972076243,0.6783198647003015,sub-NORB00084
P4-T6,4.9397529971794345,8.161212474707243,0.6052719510107635,sub-NORB00084
P4-FZ,1.3547163422395108,3.730534031773285,0.3631427379300854,sub-NORB00084
P4-CZ,2.6459753740963947,6.874214667994613,0.3849131139904152,sub-NORB00084
P4-PZ,9.039792255612163,9.350090895526758,0.9668133023109917,sub-NORB00084
O1-O2,6.088430504700824,9.09972174885443,0.6690787556737436,sub-NORB00084
O1-F7,1.5044280946341564,1.9453228844397883,0.7733564986397616,sub-NORB00084
O1-F8,1.3295687688216051,2.3140839562207436,0.5745551129411036,sub-NORB00084
O1-T3,0.6859234917866708,2.0538672022249704,0.33396681686313723,sub-NORB00084
O1-T4,0.7483688768064761,1.6894359884056431,0.44296965492769447,sub-NORB00084
O1-T5,2.1054345598579474,4.236351361428273,0.49699243056839043,sub-NORB00084
O1-T6,4.1355346526985635,5.575631556034765,0.741715913459612,sub-NORB00084
O1-FZ,1.0575932137778785,1.6757854300245356,0.6311030009148569,sub-NORB00084
O1-CZ,2.1550126361029847,2.1550425989450495,0.9999860964038114,sub-NORB00084
O1-PZ,2.9150609173932645,7.993118775417567,0.3646963093252645,sub-NORB00084
O2-F7,1.8285939301002614,1.856139483810562,0.9851597609174548,sub-NORB00084
O2-F8,2.2142560277662287,2.250030180707351,0.9841005897397003,sub-NORB00084
O2-T3,0.7537807527912856,2.16636957316691,0.34794651943406424,sub-NORB00084
O2-T4,0.8914268650060814,2.5898341941064387,0.34420229180488027,sub-NORB00084
O2-T5,1.7808787586277726,3.057305654864625,0.5824994160443628,sub-NORB00084
O2-T6,5.242245683461964,6.061116399907368,0.864897708208026,sub-NORB00084
O2-FZ,0.8366938395132171,2.6024948390646623,0.3214968294860962,sub-NORB00084
O2-CZ,2.1392294577251985,3.1127436668138375,0.6872488346960111,sub-NORB00084
O2-PZ,4.161889174136823,8.797986516212768,0.4730501878432491,sub-NORB00084
F7-F8,5.717984738663739,6.909236095081707,0.8275856635922526,sub-NORB00084
F7-T3,1.1200935828359955,5.303470589229772,0.21120011207579217,sub-NORB00084
F7-T4,0.5585544555318069,2.881457038255344,0.1938444502611772,sub-NORB00084
F7-T5,1.99129950152983,2.3071638897661755,0.8630940828965742,sub-NORB00084
F7-T6,1.599895622146477,2.948754868889319,0.5425665046037196,sub-NORB00084
F7-FZ,5.083828681446574,7.441102679478987,0.6832090485012008,sub-NORB00084
F7-CZ,0.8152056869040575,3.328048968176584,0.24495002768865606,sub-NORB00084
F7-PZ,2.049664691969122,2.161520802873498,0.9482511985285195,sub-NORB00084
F8-T3,0.748949452659682,3.349291489459212,0.2236142942520091,sub-NORB00084
F8-T4,0.9178814639714663,4.339071591513479,0.21153867702176055,sub-NORB00084
F8-T5,1.6281200168426284,2.2310814723092136,0.7297447614754704,sub-NORB00084
F8-T6,2.187412887855626,2.5303710969842674,0.8644632759450248,sub-NORB00084
F8-FZ,6.504013932062751,6.855258306744702,0.9487627804868606,sub-NORB00084
F8-CZ,0.6308731103772472,5.504270836236187,0.11461520138580925,sub-NORB00084
F8-PZ,2.222419287022035,3.319692063206854,0.669465493999813,sub-NORB00084
T3-T4,1.7863986820926614,3.2239480279824506,0.5541028163566865,sub-NORB00084
T3-T5,1.8329415578157051,3.88294770246817,0.47204899428612135,sub-NORB00084
T3-T6,0.8196313838939152,2.34234085898333,0.3499197739519722,sub-NORB00084
T3-FZ,0.765088596809969,3.5027335508455826,0.21842614795101148,sub-NORB00084
T3-CZ,1.6576229921584071,3.997344250741888,0.41468107027578627,sub-NORB00084
T3-PZ,0.6303525263261347,3.143950474404798,0.2004969643949213,sub-NORB00084
T4-T5,0.660454384811667,2.2891791597762583,0.2885114439344359,sub-NORB00084
T4-T6,1.3332832610856786,3.953627696900726,0.33723035229919296,sub-NORB00084
T4-FZ,0.4779956026982603,2.7030398112144014,0.1768363161782327,sub-NORB00084
T4-CZ,1.309577651953266,3.2675352847453434,0.4007845479334521,sub-NORB00084
T4-PZ,0.7647688354863287,3.506500615339769,0.21810029980908044,sub-NORB00084
T5-T6,1.9857682104075494,3.1877487610542543,0.6229374895124467,sub-NORB00084
T5-FZ,1.5830864092328247,2.565565523792695,0.6170516381481991,sub-NORB00084
T5-CZ,1.6788956049825898,2.134014470477409,0.78673112493328,sub-NORB00084
T5-PZ,1.6315398734025097,2.6506499591108685,0.6155244557262446,sub-NORB00084
T6-FZ,1.9021209099273748,2.7572210727178947,0.6898688424908866,sub-NORB00084
T6-CZ,2.6316136793061427,3.1602844410051802,0.8327141839388086,sub-NORB00084
T6-PZ,3.716472225117227,6.59821170975913,0.5632544678159317,sub-NORB00084
FZ-CZ,0.949551727378384,6.682868715297259,0.14208744295766812,sub-NORB00084
FZ-PZ,1.288368950992482,4.329669148378444,0.29756752925913627,sub-NORB00084
CZ-PZ,2.7009825885511227,8.567081940677841,0.31527451321860667,sub-NORB00084
Fp1-Fp2,8.100426798578692,10.076812545638138,0.8038679653800896,sub-NORB00085
Fp1-F3,6.537166666398885,9.988246699039504,0.6544859036198531,sub-NORB00085
Fp1-F4,6.464315607974954,8.839625000558046,0.7312884435218532,sub-NORB00085
Fp1-C3,1.6447752867496446,4.192208472533361,0.3923410053497896,sub-NORB00085
Fp1-C4,1.9174663571918638,2.4460364387221705,0.7839075194617967,sub-NORB00085
Fp1-P3,1.299003620542789,1.604462569963794,0.8096191490288877,sub-NORB00085
Fp1-P4,1.488576786753267,1.8816984031320727,0.7910814954593904,sub-NORB00085
Fp1-O1,0.7028276991846898,0.8242451517669387,0.8526925486647199,sub-NORB00085
Fp1-O2,0.9563984016607193,1.0739866321985398,0.8905123890628809,sub-NORB00085
Fp1-F7,5.412603412484526,9.50310421758593,0.5695616178204439,sub-NORB00085
Fp1-F8,5.575455541871286,8.527995044442548,0.6537826901652167,sub-NORB00085
Fp1-T3,0.8575293262832432,1.6179534299796368,0.5300086580947115,sub-NORB00085
Fp1-T4,0.745099288919922,1.0811057548058305,0.6892011124792726,sub-NORB00085
Fp1-T5,0.8450796425620739,0.8770679272796575,0.9635281558900466,sub-NORB00085
Fp1-T6,1.0584485283211913,1.513331736097823,0.6994160652775555,sub-NORB00085
Fp1-FZ,6.158904492076788,9.864300089155797,0.624363050232779,sub-NORB00085
Fp1-CZ,2.236575725167102,3.521406748628639,0.6351370020058331,sub-NORB00085
Fp1-PZ,1.8763903645286055,2.78687831948454,0.6732946865350268,sub-NORB00085
Fp2-F3,9.381218107351566,12.640571788353988,0.7421514045744885,sub-NORB00085
Fp2-F4,8.557412576710448,10.973746752594542,0.7798077329137566,sub-NORB00085
Fp2-C3,1.6206171706742112,3.623354228052817,0.44726986893167425,sub-NORB00085
Fp2-C4,1.9882393293808773,2.6254311020851477,0.7573001355098576,sub-NORB00085
Fp2-P3,1.5261882296504525,1.7691994896793672,0.86264338111868,sub-NORB00085
Fp2-P4,1.3741507381199596,1.8579849642190827,0.7395919582683597,sub-NORB00085
Fp2-O1,0.7201638920611171,0.7296830381769407,0.9869544094931869,sub-NORB00085
Fp2-O2,0.8747651776562568,1.3093477859488902,0.6680923029340983,sub-NORB00085
Fp2-F7,5.440412794958181,7.601001982163332,0.7157494245791234,sub-NORB00085
Fp2-F8,6.971158210961503,9.723913436806585,0.716908707205737,sub-NORB00085
Fp2-T3,0.8075374663430763,1.442702694712542,0.5597393484483495,sub-NORB00085
Fp2-T4,0.7938573181183775,1.2229602822466594,0.6491276369662706,sub-NORB00085
Fp2-T5,0.7190713842630795,1.0319750453921064,0.6967914461438001,sub-NORB00085
Fp2-T6,0.8679924124363386,1.6114406376372485,0.5386437403670171,sub-NORB00085
Fp2-FZ,8.818435036404209,12.524045858095349,0.7041203087502358,sub-NORB00085
Fp2-CZ,3.008272144085192,3.278540750409276,0.9175643596040876,sub-NORB00085
Fp2-PZ,1.319856852947314,2.715652867638828,0.486018249488156,sub-NORB00085
F3-F4,8.632544969915903,10.257756837264258,0.841562644432718,sub-NORB00085
F3-C3,2.1674970131744176,3.820053386312043,0.5673996653923633,sub-NORB00085
F3-C4,2.70435072901532,2.8396949656802315,0.9523384594822174,sub-NORB00085
F3-P3,1.5328378399988674,1.775214127470046,0.8634664496408655,sub-NORB00085
F3-P4,1.2596555879149776,2.2855430030416337,0.551140620079609,sub-NORB00085
F3-O1,0.7407435756422966,0.7933554921723198,0.9336843104394925,sub-NORB00085
F3-O2,0.9356576495199208,1.379586543927103,0.6782159869844024,sub-NORB00085
F3-F7,4.699781997123411,7.898237724857825,0.5950418512134631,sub-NORB00085
F3-F8,5.9634998442948515,8.901390590136089,0.669951484985188,sub-NORB00085
F3-T3,0.8554691591106884,1.4512718363603803,0.5894616967529012,sub-NORB00085
F3-T4,0.7729554704759479,1.385282562156719,0.5579767562168318,sub-NORB00085
F3-T5,0.6575094794040863,0.8460850085123524,0.7771198789589321,sub-NORB00085
F3-T6,0.8025220940994721,1.4237209421353112,0.5636793491959465,sub-NORB00085
F3-FZ,11.914038072994222,13.516428250359967,0.8814486972678547,sub-NORB00085
F3-CZ,3.5933925285231165,5.110744495330804,0.7031054931049778,sub-NORB00085
F3-PZ,1.9319542531665825,2.920854565758645,0.661434593770946,sub-NORB00085
F4-C3,1.6464345088266552,3.9418047788579296,0.41768545151129516,sub-NORB00085
F4-C4,2.2072818387167312,3.2150931364387434,0.686537448542367,sub-NORB00085
F4-P3,0.8899206393649659,1.5826929349064272,0.5622825626738394,sub-NORB00085
F4-P4,1.3340295123528445,1.5524146878499891,0.8593254900212286,sub-NORB00085
F4-O1,0.6992996376428121,0.7477782135451365,0.9351698471228619,sub-NORB00085
F4-O2,0.9986204845577294,1.2379963370209686,0.8066425196061103,sub-NORB00085
F4-F7,4.848074343834857,7.18496793792836,0.6747523977445473,sub-NORB00085
F4-F8,7.047247993914203,11.797290211527605,0.5973615862249497,sub-NORB00085
F4-T3,0.6109915989376411,1.4274689028173577,0.4280244548457365,sub-NORB00085
F4-T4,1.0564794521081746,1.509498092058976,0.6998879015919273,sub-NORB00085
F4-T5,0.6559435911454198,0.8421460552139183,0.7788952843563458,sub-NORB00085
F4-T6,0.8278789675103895,1.0862548024941439,0.7621406741857445,sub-NORB00085
F4-FZ,8.040512189898024,10.229353671006436,0.7860234818830877,sub-NORB00085
F4-CZ,3.504002901662226,4.355863823193567,0.8044335277435771,sub-NORB00085
F4-PZ,1.2785099062745071,2.7655296998619097,0.46230199818079937,sub-NORB00085
C3-C4,4.094703532375783,4.576828973755346,0.8946595024318831,sub-NORB00085
C3-P3,4.391652790194911,5.917664138737741,0.7421260631279535,sub-NORB00085
C3-P4,2.1920693835871847,4.844103865044048,0.4525232002983181,sub-NORB00085
C3-O1,1.1962424394524127,2.5386296052852444,0.4712158232780087,sub-NORB00085
C3-O2,1.423956703048187,2.443338906932845,0.5827913184731701,sub-NORB00085
C3-F7,1.704109517715431,4.6888254508604374,0.36344059628039965,sub-NORB00085
C3-F8,1.8696916349027457,3.635286515165332,0.5143175447390321,sub-NORB00085
C3-T3,2.7053271951295073,3.0852308354968017,0.8768637873068191,sub-NORB00085
C3-T4,0.992596659240454,2.1978743289588607,0.4516166580418863,sub-NORB00085
C3-T5,1.6000440180059807,3.229629106975415,0.4954265536405326,sub-NORB00085
C3-T6,0.8010769963939156,2.6982329376191028,0.2968894883852315,sub-NORB00085
C3-FZ,2.3274285305322087,3.844690553140133,0.6053617315524372,sub-NORB00085
C3-CZ,5.263919582390443,6.754890552461138,0.7792753326658326,sub-NORB00085
C3-PZ,6.012325463545979,6.589064312500827,0.912470295993218,sub-NORB00085
C4-P3,3.0406847787977314,3.2990100918223053,0.9216961131265045,sub-NORB00085
C4-P4,3.4296165552130313,5.691119800951148,0.6026259638111721,sub-NORB00085
C4-O1,0.9973055028141521,1.2936285030593162,0.7709365559398339,sub-NORB00085
C4-O2,1.0494682680100234,2.148475268589738,0.48847118854614313,sub-NORB00085
C4-F7,2.1515934251694837,2.8211688290395314,0.762660285702219,sub-NORB00085
C4-F8,2.884850536929748,3.258124918088921,0.8854327594725496,sub-NORB00085
C4-T3,2.058547249366679,2.5205302693757456,0.816711973023246,sub-NORB00085
C4-T4,2.5504746122982205,2.920595696321243,0.873272057310355,sub-NORB00085
C4-T5,1.084843653539032,1.4663648797736766,0.739818355242162,sub-NORB00085
C4-T6,2.0152019947118376,3.609139161499723,0.5583608457686766,sub-NORB00085
C4-FZ,2.870536221605582,2.898882498400965,0.9902216537541556,sub-NORB00085
C4-CZ,3.9025523652284644,5.663576217687448,0.6890615072929936,sub-NORB00085
C4-PZ,3.9530138201678464,4.006724654652758,0.9865948276673965,sub-NORB00085
P3-P4,4.963205867964358,6.179177746380823,0.8032146139300385,sub-NORB00085
P3-O1,2.708259491850371,4.343091017196292,0.6235788016247249,sub-NORB00085
P3-O2,2.721589112896677,4.620909178236734,0.5889726475721803,sub-NORB00085
P3-F7,1.3743082780667841,1.6046874862444342,0.8564335983470381,sub-NORB00085
P3-F8,1.6106615578188705,2.508740338787882,0.6420200340849442,sub-NORB00085
P3-T3,1.9173539861055087,2.46792849989993,0.7769082395147403,sub-NORB00085
P3-T4,0.7417985483371542,1.5070459283115665,0.4922202664176502,sub-NORB00085
P3-T5,3.2477257404320556,4.856354701866985,0.6687579346672299,sub-NORB00085
P3-T6,1.843141759686102,3.1806696189354957,0.57948230420202,sub-NORB00085
P3-FZ,1.5802212599334706,1.8572225266515512,0.8508518700677751,sub-NORB00085
P3-CZ,4.840741962313163,5.386453223962147,0.8986882018725539,sub-NORB00085
P3-PZ,6.332667929928472,7.0558798963985865,0.8975022283416061,sub-NORB00085
P4-O1,3.055049861660767,3.3637718943769968,0.9082214720824856,sub-NORB00085
P4-O2,4.078949243446287,5.070683456625794,0.8044180391730781,sub-NORB00085
P4-F7,1.3593794301534148,1.8531561893496629,0.7335482232776442,sub-NORB00085
P4-F8,1.458928482229643,2.176588435047355,0.6702821988475289,sub-NORB00085
P4-T3,1.0896898221376117,2.074426625809526,0.5252968741241307,sub-NORB00085
P4-T4,1.0358364442166716,2.0367192533059013,0.5085808672625614,sub-NORB00085
P4-T5,2.679967810917761,3.467102913163126,0.7729703669144214,sub-NORB00085
P4-T6,4.3211410801851375,4.95145643415689,0.8727010199214082,sub-NORB00085
P4-FZ,1.2363075587181909,2.56292506485869,0.4823814693881252,sub-NORB00085
P4-CZ,3.5563703893436247,5.506092365357459,0.6458973357801169,sub-NORB00085
P4-PZ,4.186080218963789,6.004383268689392,0.6971707220611029,sub-NORB00085
O1-O2,4.765367288491559,6.263942742265168,0.7607616296263121,sub-NORB00085
O1-F7,0.8648176716737259,1.189865932728058,0.7268194238412392,sub-NORB00085
O1-F8,0.811924832784014,0.8347152165213545,0.9726968152895084,sub-NORB00085
O1-T3,0.9611383975035892,1.0856700432401873,0.8852951257962937,sub-NORB00085
O1-T4,0.5971704568117232,0.8912338395484144,0.6700491277511498,sub-NORB00085
O1-T5,2.5516171896081916,4.78536158710114,0.5332130379626969,sub-NORB00085
O1-T6,1.6561262117308277,3.2647873100583222,0.507269250474158,sub-NORB00085
O1-FZ,0.7758816126862135,0.8265900246604916,0.9386534914994822,sub-NORB00085
O1-CZ,1.6283626695350917,2.1104034816151986,0.7715883165094208,sub-NORB00085
O1-PZ,2.130286398928436,4.200431051533338,0.5071589969678921,sub-NORB00085
O2-F7,0.9774137738749691,1.0221294304595558,0.9562524517423568,sub-NORB00085
O2-F8,1.0335335239543435,1.1329183134837277,0.9122754144349775,sub-NORB00085
O2-T3,0.8974442790989523,0.9938779433304382,0.9029723268550047,sub-NORB00085
O2-T4,0.6715610567286856,1.350806321097243,0.49715569600176657,sub-NORB00085
O2-T5,2.434385392770324,4.215099655485868,0.5775392260541267,sub-NORB00085
O2-T6,2.5963683307202565,5.562360213064512,0.46677457612724804,sub-NORB00085
O2-FZ,0.9356743015383413,1.39895203022655,0.6688394464725255,sub-NORB00085
O2-CZ,1.8183096121527165,2.287562707486373,0.794867658142022,sub-NORB00085
O2-PZ,2.342748203464189,3.9850325390720545,0.587886844208734,sub-NORB00085
F7-F8,5.87702358205331,7.04417888243199,0.8343092474142675,sub-NORB00085
F7-T3,1.9825040421871005,2.369209102784716,0.8367788389200891,sub-NORB00085
F7-T4,0.9730757161706061,1.6657251179827177,0.5841754474766238,sub-NORB00085
F7-T5,0.7920079861674858,1.1716587852075186,0.6759715338345789,sub-NORB00085
F7-T6,1.0821765582295642,1.7210108333940348,0.6288028740036373,sub-NORB00085
F7-FZ,4.65266057805203,7.930775718929803,0.5866589527865088,sub-NORB00085
F7-CZ,2.39426923815066,3.398798167061019,0.7044458424611347,sub-NORB00085
F7-PZ,1.683073411054926,2.6977217323730174,0.6238869601923069,sub-NORB00085
F8-T3,1.4824798560847772,1.8278942673220764,0.8110315145616478,sub-NORB00085
F8-T4,1.159278067331418,2.9930840868557533,0.3873189104250139,sub-NORB00085
F8-T5,0.6901321941727409,1.6502909936422154,0.4181881842847663,sub-NORB00085
F8-T6,0.9713115674714303,1.2344057485223203,0.7868657195044383,sub-NORB00085
F8-FZ,5.886473240439062,8.745887142350405,0.673056162814503,sub-NORB00085
F8-CZ,2.6420457875204555,3.1838597003291738,0.8298248152226365,sub-NORB00085
F8-PZ,2.028647250190959,2.4395214690927753,0.8315758954748552,sub-NORB00085
T3-T4,1.3984628524956777,1.9897179326901144,0.7028447748897477,sub-NORB00085
T3-T5,2.082813031504835,2.2331419270949557,0.9326827848395286,sub-NORB00085
T3-T6,0.5562571583062123,1.3804531761863765,0.40295257231608655,sub-NORB00085
T3-FZ,0.9415589284973881,1.468637914711121,0.6411103234268546,sub-NORB00085
T3-CZ,1.4249095991056357,2.180134464786279,0.6535879424507521,sub-NORB00085
T3-PZ,1.4389880546012481,1.7925193077489343,0.8027740891719294,sub-NORB00085
T4-T5,0.4848249931751145,1.886160374162664,0.2570433563425624,sub-NORB00085
T4-T6,1.1980702338591311,3.379514468006318,0.3545095738459467,sub-NORB00085
T4-FZ,0.7741338287274577,1.4496621217077803,0.5340098338332012,sub-NORB00085
T4-CZ,0.8555322676928753,1.3829948634798244,0.6186084202368088,sub-NORB00085
T4-PZ,0.8205267814330898,1.0407348381541415,0.7884109874599614,sub-NORB00085
T5-T6,2.268892867594605,3.6946346029589496,0.6141048064069718,sub-NORB00085
T5-FZ,0.6558789235280335,0.7988323558688133,0.8210470178247812,sub-NORB00085
T5-CZ,1.43768227924843,2.504767953282111,0.5739782311429567,sub-NORB00085
T5-PZ,1.6668653771956996,3.483540143060904,0.47849753662693967,sub-NORB00085
T6-FZ,0.8002823825207538,1.3725960495940481,0.5830429009011363,sub-NORB00085
T6-CZ,1.2762138958624911,1.793884798342789,0.7114246673150204,sub-NORB00085
T6-PZ,1.4138624582024764,2.5214714531506477,0.5607291157057585,sub-NORB00085
FZ-CZ,3.8038707028229997,5.775413555518527,0.6586317440745559,sub-NORB00085
FZ-PZ,2.224802141236164,2.991281827820059,0.7437621291797576,sub-NORB00085
CZ-PZ,5.498405519470933,10.061038831290757,0.5465047508186118,sub-NORB00085
Fp1-Fp2,5.879871258737771,7.025132205678693,0.8369765986730952,sub-NORB00086
Fp1-F3,6.568203028246906,7.781794225077315,0.8440473801119623,sub-NORB00086
Fp1-F4,5.22504886122791,5.686342756924116,0.9188768747479211,sub-NORB00086
Fp1-C3,3.1197969176276095,4.177280338050884,0.7468488263067603,sub-NORB00086
Fp1-C4,2.238313370577812,3.8751052548390312,0.5776135674721924,sub-NORB00086
Fp1-P3,1.7244914284512867,2.1835674066354263,0.7897587329847939,sub-NORB00086
Fp1-P4,1.5885675046835288,3.0775518302262985,0.51617896052354,sub-NORB00086
Fp1-O1,1.2686166282836915,1.337218588300804,0.9486980209389066,sub-NORB00086
Fp1-O2,1.3029100191169671,2.0421953993161734,0.6379947871556487,sub-NORB00086
Fp1-F7,2.597646152793117,6.761409528726451,0.38418707545472375,sub-NORB00086
Fp1-F8,2.7338862378917845,3.2458176358520427,0.8422796794540572,sub-NORB00086
Fp1-T3,0.8882481954947729,3.9108530382047517,0.22712390028915957,sub-NORB00086
Fp1-T4,1.2195301268330656,3.9530307955029627,0.30850509138973176,sub-NORB00086
Fp1-T5,1.1441013207209239,1.9144614318888107,0.5976100127502447,sub-NORB00086
Fp1-T6,1.3598914083388238,1.7927388085598763,0.7585552350658583,sub-NORB00086
Fp1-FZ,6.317442539590919,7.2412346835414185,0.872426155991024,sub-NORB00086
Fp1-CZ,2.3081347898190225,4.40399493878042,0.5241002366951414,sub-NORB00086
Fp1-PZ,1.555131527382395,3.4150080518993953,0.45538151118485515,sub-NORB00086
Fp2-F3,4.75385936719206,5.083780422605591,0.9351032050978243,sub-NORB00086
Fp2-F4,5.003353970011007,5.451300413049067,0.9178275990870387,sub-NORB00086
Fp2-C3,1.6043217397420235,2.640181284244817,0.6076559020078482,sub-NORB00086
Fp2-C4,1.5199805596621165,3.1642823780729676,0.48035553659650854,sub-NORB00086
Fp2-P3,1.7094265779866966,2.1114521020711,0.8095976111937084,sub-NORB00086
Fp2-P4,1.278175460112863,2.0895120172697346,0.611710030642941,sub-NORB00086
Fp2-O1,1.1209735260719096,1.738661907929312,0.6447334705842561,sub-NORB00086
Fp2-O2,1.2554317865512052,1.81654752346011,0.6911086940130766,sub-NORB00086
Fp2-F7,2.2249830754631517,4.411598058511293,0.5043485480664979,sub-NORB00086
Fp2-F8,3.10015790731032,5.35703073169316,0.5787082551102846,sub-NORB00086
Fp2-T3,0.9613963651494695,4.011504032021258,0.23965982770433739,sub-NORB00086
Fp2-T4,1.459584918765645,3.797470767940743,0.38435711766048297,sub-NORB00086
Fp2-T5,1.5298650627998682,1.6024424695795347,0.9547082605725558,sub-NORB00086
Fp2-T6,1.1990900208154676,1.2070650642285807,0.9933930293822149,sub-NORB00086
Fp2-FZ,4.721449315823916,4.824937572112947,0.978551379216351,sub-NORB00086
Fp2-CZ,1.2820361152265196,3.3022126508840026,0.38823548049920964,sub-NORB00086
Fp2-PZ,1.4550934498281707,2.385124985888415,0.6100701046851744,sub-NORB00086
F3-F4,7.052666325540964,9.659772566676443,0.730106871239466,sub-NORB00086
F3-C3,3.3247243205254073,5.547751410520022,0.5992922311228365,sub-NORB00086
F3-C4,2.953837560083607,7.027427754849337,0.420329836624117,sub-NORB00086
F3-P3,1.4716842275772453,3.289421395307258,0.4473991169622639,sub-NORB00086
F3-P4,1.590621914999831,4.711461066314094,0.3376069318225776,sub-NORB00086
F3-O1,1.0328549452573514,1.5458951026179242,0.6681274450693611,sub-NORB00086
F3-O2,1.289046998469431,1.6288791533118492,0.7913705543155434,sub-NORB00086
F3-F7,2.0906389957605778,6.3566259951669934,0.32889130135233874,sub-NORB00086
F3-F8,3.1385120464947507,5.596040520025248,0.5608451252745021,sub-NORB00086
F3-T3,0.8959574096860858,3.2420634623577014,0.27635406280249847,sub-NORB00086
F3-T4,1.6505543037978825,3.5017352426330803,0.4713532547242982,sub-NORB00086
F3-T5,1.2566032166838959,1.7191412428708304,0.7309482114369309,sub-NORB00086
F3-T6,1.444035673811235,1.9490953860990055,0.7408748099811491,sub-NORB00086
F3-FZ,11.267119852732758,15.321659247078173,0.7353720423511826,sub-NORB00086
F3-CZ,3.4117347801372944,6.030399136324974,0.5657560474871756,sub-NORB00086
F3-PZ,1.6603347791250829,4.464283552690053,0.37191517060438767,sub-NORB00086
F4-C3,2.9540814346748623,4.483472004906825,0.65888254269054,sub-NORB00086
F4-C4,3.322621144436229,7.40443271824491,0.4487340584848744,sub-NORB00086
F4-P3,1.6923702744309008,3.435099564064952,0.4926699336854799,sub-NORB00086
F4-P4,1.3124890544364736,3.8837552829672832,0.3379432942627889,sub-NORB00086
F4-O1,1.0972484007857746,1.6192641674292485,0.6776216153339398,sub-NORB00086
F4-O2,1.2634770494881769,1.6241534739411345,0.7779295920983696,sub-NORB00086
F4-F7,1.6837215531824732,4.78951214294281,0.35154343551741113,sub-NORB00086
F4-F8,4.814591467879408,5.544440306253395,0.8683638387177126,sub-NORB00086
F4-T3,0.877144062040639,3.2715039206560697,0.2681164636552647,sub-NORB00086
F4-T4,2.521454219856416,4.033832017819399,0.6250766538412919,sub-NORB00086
F4-T5,1.4956099347682859,1.714408844264728,0.8723764694586138,sub-NORB00086
F4-T6,1.375121878702792,1.552001172519779,0.8860314689519134,sub-NORB00086
F4-FZ,7.081897666304914,9.96048029975851,0.7109996157993117,sub-NORB00086
F4-CZ,2.4733908881629216,5.359345500349535,0.4615098780255178,sub-NORB00086
F4-PZ,1.4549058627498495,4.020570239410783,0.361865550435718,sub-NORB00086
C3-C4,2.803364988054464,8.677387013504493,0.3230655707405498,sub-NORB00086
C3-P3,2.5907643955185042,5.774742394901425,0.44863722368047354,sub-NORB00086
C3-P4,2.2144210472892185,7.637956649548469,0.28992322801676645,sub-NORB00086
C3-O1,1.7138237031907848,1.7245227056790333,0.9937959631073482,sub-NORB00086
C3-O2,2.2468273487747963,2.284095213754339,0.9836837515550475,sub-NORB00086
C3-F7,2.3889004604747166,7.090546188587109,0.33691346152146545,sub-NORB00086
C3-F8,1.5869234019802463,2.8975405175425735,0.5476794517186349,sub-NORB00086
C3-T3,3.0699930923027083,4.51262921448871,0.6803113986067976,sub-NORB00086
C3-T4,1.5364590996835878,3.6680981401487984,0.41887077198574096,sub-NORB00086
C3-T5,1.1084542219484077,2.9128092768203286,0.3805447307413189,sub-NORB00086
C3-T6,1.5778899342545503,2.482898280612841,0.6355032530229502,sub-NORB00086
C3-FZ,3.5370665732162676,5.630758824076445,0.6281687217879406,sub-NORB00086
C3-CZ,3.3749443600886346,9.821669483303333,0.34362226969925846,sub-NORB00086
C3-PZ,2.4844700460501543,8.531981519270191,0.2911949633785272,sub-NORB00086
C4-P3,4.8900573793960165,5.765493360490516,0.8481593982756718,sub-NORB00086
C4-P4,6.495267444824489,8.534449112187744,0.7610646404287336,sub-NORB00086
C4-O1,1.2964791235672561,5.136714199386189,0.25239463852635186,sub-NORB00086
C4-O2,2.1179183253358924,5.140710632924975,0.41198940702305853,sub-NORB00086
C4-F7,0.6242684312957548,5.527994929310788,0.11292854629546242,sub-NORB00086
C4-F8,1.4660922771187912,4.291306376602164,0.3416424157250772,sub-NORB00086
C4-T3,1.1744929979223817,3.0119943277378503,0.3899386486575761,sub-NORB00086
C4-T4,2.5151597514186586,4.129267682511891,0.6091055230133814,sub-NORB00086
C4-T5,1.9974658933958327,2.294819310875393,0.8704240390211243,sub-NORB00086
C4-T6,2.6275905622804077,4.9325086340079585,0.532708760845155,sub-NORB00086
C4-FZ,3.173005819049057,6.990050203270483,0.4539317639756694,sub-NORB00086
C4-CZ,6.851111948011045,8.632152443749932,0.7936736512307031,sub-NORB00086
C4-PZ,6.455174655876135,8.007448980974434,0.8061462110109627,sub-NORB00086
P3-P4,6.326250511250793,8.69781558536822,0.727337852723969,sub-NORB00086
P3-O1,4.116192161478109,9.299613765595613,0.4426196899387551,sub-NORB00086
P3-O2,4.60114584685992,8.91731418543367,0.515978886823999,sub-NORB00086
P3-F7,1.1876805383362141,3.8619180441739664,0.3075364429672276,sub-NORB00086
P3-F8,1.1340862040713424,1.869078666451339,0.6067621574347835,sub-NORB00086
P3-T3,1.2817308653193773,3.7670510579305168,0.3402478080622338,sub-NORB00086
P3-T4,1.689216722747113,2.359863544869687,0.7158111859558357,sub-NORB00086
P3-T5,4.1594310809031345,5.263757897854598,0.7902018218958048,sub-NORB00086
P3-T6,3.9992312531106555,6.987790679680829,0.5723169792048383,sub-NORB00086
P3-FZ,1.4976262580944601,3.273746695520103,0.45746552723332523,sub-NORB00086
P3-CZ,4.851911082882786,5.209776745101945,0.9313088295855265,sub-NORB00086
P3-PZ,7.675286676753446,9.328847767980767,0.8227475533577889,sub-NORB00086
P4-O1,2.707751763355355,7.600576036017271,0.35625612460476436,sub-NORB00086
P4-O2,3.2983962335366344,8.734003745538676,0.37764996783078475,sub-NORB00086
P4-F7,1.2246613660876224,4.022934160490966,0.30441993759553915,sub-NORB00086
P4-F8,0.8828712609327869,2.464082896272923,0.35829608746856045,sub-NORB00086
P4-T3,1.2763830012764619,2.6415358946360366,0.4831972958869552,sub-NORB00086
P4-T4,1.9947118496457645,3.1936960931466496,0.6245778532046976,sub-NORB00086
P4-T5,2.730718589203152,3.106379943292549,0.8790678020888772,sub-NORB00086
P4-T6,3.8752096668587948,8.221275353859236,0.4713635658778527,sub-NORB00086
P4-FZ,1.7198039343929694,4.61400436626202,0.37273565386463814,sub-NORB00086
P4-CZ,4.789346995295579,7.426444741373504,0.6449044141692221,sub-NORB00086
P4-PZ,9.912312449658698,11.135998773943566,0.8901143625169845,sub-NORB00086
O1-O2,5.620227322560366,9.699561522944608,0.5794310711123949,sub-NORB00086
O1-F7,1.0763641150761836,1.1993532201637502,0.897453808419529,sub-NORB00086
O1-F8,0.7654446722332511,1.5566205189082187,0.49173492378869454,sub-NORB00086
O1-T3,1.1243632011162201,1.8747719915332357,0.5997333042066025,sub-NORB00086
O1-T4,1.31308664280017,1.6171364695524986,0.8119825800252549,sub-NORB00086
O1-T5,4.193258539477105,4.232644299848058,0.9906947625217722,sub-NORB00086
O1-T6,2.9124925736497387,7.41262560008912,0.3929097098354357,sub-NORB00086
O1-FZ,1.0484661146356646,1.5850462316149136,0.6614735228053519,sub-NORB00086
O1-CZ,1.6796679883674197,4.708422793741033,0.3567368653894515,sub-NORB00086
O1-PZ,2.8747990767480123,8.145391640490356,0.3529356479874488,sub-NORB00086
O2-F7,1.2828704670974793,1.9497396230968558,0.6579701473470805,sub-NORB00086
O2-F8,0.8435436825331084,1.3166539364415866,0.6406722823560497,sub-NORB00086
O2-T3,1.159760641126646,2.038240216876737,0.5690009604970828,sub-NORB00086
O2-T4,1.7352996701471692,2.3659788916437785,0.7334383566463516,sub-NORB00086
O2-T5,3.3834693566712852,3.476322210443037,0.9732899172887894,sub-NORB00086
O2-T6,4.906371063890509,7.593279286847867,0.6461465301808026,sub-NORB00086
O2-FZ,1.3722566716138558,1.6608959144251636,0.826214731275797,sub-NORB00086
O2-CZ,2.3365246914786058,4.703073598897691,0.4968080218915225,sub-NORB00086
O2-PZ,3.3091238060247283,9.54858989745635,0.34655628124800353,sub-NORB00086
F7-F8,1.4652370137093391,3.245359486306269,0.4514868136771529,sub-NORB00086
F7-T3,3.3187649487329702,4.468888428482222,0.7426376831386076,sub-NORB00086
F7-T4,0.887080981329541,4.168021129094816,0.2128302505803735,sub-NORB00086
F7-T5,1.3290667787730284,1.7966408215212037,0.7397509634940368,sub-NORB00086
F7-T6,1.4442894553109764,2.5525757564942944,0.5658164901223391,sub-NORB00086
F7-FZ,2.011307825911158,6.012443209331691,0.3345242118527592,sub-NORB00086
F7-CZ,0.6213754622414309,7.91756110791686,0.07848066516595754,sub-NORB00086
F7-PZ,1.1873259296816043,5.039444928403314,0.23560648971270612,sub-NORB00086
F8-T3,1.173683888747981,2.3213198101763246,0.5056105942846494,sub-NORB00086
F8-T4,2.497584669973631,2.9656488082437376,0.842171420645287,sub-NORB00086
F8-T5,1.5292035909800177,1.6075092464872884,0.951287586259063,sub-NORB00086
F8-T6,1.0477710063535484,1.1496693142632348,0.9113672891452375,sub-NORB00086
F8-FZ,3.1618983979807354,5.515471546589209,0.5732779819952234,sub-NORB00086
F8-CZ,0.9739452878039074,2.8579717938646967,0.34078198038717816,sub-NORB00086
F8-PZ,1.192468424868465,2.5509087395528667,0.4674680855409533,sub-NORB00086
T3-T4,0.9052121147223395,3.279787754866919,0.275997162736852,sub-NORB00086
T3-T5,1.4201821695870371,3.7122430241498696,0.3825671326871896,sub-NORB00086
T3-T6,1.1592920942888298,1.5493444960971625,0.7482468212906268,sub-NORB00086
T3-FZ,0.9518222347203249,3.220732906569038,0.2955297015716451,sub-NORB00086
T3-CZ,0.9470136849573143,3.6322414730724946,0.2607243191230456,sub-NORB00086
T3-PZ,1.1635224036245322,3.5296267719159253,0.3296445995033514,sub-NORB00086
T4-T5,1.440710985035611,1.9532652717649608,0.7375910511805658,sub-NORB00086
T4-T6,2.3563189847998682,2.972922576131972,0.7925934579384983,sub-NORB00086
T4-FZ,1.693489822120343,3.4474551970980536,0.4912289573903275,sub-NORB00086
T4-CZ,1.7510176949733356,4.148802684856729,0.4220537412792875,sub-NORB00086
T4-PZ,1.672066905906738,3.145431335622029,0.5315858867973273,sub-NORB00086
T5-T6,3.062153199452333,3.3960486497668585,0.9016811934253511,sub-NORB00086
T5-FZ,1.281566070867859,1.7251115204666188,0.7428888252518382,sub-NORB00086
T5-CZ,2.046358127337954,2.357886325041518,0.8678781948073436,sub-NORB00086
T5-PZ,2.774416077470811,3.0055494980900734,0.9230977826962624,sub-NORB00086
T6-FZ,1.5730379371331433,1.8746372892211631,0.8391158898725831,sub-NORB00086
T6-CZ,2.5634881943897736,4.215496528744529,0.6081106168419118,sub-NORB00086
T6-PZ,2.9378581210472587,7.256414209921805,0.404863619421047,sub-NORB00086
FZ-CZ,3.490387819637924,5.749770911248129,0.6070481543551184,sub-NORB00086
FZ-PZ,1.6987791360473796,4.3470554512413875,0.39078846706734777,sub-NORB00086
CZ-PZ,5.653011046457773,8.116927258735174,0.6964471734515282,sub-NORB00086
Fp1-Fp2,10.069184636333967,12.701209020247143,0.7927737131388487,sub-NORB00087
Fp1-F3,12.018948754632287,15.168825407836305,0.7923453814969238,sub-NORB00087
Fp1-F4,10.709457857484738,11.578768537931811,0.9249220089684642,sub-NORB00087
Fp1-C3,3.9191548728990173,9.16039215366846,0.42783701910944005,sub-NORB00087
Fp1-C4,4.138594613709655,8.116831298042385,0.5098781115122843,sub-NORB00087
Fp1-P3,1.1591948686661935,2.9465385325948215,0.3934090309164792,sub-NORB00087
Fp1-P4,1.8610055750167913,3.57999605990436,0.5198345316241796,sub-NORB00087
Fp1-O1,1.0745838587318588,1.6742046756298117,0.6418473645270497,sub-NORB00087
Fp1-O2,1.410895610640863,1.5533677847104794,0.9082817504830829,sub-NORB00087
Fp1-F7,7.519556542241131,8.270225718618741,0.9092323230443843,sub-NORB00087
Fp1-F8,7.697592557869885,10.19801540308813,0.7548127997079632,sub-NORB00087
Fp1-T3,1.0927976059406859,1.6936688437798175,0.6452250745203842,sub-NORB00087
Fp1-T4,0.724118476732658,2.014469037576017,0.3594587274490849,sub-NORB00087
Fp1-T5,1.132959581768281,1.2936962067158448,0.8757539644059039,sub-NORB00087
Fp1-T6,1.1626871256835667,1.9188534625120948,0.6059280442193944,sub-NORB00087
Fp1-FZ,12.006764749560226,13.816051301040554,0.8690445980506701,sub-NORB00087
Fp1-CZ,6.316878382565318,8.860095289622162,0.7129582895078209,sub-NORB00087
Fp1-PZ,2.0873253516226797,5.431624742234692,0.38429115608673425,sub-NORB00087
Fp2-F3,9.830374464014177,15.225440239631176,0.6456545301347759,sub-NORB00087
Fp2-F4,10.861057521134404,15.055008379833549,0.7214248738435101,sub-NORB00087
Fp2-C3,3.4927913188981674,8.924971695829557,0.39135040848704,sub-NORB00087
Fp2-C4,4.081935285265239,10.291604924498515,0.3966276703401672,sub-NORB00087
Fp2-P3,1.4285343798279344,3.0885244701644097,0.46252972693847233,sub-NORB00087
Fp2-P4,2.1651645755673994,3.166456682372948,0.6837815238782364,sub-NORB00087
Fp2-O1,0.9172808759732579,2.15835518193525,0.4249906983107362,sub-NORB00087
Fp2-O2,1.3297819917167084,1.7968890283619487,0.7400468090836656,sub-NORB00087
Fp2-F7,6.359290437793045,8.048956796708431,0.7900763537945235,sub-NORB00087
Fp2-F8,10.418132709121577,12.63292068313293,0.824681241213802,sub-NORB00087
Fp2-T3,1.0907584661393752,1.254393171304198,0.8695507047485829,sub-NORB00087
Fp2-T4,0.7521424753797636,2.0451459875614204,0.36776957730856125,sub-NORB00087
Fp2-T5,1.2041313108411886,1.7744169868230169,0.6786067309900536,sub-NORB00087
Fp2-T6,1.2065411900433316,1.9939541298724504,0.6050997723405562,sub-NORB00087
Fp2-FZ,9.700349174480497,15.068642097130677,0.6437440820448982,sub-NORB00087
Fp2-CZ,6.395721580031366,8.685007816736626,0.7364094212680335,sub-NORB00087
Fp2-PZ,1.9335067970462827,5.4790982307819505,0.35288777744186234,sub-NORB00087
F3-F4,11.045133419519729,14.468250708124614,0.763404895473463,sub-NORB00087
F3-C3,3.8741232728039696,8.927243461920595,0.4339663513523688,sub-NORB00087
F3-C4,4.169062611423095,9.722696603155063,0.4287969461137164,sub-NORB00087
F3-P3,1.1468581000309086,3.029406610924903,0.378575162507077,sub-NORB00087
F3-P4,1.8806646036673609,3.3109465126382993,0.5680141906517147,sub-NORB00087
F3-O1,0.8816110660521354,1.6401752099951974,0.5375102980947486,sub-NORB00087
F3-O2,1.2943010433021165,1.4156373836923346,0.9142885446598318,sub-NORB00087
F3-F7,6.823061966001642,7.378472845581007,0.9247254965623405,sub-NORB00087
F3-F8,7.673765374393827,11.201423924405242,0.6850705255136819,sub-NORB00087
F3-T3,1.0805761531835614,1.610478656384429,0.6709658329837701,sub-NORB00087
F3-T4,0.7076492091942704,1.887979124862867,0.37481834405646325,sub-NORB00087
F3-T5,1.1193137908687425,1.1283804121967462,0.9919649249224801,sub-NORB00087
F3-T6,1.1268894157899454,1.896688013917844,0.5941353599120478,sub-NORB00087
F3-FZ,14.522291308296435,17.018234009437563,0.8533371500381891,sub-NORB00087
F3-CZ,6.392449708029709,8.40657841476599,0.7604104063076954,sub-NORB00087
F3-PZ,2.0057901167077152,5.018646863521911,0.39966751422317087,sub-NORB00087
F4-C3,3.550611776988171,9.031456057564036,0.39313835491835875,sub-NORB00087
F4-C4,5.015296155323708,10.622670510737498,0.4721313863829437,sub-NORB00087
F4-P3,1.172663117929748,3.0333846342058712,0.38658569859761516,sub-NORB00087
F4-P4,1.9929678396460777,3.300444264991086,0.6038483548369996,sub-NORB00087
F4-O1,0.9295468068847471,1.9416300844333065,0.47874557277270924,sub-NORB00087
F4-O2,1.201991237735705,1.7217724209978529,0.69811272562903,sub-NORB00087
F4-F7,6.193676067275589,6.543247264488369,0.9465752732423884,sub-NORB00087
F4-F8,8.410957128264146,12.735546622845614,0.6604315760719827,sub-NORB00087
F4-T3,0.9918387819136069,1.0773000276705205,0.9206708961646375,sub-NORB00087
F4-T4,0.8356067913474765,2.2386806230513216,0.37325859827586505,sub-NORB00087
F4-T5,1.0085472172663947,1.6490169054643222,0.6116051411749553,sub-NORB00087
F4-T6,1.1262415716504532,2.0273327171358453,0.5555287309926974,sub-NORB00087
F4-FZ,11.285210649628494,14.755385453283221,0.7648197795549572,sub-NORB00087
F4-CZ,6.6584015269843615,9.22805061635224,0.7215393373748489,sub-NORB00087
F4-PZ,1.727039762910513,5.9568886021701495,0.2899231256870133,sub-NORB00087
C3-C4,5.199359395796661,9.919681055751838,0.524145823497204,sub-NORB00087
C3-P3,2.7704668397048278,4.352773784711025,0.6364830741804229,sub-NORB00087
C3-P4,1.562025258699967,4.030633224778349,0.38753842674084177,sub-NORB00087
C3-O1,1.2663037571851856,1.666105357930826,0.760038223967923,sub-NORB00087
C3-O2,1.1300886119645863,1.7845249173258282,0.633271410778653,sub-NORB00087
C3-F7,3.95399086892525,6.876085044195109,0.5750351898662549,sub-NORB00087
C3-F8,2.803657854506117,7.958586221593566,0.35228089216387654,sub-NORB00087
C3-T3,1.3377889201749549,2.8028848636369883,0.4772900012878363,sub-NORB00087
C3-T4,1.07692037873361,1.9613922284944383,0.5490591647547479,sub-NORB00087
C3-T5,0.9926509684911796,1.3736943839594544,0.7226141273359667,sub-NORB00087
C3-T6,0.7974304388110101,0.8530565028083192,0.9347920520924646,sub-NORB00087
C3-FZ,3.6965364448408824,8.891538801152558,0.4157364127300127,sub-NORB00087
C3-CZ,4.890345942530062,9.50370416562487,0.5145726189814034,sub-NORB00087
C3-PZ,4.316354500978209,6.452015158111637,0.6689932362529525,sub-NORB00087
C4-P3,1.9830113839529178,3.534320025672413,0.5610729559148071,sub-NORB00087
C4-P4,1.7042479108074198,4.749099695259676,0.358857050844504,sub-NORB00087
C4-O1,1.1884629576727124,1.2484840081431852,0.9519248544002262,sub-NORB00087
C4-O2,1.2553313108018047,2.004430194849606,0.6262783877569721,sub-NORB00087
C4-F7,3.8160404122140266,4.90713694475625,0.7776510937384445,sub-NORB00087
C4-F8,3.7433129830016942,9.832809477327759,0.38069617759124996,sub-NORB00087
C4-T3,0.8354172747835533,1.5313860145143006,0.54553017127332,sub-NORB00087
C4-T4,1.4449388462553727,2.688050979597331,0.5375414593036565,sub-NORB00087
C4-T5,0.8081455444239447,0.8501942524541635,0.9505422344260253,sub-NORB00087
C4-T6,1.0325604120799208,1.2971884694838995,0.7959987591400162,sub-NORB00087
C4-FZ,4.09209282663079,9.537240265305206,0.4290646678491576,sub-NORB00087
C4-CZ,6.212037235277282,10.982649874662723,0.5656228056225869,sub-NORB00087
C4-PZ,4.926932198858484,7.131372839272531,0.6908813085365312,sub-NORB00087
P3-P4,5.131601387256651,5.654823668581949,0.9074732808677469,sub-NORB00087
P3-O1,3.967148596832568,4.893932771124291,0.8106258876787121,sub-NORB00087
P3-O2,3.7682771431116833,4.1800549682964805,0.9014898540072043,sub-NORB00087
P3-F7,1.5803968766781404,2.7261857069664757,0.5797099121456053,sub-NORB00087
P3-F8,1.6718353807791777,3.2490024146271717,0.5145688329600775,sub-NORB00087
P3-T3,1.9572438178956888,2.3420620662082854,0.8356925489444421,sub-NORB00087
P3-T4,1.4706135027948866,2.108630223507907,0.6974259812838977,sub-NORB00087
P3-T5,4.191538722049929,5.501905926619914,0.7618339495355554,sub-NORB00087
P3-T6,2.1613514547052666,4.106342538654749,0.526344656920251,sub-NORB00087
P3-FZ,1.1261250597606007,3.031582912197754,0.3714643776456087,sub-NORB00087
P3-CZ,1.2458613680178166,4.06211955430786,0.30670228962035007,sub-NORB00087
P3-PZ,5.458434272161604,8.299118078559278,0.6577125690335021,sub-NORB00087
P4-O1,3.8167439023722345,5.90944044467637,0.6458723018032307,sub-NORB00087
P4-O2,5.787214266885437,6.185682935017566,0.9355821059181079,sub-NORB00087
P4-F7,1.8087294135420349,2.977968184738764,0.6073702945556155,sub-NORB00087
P4-F8,1.9231159088414562,3.2195348536748383,0.5973272526142636,sub-NORB00087
P4-T3,1.0606123197000261,1.1436976208020326,0.9273537868831607,sub-NORB00087
P4-T4,1.6117185069641558,3.3797718720311862,0.4768719807102069,sub-NORB00087
P4-T5,2.6146476697906897,4.1653457613975045,0.6277144370635527,sub-NORB00087
P4-T6,3.5117385401015535,5.364685807282928,0.654602835329914,sub-NORB00087
P4-FZ,1.88456731445634,3.4420058008892824,0.5475200866801095,sub-NORB00087
P4-CZ,1.7447756160771046,5.091488961700306,0.34268474884298594,sub-NORB00087
P4-PZ,4.619250837711544,7.345235228151291,0.6288771828583296,sub-NORB00087
O1-O2,6.165685198919547,6.441655854371677,0.9571584291848128,sub-NORB00087
O1-F7,1.1179775283752287,1.2966024943106091,0.8622361388944006,sub-NORB00087
O1-F8,1.0492639001197817,2.112359893761672,0.4967259145652788,sub-NORB00087
O1-T3,1.2147763621253354,1.2281230135054706,0.9891324800257268,sub-NORB00087
O1-T4,1.7518296933573236,1.926486519871933,0.9093391909504667,sub-NORB00087
O1-T5,4.726060670924134,4.730588782984889,0.9990428015901441,sub-NORB00087
O1-T6,3.0343584689565186,4.809756293773103,0.6308757208519934,sub-NORB00087
O1-FZ,0.8802753153912115,1.5953853399562552,0.5517634475789707,sub-NORB00087
O1-CZ,1.316826477131926,1.4786504073800522,0.8905597094212052,sub-NORB00087
O1-PZ,2.930124331395919,3.8617380976507847,0.7587579108946836,sub-NORB00087
O2-F7,1.4234788235111784,1.5850036391236748,0.8980918329614681,sub-NORB00087
O2-F8,1.3927487688028173,2.0828427112820385,0.668676881484511,sub-NORB00087
O2-T3,1.1174565669087646,1.2189980722956915,0.9167008482665623,sub-NORB00087
O2-T4,1.5192148623575026,3.349930843324711,0.45350633592475154,sub-NORB00087
O2-T5,3.126639995674717,3.401656754478484,0.9191521136159045,sub-NORB00087
O2-T6,4.278833708686165,5.364825658263602,0.7975718096440562,sub-NORB00087
O2-FZ,1.2873198647305633,1.4211477784714632,0.9058311065406297,sub-NORB00087
O2-CZ,1.6562913919030737,2.0521063048230026,0.8071177345980287,sub-NORB00087
O2-PZ,3.5545243603935717,3.9585248325389153,0.8979416602810026,sub-NORB00087
F7-F8,6.096810925233662,7.345075766405114,0.8300541912881604,sub-NORB00087
F7-T3,1.7027211308330894,2.119460197126034,0.8033749032616709,sub-NORB00087
F7-T4,0.7857112864017008,1.490118180444419,0.5272811893130296,sub-NORB00087
F7-T5,1.1492398819498113,1.3393136684234466,0.8580812016221877,sub-NORB00087
F7-T6,1.0502570804434748,1.7767422759995088,0.5911139137231657,sub-NORB00087
F7-FZ,6.942114840981439,7.07189190498154,0.9816488903190553,sub-NORB00087
F7-CZ,5.770675662669831,5.922950888391299,0.9742906485988394,sub-NORB00087
F7-PZ,2.073392751188709,3.881525013551477,0.5341696224937161,sub-NORB00087
F8-T3,1.0977487280512221,1.116241086646197,0.9834333650533005,sub-NORB00087
F8-T4,0.9159714850963285,3.0438670269086847,0.3009236201840848,sub-NORB00087
F8-T5,1.193690601800603,2.103098962138942,0.5675865108062097,sub-NORB00087
F8-T6,1.349256191029733,2.0925012413840554,0.6448054435261823,sub-NORB00087
F8-FZ,7.424258750763519,10.953878439861503,0.6777744331858213,sub-NORB00087
F8-CZ,5.837453957697442,8.114819545195704,0.719357211233791,sub-NORB00087
F8-PZ,1.6580734096155025,5.187814974393379,0.3196092030651853,sub-NORB00087
T3-T4,1.4688135087657446,2.176136121371467,0.6749639851757314,sub-NORB00087
T3-T5,2.6050590374591716,3.184645718308795,0.8180059158488082,sub-NORB00087
T3-T6,1.0789544473616752,1.1491029916907707,0.9389536492060819,sub-NORB00087
T3-FZ,1.0492518550800713,1.5192806092234241,0.6906241340211624,sub-NORB00087
T3-CZ,0.8646808898050927,1.4639635316174928,0.59064373608387,sub-NORB00087
T3-PZ,1.2954943564234438,1.81373089656747,0.7142704349775363,sub-NORB00087
T4-T5,1.8439521399642418,1.9849117391879734,0.9289844498166966,sub-NORB00087
T4-T6,2.3877272171051547,4.072077047857032,0.5863659231010174,sub-NORB00087
T4-FZ,0.698620123962262,1.8755507657099664,0.37248798418837153,sub-NORB00087
T4-CZ,0.8639156526521966,1.9400632248913983,0.4453028342416816,sub-NORB00087
T4-PZ,1.189605877456787,1.9679749163938578,0.6044822357983282,sub-NORB00087
T5-T6,3.0301314182313495,3.181993358491589,0.9522745891800889,sub-NORB00087
T5-FZ,1.101532844142739,1.132451396716555,0.9726976780959768,sub-NORB00087
T5-CZ,0.7975188180680691,1.2935979441499803,0.6165121254827879,sub-NORB00087
T5-PZ,2.6448843164206104,2.6688374600968383,0.9910248772979383,sub-NORB00087
T6-FZ,1.1205578717945677,1.9472285731273264,0.5754629360203498,sub-NORB00087
T6-CZ,1.1260915252416464,2.4268480263363426,0.46401402684519755,sub-NORB00087
T6-PZ,2.233373672957736,2.620893474178825,0.8521421015241736,sub-NORB00087
FZ-CZ,6.373422396316296,8.725011582382532,0.7304772419082464,sub-NORB00087
FZ-PZ,1.872920427229576,5.216371688449644,0.35904658239302467,sub-NORB00087
CZ-PZ,3.1812586759315735,8.572569754474364,0.37109743834643616,sub-NORB00087
Fp1-Fp2,10.795229363681042,11.057151938348815,0.976311931306708,sub-NORB00089
Fp1-F3,10.618109269391121,10.843471896146193,0.9792167463600688,sub-NORB00089
Fp1-F4,8.484742641127042,8.783061636797889,0.9660347373151752,sub-NORB00089
Fp1-C3,2.790532476584927,4.28269195327356,0.6515837485000359,sub-NORB00089
Fp1-C4,2.511636089701518,5.3095145611688235,0.47304439243285784,sub-NORB00089
Fp1-P3,1.9834979278476412,2.197977855334516,0.9024194320400774,sub-NORB00089
Fp1-P4,2.4292299058056464,2.9961890767399955,0.8107732334598758,sub-NORB00089
Fp1-O1,0.5864061623193619,1.246024799677435,0.47062158190685127,sub-NORB00089
Fp1-O2,0.7550010637521088,0.7814240725643471,0.9661860828966689,sub-NORB00089
Fp1-F7,5.243737233958301,6.822147541075634,0.7686343929658741,sub-NORB00089
Fp1-F8,6.604062644795306,7.158797425760491,0.9225100602834485,sub-NORB00089
Fp1-T3,2.3246131470883946,2.8059390850878474,0.8284617294233301,sub-NORB00089
Fp1-T4,1.26341435832491,5.04060069783911,0.25064757834647206,sub-NORB00089
Fp1-T5,1.3027475585211161,1.3668498271343517,0.9531021862528759,sub-NORB00089
Fp1-T6,1.9668654784046968,2.5002482638165815,0.7866680708748155,sub-NORB00089
Fp1-FZ,8.309603656164287,10.216903931462568,0.8133191534252542,sub-NORB00089
Fp1-CZ,2.922157632860415,3.333155131344572,0.8766941584508959,sub-NORB00089
Fp1-PZ,2.3183734627250705,2.9720878675346722,0.7800487623699182,sub-NORB00089
Fp2-F3,13.1267124101455,13.165542530488938,0.9970506251258908,sub-NORB00089
Fp2-F4,8.614534161973708,10.125127735131903,0.8508074552070314,sub-NORB00089
Fp2-C3,2.7979299238058375,4.4769054606256,0.6249696243116236,sub-NORB00089
Fp2-C4,2.629653815098457,6.271289976316072,0.4193162531200938,sub-NORB00089
Fp2-P3,1.9487256536339599,2.0404965569297047,0.955025210415532,sub-NORB00089
Fp2-P4,2.373660112663355,3.112475800753106,0.7626276522660885,sub-NORB00089
Fp2-O1,0.5715787744627207,1.1748794981480573,0.48649991370492945,sub-NORB00089
Fp2-O2,0.7271135294158875,0.792490752015404,0.9175041192174748,sub-NORB00089
Fp2-F7,4.726871800084022,5.649977891599927,0.8366177515688463,sub-NORB00089
Fp2-F8,6.922645458319003,7.0059851214509035,0.9881045046931757,sub-NORB00089
Fp2-T3,1.9268423556329972,2.7308597310188123,0.7055808592974282,sub-NORB00089
Fp2-T4,1.2982574296122344,5.445878009653961,0.23839267558156846,sub-NORB00089
Fp2-T5,1.2091513883946094,1.2907188490258843,0.9368046258154249,sub-NORB00089
Fp2-T6,1.7531854733519325,2.137582990515012,0.8201718862524885,sub-NORB00089
Fp2-FZ,9.321404986287428,12.658865468824047,0.7363539022706231,sub-NORB00089
Fp2-CZ,3.0849431671132126,3.8374668185004075,0.8039009359613789,sub-NORB00089
Fp2-PZ,2.320113848545544,3.2453006164925107,0.7149149255248658,sub-NORB00089
F3-F4,8.724278991852753,9.872385764988236,0.8837052359514589,sub-NORB00089
F3-C3,2.7735901733780044,4.390487752662301,0.6317271177208402,sub-NORB00089
F3-C4,2.672356941560127,5.755279990067212,0.46433135245760965,sub-NORB00089
F3-P3,1.9014510577090862,2.133797813770051,0.8911111659401093,sub-NORB00089
F3-P4,2.2657935047858775,3.238166136871223,0.6997150266586166,sub-NORB00089
F3-O1,0.5558964227229816,1.2121214643124547,0.458614453328157,sub-NORB00089
F3-O2,0.7332135292398253,0.7908467665358144,0.9271246469800428,sub-NORB00089
F3-F7,4.655238709414208,5.557946215514915,0.8375825401870904,sub-NORB00089
F3-F8,6.392241907751425,6.44173136436184,0.992317367209038,sub-NORB00089
F3-T3,1.7729118026964061,2.774622297438236,0.6389741062534194,sub-NORB00089
F3-T4,1.3011006962040288,5.657321174179549,0.22998529801389975,sub-NORB00089
F3-T5,1.2903337890467346,1.3201939450557145,0.9773819929103524,sub-NORB00089
F3-T6,1.8847629231616227,2.083473335067015,0.904625411537124,sub-NORB00089
F3-FZ,9.075749525759429,13.769784755204588,0.659106128897843,sub-NORB00089
F3-CZ,3.3202421743539996,3.768443947822088,0.8810644977943431,sub-NORB00089
F3-PZ,2.160021455238934,3.308671757666635,0.6528364290697243,sub-NORB00089
F4-C3,2.7685394579942186,4.668424217864863,0.5930351075208049,sub-NORB00089
F4-C4,3.1350974528176856,6.47555303524275,0.4841435836839162,sub-NORB00089
F4-P3,1.9255751036675912,2.204467884962571,0.8734874827628913,sub-NORB00089
F4-P4,2.537220127365665,3.3483827842595444,0.757744944602187,sub-NORB00089
F4-O1,0.7142240817830854,1.082084678432563,0.6600445381203102,sub-NORB00089
F4-O2,0.8802041652435535,1.0104173185298957,0.8711293334957921,sub-NORB00089
F4-F7,4.299095527178687,5.397170558391445,0.7965461681574085,sub-NORB00089
F4-F8,6.714400756652415,7.2035455150061845,0.9320966658245166,sub-NORB00089
F4-T3,1.6247129052876474,2.2172193600443366,0.7327704847639247,sub-NORB00089
F4-T4,1.50126545891046,5.340889112546677,0.2810890522672951,sub-NORB00089
F4-T5,1.0795375918988466,1.4029582517535033,0.769472356393766,sub-NORB00089
F4-T6,1.950232574114927,1.997311034302695,0.9764290792073833,sub-NORB00089
F4-FZ,9.013291291101277,9.572452542605129,0.9415864169589628,sub-NORB00089
F4-CZ,3.5488375641355816,4.488114428325846,0.7907190471209458,sub-NORB00089
F4-PZ,2.3952536005906424,3.3932529579542283,0.7058871325746154,sub-NORB00089
C3-C4,4.840185511086944,7.22321333264199,0.6700875757350199,sub-NORB00089
C3-P3,3.9847711963862835,4.7300412235329645,0.8424389995928993,sub-NORB00089
C3-P4,4.131814598783793,4.7864573155355465,0.8632302194303582,sub-NORB00089
C3-O1,1.26065150187275,1.3115347633285916,0.9612032689650535,sub-NORB00089
C3-O2,1.3756773356608218,1.4593419996465766,0.9426695976638673,sub-NORB00089
C3-F7,2.2689233676744,2.806430127949473,0.8084731364155486,sub-NORB00089
C3-F8,1.943533458580241,3.1490319564853566,0.6171844190331508,sub-NORB00089
C3-T3,2.6797670752935887,3.6435785442259685,0.7354766866602215,sub-NORB00089
C3-T4,1.249472292708407,4.885080986290056,0.2557730969486569,sub-NORB00089
C3-T5,1.718853796866122,1.9622990710181638,0.8759387507502986,sub-NORB00089
C3-T6,1.3836139542242252,2.4148027331462343,0.5729718354349888,sub-NORB00089
C3-FZ,2.8286597591559945,4.410577740273613,0.6413354271770566,sub-NORB00089
C3-CZ,5.061288555837705,5.298399867568518,0.9552485056512683,sub-NORB00089
C3-PZ,4.990059814152067,5.696172101500278,0.876037402879342,sub-NORB00089
C4-P3,3.5094471996925627,3.5438057051453327,0.9903046305831936,sub-NORB00089
C4-P4,4.545892154832674,5.905337656123623,0.7697937729468775,sub-NORB00089
C4-O1,0.9408162556508044,1.5329733066864488,0.6137199203320747,sub-NORB00089
C4-O2,1.1048159102361932,1.3229957036049593,0.835086544291671,sub-NORB00089
C4-F7,1.941102604907643,3.015035291094025,0.6438075901271794,sub-NORB00089
C4-F8,2.674407548673399,4.813865214777941,0.555563446284976,sub-NORB00089
C4-T3,2.264928969449732,2.687947048452034,0.842624102567082,sub-NORB00089
C4-T4,1.7399274443692934,6.670559191046446,0.2608368196034764,sub-NORB00089
C4-T5,1.2103616920374005,1.3401293109903576,0.9031678376939173,sub-NORB00089
C4-T6,1.7396764794192414,2.6688449126877285,0.6518462242406045,sub-NORB00089
C4-FZ,2.7511323316216796,6.713808685982589,0.4097722262127643,sub-NORB00089
C4-CZ,4.363709840401753,6.30317840587194,0.6923030825744343,sub-NORB00089
C4-PZ,4.4091939102457385,5.93715616113837,0.7426440859187936,sub-NORB00089
P3-P4,5.9708146814774725,7.527503805727631,0.7931998223546983,sub-NORB00089
P3-O1,1.9572474413222343,4.139696946068185,0.4727996920598729,sub-NORB00089
P3-O2,2.361106036671791,3.658034252630832,0.6454576074496022,sub-NORB00089
P3-F7,1.6542419867371396,1.8868211126721266,0.8767349356158056,sub-NORB00089
P3-F8,1.5060589108946194,1.9179027934582593,0.7852634221252554,sub-NORB00089
P3-T3,2.5293717770223845,3.2822985871316503,0.7706098972649418,sub-NORB00089
P3-T4,1.4917647348787517,2.9644726527416077,0.503214200171196,sub-NORB00089
P3-T5,4.2986196799086445,4.751604218002454,0.9046670308992525,sub-NORB00089
P3-T6,2.92803702541936,3.905662031368915,0.7496903218717821,sub-NORB00089
P3-FZ,1.867663511374743,1.891004603899577,0.9876567764686027,sub-NORB00089
P3-CZ,3.0458615797750257,3.0672070910635783,0.9930407335876525,sub-NORB00089
P3-PZ,6.801576008138378,9.678536559962128,0.7027483923835064,sub-NORB00089
P4-O1,1.806838798758596,2.9911228791022264,0.6040670583553263,sub-NORB00089
P4-O2,2.4826108083084732,3.4473371590749577,0.7201531772931213,sub-NORB00089
P4-F7,1.829060522932603,2.1436875414952103,0.8532309338593456,sub-NORB00089
P4-F8,2.0663464799445754,3.2288491507450274,0.6399637714471067,sub-NORB00089
P4-T3,2.2602635077021676,3.023583768831766,0.7475445301042459,sub-NORB00089
P4-T4,1.7388053650847823,5.371478628139431,0.323710748093783,sub-NORB00089
P4-T5,3.0435127364171386,3.547699623496708,0.857883434172302,sub-NORB00089
P4-T6,3.951571131606548,5.5827368303788365,0.7078197041465055,sub-NORB00089
P4-FZ,2.2261746970585454,3.232815449784687,0.6886179343169169,sub-NORB00089
P4-CZ,2.503823911589436,4.408672331378066,0.5679315048589219,sub-NORB00089
P4-PZ,8.206963679731512,8.833895724451521,0.9290310793476189,sub-NORB00089
O1-O2,5.463255844270848,5.888185896931954,0.9278334515758893,sub-NORB00089
O1-F7,0.6564786318538357,1.1643143343345446,0.5638328177321988,sub-NORB00089
O1-F8,0.7116060030152775,1.0750299172473528,0.6619406507656704,sub-NORB00089
O1-T3,0.9509242786886309,1.7833420784442864,0.5332259526552403,sub-NORB00089
O1-T4,0.889266712240271,1.601163178167607,0.5553879356993208,sub-NORB00089
O1-T5,2.909135250853174,5.05997720391702,0.574930505339265,sub-NORB00089
O1-T6,1.7485938190670305,2.9555470761422002,0.5916311850290082,sub-NORB00089
O1-FZ,0.5957525297379372,1.278228815679934,0.4660765916320201,sub-NORB00089
O1-CZ,0.9866408180543685,1.6151157271240009,0.6108793329696919,sub-NORB00089
O1-PZ,1.8392034052058348,3.3993458816685633,0.5410462686730381,sub-NORB00089
O2-F7,0.8139749066556454,0.8351123630924465,0.9746890869169648,sub-NORB00089
O2-F8,0.7483297638292236,1.0278624819442423,0.7280446333771502,sub-NORB00089
O2-T3,0.9307275482211127,1.3783165133621353,0.6752640189667203,sub-NORB00089
O2-T4,1.1840140765149967,1.4662790135215513,0.8074957532614199,sub-NORB00089
O2-T5,3.0777715341044707,4.100235183937189,0.7506329261701246,sub-NORB00089
O2-T6,2.6580242260866656,4.027341852583978,0.6599946871610249,sub-NORB00089
O2-FZ,0.8110526449214525,0.8424080498900048,0.9627788398120762,sub-NORB00089
O2-CZ,1.2109735313704435,1.628210725005959,0.7437449666510528,sub-NORB00089
O2-PZ,2.362576622971194,3.5014901555871583,0.6747346181171878,sub-NORB00089
F7-F8,5.600549579787735,6.050999201138647,0.9255578117964139,sub-NORB00089
F7-T3,2.9430387695865767,4.060186729882096,0.7248530585863079,sub-NORB00089
F7-T4,1.3782411859785373,3.491929381169348,0.39469331579580896,sub-NORB00089
F7-T5,1.0158286644025933,1.5349324097222683,0.6618067727075996,sub-NORB00089
F7-T6,1.7537790415535426,2.45077968624453,0.7156004480520886,sub-NORB00089
F7-FZ,4.436439589901186,5.371409442079994,0.8259358437928433,sub-NORB00089
F7-CZ,2.5309923925441655,2.9332017209394645,0.8628770310872186,sub-NORB00089
F7-PZ,1.788065578626605,2.0271642200287974,0.8820526531398647,sub-NORB00089
F8-T3,2.072015686544486,3.653309061526481,0.5671613465077945,sub-NORB00089
F8-T4,1.6047051250045097,5.356491370454079,0.29958138901444287,sub-NORB00089
F8-T5,1.4905545840170926,1.5383430947454395,0.968935076387329,sub-NORB00089
F8-T6,2.0315588167245697,3.067827387237076,0.6622141862271519,sub-NORB00089
F8-FZ,6.028810412190664,6.166407294921288,0.9776860534587214,sub-NORB00089
F8-CZ,2.3575010416308673,3.923685355485978,0.6008384536580337,sub-NORB00089
F8-PZ,1.745183311746243,2.5776584667930065,0.6770421039981734,sub-NORB00089
T3-T4,1.3387256379113583,3.5380041363558803,0.3783844185355409,sub-NORB00089
T3-T5,2.265708673457605,3.3350934270942423,0.6793538840774372,sub-NORB00089
T3-T6,1.2472565040647843,3.126603243461395,0.39891742154145965,sub-NORB00089
T3-FZ,1.7836673691935625,2.684906187572878,0.6643313563242133,sub-NORB00089
T3-CZ,1.3026392578039516,2.0400930320909234,0.6385195367629172,sub-NORB00089
T3-PZ,2.348479632023845,2.4600735910281317,0.9546379590385958,sub-NORB00089
T4-T5,1.3376210307261236,1.8477267479830064,0.7239279466978987,sub-NORB00089
T4-T6,3.106501298942542,3.727792831264023,0.8333352843240452,sub-NORB00089
T4-FZ,1.2745133646589353,5.415553218488148,0.23534315207315779,sub-NORB00089
T4-CZ,1.2218061524467771,4.644649836446393,0.26305667713835174,sub-NORB00089
T4-PZ,1.3266110109997638,3.8356399902575804,0.3458643184369021,sub-NORB00089
T5-T6,3.2387442705531977,3.737582481729403,0.8665345277021446,sub-NORB00089
T5-FZ,1.2078381055658822,1.3173550411554051,0.9168660443326884,sub-NORB00089
T5-CZ,0.990587221625001,1.1082445067821998,0.8938345424343063,sub-NORB00089
T5-PZ,3.061603662946424,3.540603450878509,0.8647123874284103,sub-NORB00089
T6-FZ,1.9274378520382212,2.1325314584466986,0.9038262223067677,sub-NORB00089
T6-CZ,1.3211685719742639,2.454985234310422,0.5381574412382832,sub-NORB00089
T6-PZ,2.860436141839354,3.4804553855859135,0.8218568620892742,sub-NORB00089
FZ-CZ,3.386666029956442,4.623024474094057,0.7325650229485545,sub-NORB00089
FZ-PZ,2.1405660680889826,3.0748187870643777,0.6961600719672477,sub-NORB00089
CZ-PZ,3.56557505689808,4.79122110732588,0.7441892112735601,sub-NORB00089
Fp1-Fp2,8.122671756975743,8.174398921899384,0.9936720527811455,sub-NORB00090
Fp1-F3,6.802104067891894,13.379517735501738,0.508396804904479,sub-NORB00090
Fp1-F4,4.666332844306887,5.166442071347587,0.9032004578519828,sub-NORB00090
Fp1-C3,2.99914943323896,4.411231590216627,0.6798893623927095,sub-NORB00090
Fp1-C4,1.0682363065963711,3.044091302414687,0.3509212439682759,sub-NORB00090
Fp1-P3,0.6178660921100505,1.7030302060855043,0.3628039537421036,sub-NORB00090
Fp1-P4,0.8513191315434765,1.3698574380775161,0.6214654955177189,sub-NORB00090
Fp1-O1,0.6742877754387429,1.4895432302116962,0.4526809036236646,sub-NORB00090
Fp1-O2,0.549900801429527,1.2181681428883127,0.4514161732432897,sub-NORB00090
Fp1-F7,6.38905701559915,7.28448194286515,0.877077747698581,sub-NORB00090
Fp1-F8,4.319308967941273,5.159626493792734,0.8371359774079769,sub-NORB00090
Fp1-T3,1.6729234558090944,3.2884874839236673,0.5087212476822449,sub-NORB00090
Fp1-T4,0.31949633934766475,1.4902804243188958,0.2143867248968827,sub-NORB00090
Fp1-T5,0.6723776326692105,0.906026738104325,0.7421167658650148,sub-NORB00090
Fp1-T6,0.74551883277222,1.1212489361911195,0.6649003702110488,sub-NORB00090
Fp1-FZ,6.800303501134399,13.445903139424594,0.5057528252747336,sub-NORB00090
Fp1-CZ,2.648357125548707,8.784846474766624,0.30146880007018706,sub-NORB00090
Fp1-PZ,0.7538806124934915,1.9284974569467668,0.39091605217206216,sub-NORB00090
Fp2-F3,7.0997835159360845,7.94598176052472,0.8935061430932915,sub-NORB00090
Fp2-F4,5.47436578908033,6.0892626317249965,0.8990194905634288,sub-NORB00090
Fp2-C3,2.9044729287190694,4.404716828455398,0.6594006020899148,sub-NORB00090
Fp2-C4,1.2199855168710814,3.1022578921391117,0.3932572852703294,sub-NORB00090
Fp2-P3,0.681944007319,1.90306442875493,0.3583399474105867,sub-NORB00090
Fp2-P4,1.1232636788191142,1.9453119924988962,0.5774208369405051,sub-NORB00090
Fp2-O1,0.5774485952678028,1.4496978716259297,0.39832340694558444,sub-NORB00090
Fp2-O2,0.5534288602007464,1.1160834369794368,0.4958669234430571,sub-NORB00090
Fp2-F7,4.753632996553792,8.137163153497024,0.5841879911810386,sub-NORB00090
Fp2-F8,6.316698247513786,6.5542714133384745,0.9637529252540248,sub-NORB00090
Fp2-T3,1.5855861325564362,3.3988682446595733,0.46650414738722734,sub-NORB00090
Fp2-T4,0.3975260371865914,1.8573570428997983,0.2140277975665648,sub-NORB00090
Fp2-T5,0.706987863421373,0.9039253868022069,0.7821307751101729,sub-NORB00090
Fp2-T6,0.596231445881643,1.167190143567652,0.5108263200879957,sub-NORB00090
Fp2-FZ,6.825023186047342,8.013571063637448,0.851683117532546,sub-NORB00090
Fp2-CZ,2.694921279087699,7.210304339208922,0.37375971280892867,sub-NORB00090
Fp2-PZ,0.8624096018929309,2.1475184447586666,0.40158425833210787,sub-NORB00090
F3-F4,5.133803271918982,9.085020968156302,0.5650843613804919,sub-NORB00090
F3-C3,3.380195688422051,4.708799725728061,0.7178465607601129,sub-NORB00090
F3-C4,1.2612795486171389,5.066248915683779,0.2489572797563396,sub-NORB00090
F3-P3,0.6462145447823208,2.4007238239184674,0.26917487898610837,sub-NORB00090
F3-P4,0.8226737634867523,3.0911987824348692,0.2661342156840364,sub-NORB00090
F3-O1,0.66688552701428,1.5047498779130122,0.44318696203465113,sub-NORB00090
F3-O2,0.5455423627405158,1.1996330451743096,0.45475769856043535,sub-NORB00090
F3-F7,5.092429253748162,7.192225458974486,0.708046387421547,sub-NORB00090
F3-F8,4.223733772643479,6.244339413776719,0.6764100239850461,sub-NORB00090
F3-T3,1.5433508676760022,3.1833372402743167,0.4848216670700612,sub-NORB00090
F3-T4,0.3054320929718576,2.285195664268799,0.13365686700162177,sub-NORB00090
F3-T5,0.6254937929670256,0.8648478210893963,0.7232414509400382,sub-NORB00090
F3-T6,0.7978876695676298,1.1198177113870784,0.7125156723761001,sub-NORB00090
F3-FZ,13.57444935051598,14.535465441273647,0.9338847390446233,sub-NORB00090
F3-CZ,4.116741260746193,9.253785916123034,0.44487102879412005,sub-NORB00090
F3-PZ,0.7174235953628416,2.876046039135576,0.2494478828226513,sub-NORB00090
F4-C3,3.6807425920133268,5.857407311945517,0.6283910945559259,sub-NORB00090
F4-C4,2.21086688818865,7.36607754623064,0.30014167978994355,sub-NORB00090
F4-P3,1.150094857475937,2.5101104912627155,0.45818495300474993,sub-NORB00090
F4-P4,0.8896445572959782,2.8767490481675098,0.3092534463034522,sub-NORB00090
F4-O1,0.6297467274950287,1.4567430091072064,0.4322977515992895,sub-NORB00090
F4-O2,0.5529776877087536,1.1610914584657708,0.4762567872469242,sub-NORB00090
F4-F7,4.092428298467712,5.074096389253682,0.8065334168927056,sub-NORB00090
F4-F8,4.180485993499068,6.236920540524455,0.6702804639463206,sub-NORB00090
F4-T3,1.5400064027604898,4.445965615135634,0.346382886434786,sub-NORB00090
F4-T4,0.555964955888077,2.6223318340531985,0.21201167169936372,sub-NORB00090
F4-T5,0.6570086144948939,0.7775989690817655,0.8449196058872457,sub-NORB00090
F4-T6,0.7511552165512936,0.9755818768483369,0.7699560994080126,sub-NORB00090
F4-FZ,5.1792444430251425,9.37244012044697,0.5526036311212138,sub-NORB00090
F4-CZ,4.97938826560221,5.832510188125753,0.8537298873030019,sub-NORB00090
F4-PZ,0.9367694864532099,3.372985223123581,0.27772712433815727,sub-NORB00090
C3-C4,2.40272213497539,4.194352370378974,0.5728469910977688,sub-NORB00090
C3-P3,1.5431796501902526,4.74113064559018,0.3254876875467658,sub-NORB00090
C3-P4,0.6515320151729507,3.5755422637763,0.1822190781447614,sub-NORB00090
C3-O1,0.6104148069400837,2.5555278591497985,0.2388605566378616,sub-NORB00090
C3-O2,0.6939723539366258,2.1782993695627226,0.31858447173674553,sub-NORB00090
C3-F7,3.276478625876795,4.922955625380805,0.6655511191253831,sub-NORB00090
C3-F8,2.4910527762414647,3.6015602022697357,0.6916593465997266,sub-NORB00090
C3-T3,2.8800489964636062,5.91787868667685,0.4866691510502864,sub-NORB00090
C3-T4,0.4980078475676927,2.1306925420622957,0.23373050674203386,sub-NORB00090
C3-T5,0.6248149822329323,1.879751446085868,0.3323923402394289,sub-NORB00090
C3-T6,0.8252725514711023,1.2887877286019935,0.640347927867309,sub-NORB00090
C3-FZ,3.41111877792169,4.783002823696688,0.7131751545330061,sub-NORB00090
C3-CZ,5.034203285643503,6.179610339342384,0.8146473659663189,sub-NORB00090
C3-PZ,1.1785090940266807,4.462604535245843,0.2640854874588965,sub-NORB00090
C4-P3,3.083260409596604,3.5319590158975367,0.8729604153725125,sub-NORB00090
C4-P4,3.0173899173840786,4.780466497634973,0.6311915205089009,sub-NORB00090
C4-O1,1.5075474247685956,1.800658068732862,0.8372202646055223,sub-NORB00090
C4-O2,0.9117822642218337,1.6628575513390484,0.5483225327915812,sub-NORB00090
C4-F7,1.0544860748213531,2.61841855766318,0.40271868366317803,sub-NORB00090
C4-F8,1.0037336233913285,3.610513711796224,0.27800299445254645,sub-NORB00090
C4-T3,1.567508793651748,1.6455065625100542,0.9525995394759602,sub-NORB00090
C4-T4,1.8435850971508916,3.2755167765928848,0.5628379345589997,sub-NORB00090
C4-T5,1.3213926538873269,1.3970605242440424,0.9458378008371113,sub-NORB00090
C4-T6,1.7395937834779116,2.2621909946864873,0.7689862560517348,sub-NORB00090
C4-FZ,1.2934303395387083,5.230321795961819,0.2472946005993988,sub-NORB00090
C4-CZ,1.6209864499019824,5.809695521911747,0.27901401093883454,sub-NORB00090
C4-PZ,2.6746526216758975,5.491564685485869,0.487047458212587,sub-NORB00090
P3-P4,3.711620962040363,6.268110200956565,0.5921435397664098,sub-NORB00090
P3-O1,2.7351039828888477,5.196773412926829,0.526308108043609,sub-NORB00090
P3-O2,1.6265228429480019,3.5533302014058625,0.45774604406437486,sub-NORB00090
P3-F7,0.5681399820398497,2.060354559633543,0.27574864694205825,sub-NORB00090
P3-F8,0.5577018672613262,1.493554847223806,0.3734056826222169,sub-NORB00090
P3-T3,1.062830792619775,2.6449551477556,0.40183320065810924,sub-NORB00090
P3-T4,0.8328570158851742,1.9994265151922401,0.4165479499030736,sub-NORB00090
P3-T5,2.935431272173128,3.695470362316444,0.7943322457964733,sub-NORB00090
P3-T6,1.8079363199447267,2.170562610283631,0.8329344251021078,sub-NORB00090
P3-FZ,0.6452978504200794,2.4063543746342457,0.2681640980323862,sub-NORB00090
P3-CZ,0.799460679870841,3.6697881341879337,0.21784927375589466,sub-NORB00090
P3-PZ,3.54294361727838,7.252066351872029,0.4885426367291598,sub-NORB00090
P4-O1,2.6548623307719796,4.486665748269674,0.5917227802841906,sub-NORB00090
P4-O2,2.4789898731372353,4.171086623619731,0.5943271134910958,sub-NORB00090
P4-F7,1.0183377937289486,1.68361399319992,0.6048522985921908,sub-NORB00090
P4-F8,1.022504833866289,2.327261224198108,0.4393597174372241,sub-NORB00090
P4-T3,1.2068675567856517,1.6942728280381814,0.7123218508928683,sub-NORB00090
P4-T4,1.5311279812165248,3.164936579694548,0.4837784084015661,sub-NORB00090
P4-T5,1.5947348906532948,2.3005649302285645,0.6931927326627793,sub-NORB00090
P4-T6,3.1446749864195183,4.705902591375879,0.6682405607337699,sub-NORB00090
P4-FZ,0.8000176297436192,3.06703630900089,0.2608438730887509,sub-NORB00090
P4-CZ,0.6098080727080664,4.580392336873343,0.13313446269634013,sub-NORB00090
P4-PZ,3.2739133921289536,7.904063950947102,0.4142063389728341,sub-NORB00090
O1-O2,3.3392496440939805,6.544624856388184,0.5102278155537902,sub-NORB00090
O1-F7,0.5157333682644045,1.6902527188515717,0.3051220462551986,sub-NORB00090
O1-F8,0.7124121242170437,1.5700176881029821,0.453760572008482,sub-NORB00090
O1-T3,0.6079023437011927,1.9997049004937064,0.30399602638924766,sub-NORB00090
O1-T4,0.7005585045917078,1.3789458462511612,0.508039171006073,sub-NORB00090
O1-T5,2.767207295069437,3.232626659531762,0.8560243995111579,sub-NORB00090
O1-T6,2.3965693589128287,2.707174870716989,0.8852658115425336,sub-NORB00090
O1-FZ,0.6561571876915896,1.5137677469043127,0.4334596169283201,sub-NORB00090
O1-CZ,0.4976642610024678,2.1810819794791656,0.22817311118278472,sub-NORB00090
O1-PZ,2.755395048949882,4.127923153353654,0.667501536871226,sub-NORB00090
O2-F7,0.5931534118938767,1.131301856638586,0.5243104732951657,sub-NORB00090
O2-F8,0.5439238534741705,1.1442079060232155,0.4753715217408527,sub-NORB00090
O2-T3,0.7711505562472729,1.6676224661614065,0.46242514231793425,sub-NORB00090
O2-T4,0.6910402374904685,1.2549821948873894,0.5506374833887393,sub-NORB00090
O2-T5,1.0756744392810158,2.7982652178477045,0.38440760812099667,sub-NORB00090
O2-T6,1.951449216850588,3.396327025132752,0.5745763592286321,sub-NORB00090
O2-FZ,0.5519338233444483,1.196565531414847,0.4612650196365166,sub-NORB00090
O2-CZ,0.6683596946646804,1.8203145326989598,0.3671671475773536,sub-NORB00090
O2-PZ,2.2607061397385317,3.2990693764985535,0.6852557135788148,sub-NORB00090
F7-F8,4.620002835887161,4.795501860353239,0.9634034081152143,sub-NORB00090
F7-T3,3.6422114164777746,4.517962693585138,0.8061623487173091,sub-NORB00090
F7-T4,0.4397374886428589,1.9262660885242968,0.22828491414690255,sub-NORB00090
F7-T5,0.45231512347675273,1.5003219565181403,0.3014787069613107,sub-NORB00090
F7-T6,0.7268659689737406,1.2300125629358303,0.5909419065109672,sub-NORB00090
F7-FZ,5.121738978654844,7.273768959906972,0.7041382544435875,sub-NORB00090
F7-CZ,2.8178803680779243,6.392604952328649,0.4408031450545757,sub-NORB00090
F7-PZ,1.0468778924532187,1.9916755818160101,0.5256267145167665,sub-NORB00090
F8-T3,2.107845975707019,3.708952032336534,0.5683130861034986,sub-NORB00090
F8-T4,0.827751655079312,3.273231649638963,0.2528851433935673,sub-NORB00090
F8-T5,0.7294991322524813,0.7892113147020308,0.9243394242616834,sub-NORB00090
F8-T6,0.9032642377638499,1.4312892524817356,0.6310843431526265,sub-NORB00090
F8-FZ,4.28482039716554,6.237566346991411,0.6869378470390546,sub-NORB00090
F8-CZ,3.0761905480292535,4.218413630128164,0.7292292358575071,sub-NORB00090
F8-PZ,0.8876033894367694,2.2229827604334216,0.39928487311512517,sub-NORB00090
T3-T4,0.5713247461778174,1.91150051458363,0.29888809436301167,sub-NORB00090
T3-T5,1.0373184676095493,3.612325741513776,0.28716083261496017,sub-NORB00090
T3-T6,1.364653890965031,1.680974485677864,0.8118230839266578,sub-NORB00090
T3-FZ,1.542351720056178,3.208415274976304,0.4807207259252215,sub-NORB00090
T3-CZ,1.903957519452072,4.045500339645866,0.4706358570269556,sub-NORB00090
T3-PZ,1.057609329799606,1.8449221528286182,0.5732541767023009,sub-NORB00090
T4-T5,1.114642618340977,1.18226741324563,0.9428007622074219,sub-NORB00090
T4-T6,1.8233613450199857,2.9937889823687103,0.6090480510678236,sub-NORB00090
T4-FZ,0.3091476038706736,2.352514450776501,0.13141156423869466,sub-NORB00090
T4-CZ,0.3792192719190753,2.6563262627466075,0.14276080360963167,sub-NORB00090
T4-PZ,0.9022832803996008,2.2591810215209325,0.3993851186799378,sub-NORB00090
T5-T6,1.6427615603188355,2.528378967872304,0.6497291668666512,sub-NORB00090
T5-FZ,0.6247586619198153,0.844248520070197,0.7400174795306343,sub-NORB00090
T5-CZ,0.3894557347959244,1.2372508976909755,0.3147750674683265,sub-NORB00090
T5-PZ,1.6644151423778015,2.5578033726248526,0.6507205206590044,sub-NORB00090
T6-FZ,0.7786317828430731,1.0959273622444416,0.7104775459282701,sub-NORB00090
T6-CZ,1.1590942343046997,1.4190252863370723,0.8168242281972775,sub-NORB00090
T6-PZ,1.8713302230649353,2.1078931739315268,0.8877727990240761,sub-NORB00090
FZ-CZ,4.186297141801874,9.515180551763736,0.4399598219947493,sub-NORB00090
FZ-PZ,0.7233602431375101,2.987110565907389,0.24216051839305666,sub-NORB00090
CZ-PZ,0.8059176578700897,4.933928491850662,0.16334198179021417,sub-NORB00090
Fp1-Fp2,9.534187592706063,10.957504800782322,0.8701057189612511,sub-NORB00094
Fp1-F3,10.52279831551104,13.819829392758193,0.761427512341444,sub-NORB00094
Fp1-F4,7.977919040636385,9.469359583732722,0.8424982671839327,sub-NORB00094
Fp1-C3,3.928501233189304,5.004365882005013,0.7850147902485778,sub-NORB00094
Fp1-C4,4.513954348191074,4.571508335296785,0.9874102849903316,sub-NORB00094
Fp1-P3,2.7522310676437547,2.9606277334639803,0.9296106486253851,sub-NORB00094
Fp1-P4,2.470950953686191,2.935039918304702,0.8418798457478659,sub-NORB00094
Fp1-O1,0.675380986122685,1.4053451827416594,0.48058014103346336,sub-NORB00094
Fp1-O2,0.8970431324453806,1.039240012267076,0.8631722430398956,sub-NORB00094
Fp1-F7,8.19845440957811,9.65874627899249,0.8488114474452575,sub-NORB00094
Fp1-F8,7.779212264909863,8.614127196703759,0.9030760850485955,sub-NORB00094
Fp1-T3,3.0209948796690513,4.064654331811194,0.7432353733073553,sub-NORB00094
Fp1-T4,3.5172998467397782,4.803602210766314,0.7322212981866928,sub-NORB00094
Fp1-T5,0.7228837228975606,1.2349917898305909,0.5853348409682316,sub-NORB00094
Fp1-T6,1.150834802326676,2.638490271960835,0.4361717056744784,sub-NORB00094
Fp1-FZ,7.564189612697835,12.828309365991688,0.5896482067037435,sub-NORB00094
Fp1-CZ,4.236136831301789,4.9226576535361115,0.8605385808738556,sub-NORB00094
Fp1-PZ,2.9054098816771634,3.0723772278379977,0.9456553236210752,sub-NORB00094
Fp2-F3,9.288935804348522,11.507602996507607,0.8071998840390637,sub-NORB00094
Fp2-F4,7.443911756352087,12.075279665786548,0.6164587456672551,sub-NORB00094
Fp2-C3,3.255512445501201,5.5605682092476885,0.5854639891094245,sub-NORB00094
Fp2-C4,4.062874143248277,4.36423333650962,0.9309479649632206,sub-NORB00094
Fp2-P3,2.2740424589982906,3.6255803689489547,0.6272216383545592,sub-NORB00094
Fp2-P4,2.1794249925204396,3.3721950970074643,0.6462926757869062,sub-NORB00094
Fp2-O1,0.7053029825148326,1.2298601876622879,0.5734822458603762,sub-NORB00094
Fp2-O2,0.8369959249375566,1.1021647402110837,0.75941090691874,sub-NORB00094
Fp2-F7,6.9820919665159975,7.097885266342256,0.9836862254768554,sub-NORB00094
Fp2-F8,8.3794360653716,9.723088225054802,0.8618080872473386,sub-NORB00094
Fp2-T3,2.566846290597749,3.482273830997021,0.737117876184604,sub-NORB00094
Fp2-T4,3.5416549449863877,4.813455065583151,0.7357822804475096,sub-NORB00094
Fp2-T5,0.7919476778048997,1.1920180454521598,0.6643755778919402,sub-NORB00094
Fp2-T6,1.4967433890270698,2.084169839970581,0.7181484734699919,sub-NORB00094
Fp2-FZ,7.009527860513975,12.075025659306114,0.5804979681440092,sub-NORB00094
Fp2-CZ,3.9577807994357728,4.304928464588336,0.9193604102813449,sub-NORB00094
Fp2-PZ,2.7037033628321416,3.3509898051181897,0.8068372391651552,sub-NORB00094
F3-F4,10.281559111302847,11.01288448470999,0.9335936580082633,sub-NORB00094
F3-C3,5.1117007967873525,5.186204195219774,0.9856343106387727,sub-NORB00094
F3-C4,4.672064319138971,5.767037300390301,0.8101324953842027,sub-NORB00094
F3-P3,2.91195246351277,3.1729966915666252,0.9177294357893048,sub-NORB00094
F3-P4,2.639796920378056,2.784056795970581,0.9481835730501924,sub-NORB00094
F3-O1,0.6105904118164099,1.3669924775554485,0.4466669874499313,sub-NORB00094
F3-O2,0.9120859788252256,0.923813736336073,0.9873050626445968,sub-NORB00094
F3-F7,8.42436776022279,8.638244207560549,0.9752407500646294,sub-NORB00094
F3-F8,8.361959271369708,8.718732207126216,0.9590797231431307,sub-NORB00094
F3-T3,2.354417673361939,4.188219932372401,0.5621523490597324,sub-NORB00094
F3-T4,3.697469087799981,5.110311571413821,0.7235310481816742,sub-NORB00094
F3-T5,0.6653293531335042,1.1540844633925367,0.5764997053835278,sub-NORB00094
F3-T6,1.3149703681198495,2.3673438643206235,0.5554623423907272,sub-NORB00094
F3-FZ,10.287129601614616,14.31652787552906,0.7185491964988376,sub-NORB00094
F3-CZ,4.435257478943433,5.76279026409708,0.7696371507003568,sub-NORB00094
F3-PZ,2.7728549945029886,3.3462060710123622,0.8286563755065115,sub-NORB00094
F4-C3,5.890982785204254,6.088537811868751,0.9675529605352221,sub-NORB00094
F4-C4,5.214190611467871,8.360027855582585,0.6237049327516279,sub-NORB00094
F4-P3,3.148429210561276,3.671246393143021,0.8575913663658649,sub-NORB00094
F4-P4,2.8192876147005057,3.8319594924266447,0.7357300149629584,sub-NORB00094
F4-O1,0.7567471706602774,1.2099678379305625,0.625427508845657,sub-NORB00094
F4-O2,1.0422184781114159,1.0490040646974466,0.9935314010551639,sub-NORB00094
F4-F7,6.903659821083842,7.27280251805787,0.9492434043056344,sub-NORB00094
F4-F8,9.396311058457137,9.937974414702827,0.9454955976296013,sub-NORB00094
F4-T3,1.9662805227291753,4.0074958917087224,0.4906506646200926,sub-NORB00094
F4-T4,3.8955016051785516,6.20557239244773,0.6277425125068934,sub-NORB00094
F4-T5,0.7596836147919988,1.3636222176645072,0.5571070967830947,sub-NORB00094
F4-T6,1.5543698538562132,2.3483151662456816,0.6619085360425571,sub-NORB00094
F4-FZ,9.966697917320015,11.200770437965984,0.8898225325230332,sub-NORB00094
F4-CZ,4.083564341390065,6.864590084638429,0.5948737347810846,sub-NORB00094
F4-PZ,3.5886381691551796,3.85801416508175,0.9301775513515093,sub-NORB00094
C3-C4,7.21398116762331,8.46659747512157,0.8520519829625803,sub-NORB00094
C3-P3,6.764582617746567,7.354214308685332,0.9198239721893323,sub-NORB00094
C3-P4,5.267619709290711,6.840052788044521,0.7701138971467869,sub-NORB00094
C3-O1,1.3889418413623524,2.1313172301579058,0.6516823594859448,sub-NORB00094
C3-O2,1.620338691841965,1.8669563758645407,0.8679038850554968,sub-NORB00094
C3-F7,5.1141278983053535,5.173794872785527,0.9884674642216633,sub-NORB00094
C3-F8,4.764620502903395,4.953104755813933,0.9619462413571416,sub-NORB00094
C3-T3,3.1761641726846013,6.627666183478602,0.47922814528621255,sub-NORB00094
C3-T4,3.9272666420789637,4.369739437018022,0.8987416066068671,sub-NORB00094
C3-T5,1.9880800889189523,2.3032074359594,0.8631789121029901,sub-NORB00094
C3-T6,2.7480589511690723,2.75230029591875,0.9984589818356787,sub-NORB00094
C3-FZ,5.3405657564318085,5.437391780850839,0.9821925606390866,sub-NORB00094
C3-CZ,6.297575406357165,7.086169603807503,0.8887136151770042,sub-NORB00094
C3-PZ,6.415617331419322,6.841001347303172,0.9378184575198859,sub-NORB00094
C4-P3,4.068974177045933,5.721354025901976,0.7111907703359531,sub-NORB00094
C4-P4,4.857914007857098,6.805251748783873,0.7138478027245984,sub-NORB00094
C4-O1,0.9673039912731575,1.7484996764786809,0.5532194282250138,sub-NORB00094
C4-O2,1.4036094705237603,2.1268942902181904,0.6599338185160905,sub-NORB00094
C4-F7,4.770329849814428,4.9189089445008225,0.9697942986213435,sub-NORB00094
C4-F8,5.710411382557715,6.183754005059464,0.9234538401568907,sub-NORB00094
C4-T3,1.872010255936679,5.577733711750441,0.3356220201034288,sub-NORB00094
C4-T4,5.208377650674343,6.255483802282903,0.8326098852295926,sub-NORB00094
C4-T5,1.0420358359287412,2.4962213332840193,0.41744528901924044,sub-NORB00094
C4-T6,2.6871279820363285,4.220986241507593,0.6366114050816184,sub-NORB00094
C4-FZ,4.805681029515764,6.044198486199794,0.7950898767616861,sub-NORB00094
C4-CZ,5.504000828943005,7.200556193389799,0.764385511496424,sub-NORB00094
C4-PZ,5.355130671724742,6.723437843588383,0.7964869753100361,sub-NORB00094
P3-P4,7.115462964367073,9.095475359831482,0.7823079809320604,sub-NORB00094
P3-O1,2.7604702286091074,3.624467079128078,0.7616209965061075,sub-NORB00094
P3-O2,2.9444907077474536,3.245083847080303,0.9073696848840125,sub-NORB00094
P3-F7,2.9182386327955534,3.433276878578119,0.8499863937580627,sub-NORB00094
P3-F8,2.6902655051351094,3.1582385245912725,0.8518246751116664,sub-NORB00094
P3-T3,3.5834119398109743,4.9682529963708815,0.7212619692331529,sub-NORB00094
P3-T4,3.3818025960482045,3.8892067069453917,0.8695353193773273,sub-NORB00094
P3-T5,3.2185579338263963,3.3403204523207015,0.9635476535163834,sub-NORB00094
P3-T6,3.063564425731889,4.08999315531984,0.7490390104313795,sub-NORB00094
P3-FZ,2.7861806004285743,3.4799601477105724,0.8006357780452089,sub-NORB00094
P3-CZ,5.400887190905129,5.474134767135474,0.9866193326715129,sub-NORB00094
P3-PZ,7.9551366073556,9.185469262231708,0.8660566357850742,sub-NORB00094
P4-O1,2.2694742019948384,2.7107264061465677,0.8372199410640666,sub-NORB00094
P4-O2,2.8725898706120705,3.615339549790091,0.7945560385272401,sub-NORB00094
P4-F7,2.8384722222211467,3.2567835262485416,0.8715569209141623,sub-NORB00094
P4-F8,2.8971386716348535,3.3216162690205437,0.8722075149545021,sub-NORB00094
P4-T3,2.349076281334541,4.226123705967898,0.5558465498814684,sub-NORB00094
P4-T4,3.6591174717006916,4.739696065867983,0.7720152138132079,sub-NORB00094
P4-T5,2.2210551123251063,3.2440571068365727,0.6846535184736492,sub-NORB00094
P4-T6,3.697267262551105,5.236733575637364,0.7060254659033537,sub-NORB00094
P4-FZ,3.0258579555608787,3.0326948847463386,0.9977455927993786,sub-NORB00094
P4-CZ,5.161710930075808,5.5973189923214175,0.9221755874833665,sub-NORB00094
P4-PZ,10.341728720626621,16.201141350220574,0.6383333431311505,sub-NORB00094
O1-O2,4.390563858790642,5.479968568835278,0.8012023798384341,sub-NORB00094
O1-F7,0.5866465834573119,1.3078717362809444,0.44855054756783436,sub-NORB00094
O1-F8,0.7892700970470611,1.370503434056136,0.5758979346087012,sub-NORB00094
O1-T3,1.377552705050536,2.3460381682995517,0.5871825632099624,sub-NORB00094
O1-T4,1.115571003728411,3.170018189926168,0.3519131238027355,sub-NORB00094
O1-T5,4.033664326506785,5.050706793710292,0.7986336351042902,sub-NORB00094
O1-T6,2.359947443307558,3.187731244212318,0.7403219602004736,sub-NORB00094
O1-FZ,0.6359647683051892,1.3090493635062876,0.48582183837724663,sub-NORB00094
O1-CZ,1.4856081347068213,2.027733334028754,0.7326447268858455,sub-NORB00094
O1-PZ,2.355205363769123,2.7070585664189033,0.8700237937167212,sub-NORB00094
O2-F7,0.8558009538733338,1.2274186262279023,0.6972364078451193,sub-NORB00094
O2-F8,0.9963502678308632,1.9433959204617584,0.5126851699853968,sub-NORB00094
O2-T3,1.8494871742653711,2.942315229278756,0.6285822660540462,sub-NORB00094
O2-T4,1.4192190693757933,3.1457208256524645,0.45115862088029646,sub-NORB00094
O2-T5,3.367264795000407,4.124776474936318,0.8163508533034858,sub-NORB00094
O2-T6,3.8219206592635118,5.765708034197803,0.662871001548254,sub-NORB00094
O2-FZ,0.9826096010278085,1.119799986383121,0.8774867056406848,sub-NORB00094
O2-CZ,1.438205361955441,2.0528451309788083,0.7005912624639621,sub-NORB00094
O2-PZ,2.8815677282859933,3.2074151950388634,0.8984080803580149,sub-NORB00094
F7-F8,6.6863111283990095,7.18242359657234,0.9309268714796926,sub-NORB00094
F7-T3,3.9664027694274915,5.47138453025197,0.7249358453051059,sub-NORB00094
F7-T4,3.349281949591374,5.383432077592145,0.6221462259238556,sub-NORB00094
F7-T5,0.9341741009609059,1.756994545685929,0.5316886744211293,sub-NORB00094
F7-T6,1.4921095315168353,2.220913496603291,0.6718449565005108,sub-NORB00094
F7-FZ,6.964620512136643,8.39365622981861,0.8297481242315723,sub-NORB00094
F7-CZ,4.480118101011169,5.140274688717055,0.8715717295896784,sub-NORB00094
F7-PZ,3.2395043943844395,3.4962005868939174,0.9265785282824601,sub-NORB00094
F8-T3,2.516327258804445,4.261221504564314,0.5905178259588563,sub-NORB00094
F8-T4,5.092909233225179,6.353515659799603,0.8015891525143128,sub-NORB00094
F8-T5,0.8252731772240454,1.750208627563115,0.47152845908039315,sub-NORB00094
F8-T6,1.4962467424218668,3.496121047083539,0.42797338028957393,sub-NORB00094
F8-FZ,7.470292688443768,8.180856722943437,0.9131430779728885,sub-NORB00094
F8-CZ,3.732748606150866,5.158417463312227,0.7236228228325792,sub-NORB00094
F8-PZ,3.3520628951647815,3.6004872066675686,0.9310025845827914,sub-NORB00094
T3-T4,2.748313719294744,3.9833943696737695,0.6899426630258114,sub-NORB00094
T3-T5,3.013399932085262,3.696625392147155,0.8151759002918478,sub-NORB00094
T3-T6,2.2918534956057455,3.8985698928107504,0.5878703110676794,sub-NORB00094
T3-FZ,2.319724788702791,4.187387347118636,0.5539790318894205,sub-NORB00094
T3-CZ,2.227068951268024,4.036764156499226,0.5516965730292723,sub-NORB00094
T3-PZ,2.618330022397928,4.182286952254994,0.6260522179106298,sub-NORB00094
T4-T5,1.264054026817757,3.081978082087963,0.41014374312532165,sub-NORB00094
T4-T6,4.078294040276776,6.857990401131864,0.594677711943674,sub-NORB00094
T4-FZ,3.6899299938555554,5.297547072568056,0.6965355745422028,sub-NORB00094
T4-CZ,2.6520721133914598,4.97915780398094,0.5326346779511734,sub-NORB00094
T4-PZ,3.6273701745559066,4.186392946947964,0.8664667221934802,sub-NORB00094
T5-T6,2.960946146984758,4.048953758001533,0.7312867283636775,sub-NORB00094
T5-FZ,0.7983057871920913,1.204144444687294,0.6629651373755285,sub-NORB00094
T5-CZ,1.5734517849998355,1.6281050716652086,0.9664313516267876,sub-NORB00094
T5-PZ,2.227043109183359,3.2584388552845795,0.6834693569810312,sub-NORB00094
T6-FZ,1.5758233753843478,2.4758418671240245,0.6364798157383323,sub-NORB00094
T6-CZ,1.996043651217079,2.893627067392242,0.6898068081094942,sub-NORB00094
T6-PZ,3.6335584812773267,3.75915303700335,0.9665896667441498,sub-NORB00094
FZ-CZ,4.411252500923225,5.926271381892866,0.7443554668119603,sub-NORB00094
FZ-PZ,3.0221301865265406,3.5301616091916386,0.8560883384652096,sub-NORB00094
CZ-PZ,5.274874403911018,6.629485618641586,0.7956687301769675,sub-NORB00094
Fp1-Fp2,7.865294990000986,10.33378807908855,0.7611240843923628,sub-NORB00096
Fp1-F3,7.788231831356143,9.544974882969964,0.8159510032081717,sub-NORB00096
Fp1-F4,5.921731771229056,6.670607864115523,0.8877349548734472,sub-NORB00096
Fp1-C3,4.477461946285613,4.610330510796734,0.9711802517845605,sub-NORB00096
Fp1-C4,2.6161329876541357,4.263873599426855,0.6135578193513507,sub-NORB00096
Fp1-P3,2.2638354986743514,2.97743268897713,0.7603313777857633,sub-NORB00096
Fp1-P4,1.926340343596685,2.4792853538536743,0.7769740343129443,sub-NORB00096
Fp1-O1,0.8656785483340338,1.0181513319656392,0.8502454607241519,sub-NORB00096
Fp1-O2,0.813997635392431,1.2631669898748101,0.6444101547279228,sub-NORB00096
Fp1-F7,7.463864056090212,7.814029825192636,0.9551875566211073,sub-NORB00096
Fp1-F8,5.58497072595093,6.720616733267308,0.8310205666550085,sub-NORB00096
Fp1-T3,2.5545668251083606,4.915197452113899,0.5197282204827209,sub-NORB00096
Fp1-T4,0.9644273595018097,1.473757842861271,0.6544001541185311,sub-NORB00096
Fp1-T5,1.5744328995740968,1.6548031620986265,0.9514321314067324,sub-NORB00096
Fp1-T6,0.9713257727859561,0.9857784167260066,0.985338851313005,sub-NORB00096
Fp1-FZ,7.285150008023855,7.761023241431315,0.9386842148768392,sub-NORB00096
Fp1-CZ,4.168533509732748,4.422759470346947,0.9425187007526193,sub-NORB00096
Fp1-PZ,2.3148353532880757,3.179719197129421,0.7279999301126517,sub-NORB00096
Fp2-F3,7.70946580075964,13.236383371673037,0.5824450368564074,sub-NORB00096
Fp2-F4,7.232379264930794,8.528364999023937,0.8480381955695532,sub-NORB00096
Fp2-C3,3.7019504262854026,5.745448327315676,0.6443275120385578,sub-NORB00096
Fp2-C4,2.3306011627800216,4.910703789718007,0.4745961602611454,sub-NORB00096
Fp2-P3,1.7059802951472431,3.5322947248045167,0.4829665778360709,sub-NORB00096
Fp2-P4,1.3889845717665623,2.5246557489790202,0.5501679079725117,sub-NORB00096
Fp2-O1,0.6641260385057464,0.9808712097852983,0.677077716095996,sub-NORB00096
Fp2-O2,0.9581979275589407,1.0414293194398694,0.9200796536766466,sub-NORB00096
Fp2-F7,5.717930297146759,8.447179476776345,0.676904085306456,sub-NORB00096
Fp2-F8,6.331708635979962,7.652976470783898,0.8273524242694297,sub-NORB00096
Fp2-T3,2.6413978531398703,4.8608132840197396,0.543406565692134,sub-NORB00096
Fp2-T4,0.8657436336418225,1.5577137205841827,0.5557783963777031,sub-NORB00096
Fp2-T5,1.2651552386971316,1.402302236176135,0.9021986887413213,sub-NORB00096
Fp2-T6,0.9274905694395823,1.1188738854610283,0.8289500554903138,sub-NORB00096
Fp2-FZ,7.271629109652961,9.942944218907552,0.7313356033744205,sub-NORB00096
Fp2-CZ,4.693112817595835,5.682851237272278,0.8258377039354792,sub-NORB00096
Fp2-PZ,2.2837374766769387,3.602799621644516,0.6338785712524626,sub-NORB00096
F3-F4,9.273452677378494,9.488514698155159,0.9773344904215114,sub-NORB00096
F3-C3,5.028891310377187,6.322885143630155,0.7953475662045557,sub-NORB00096
F3-C4,2.665357600147534,4.904560190067747,0.5434447732021241,sub-NORB00096
F3-P3,1.905223283223389,4.01154739861626,0.4749347555710236,sub-NORB00096
F3-P4,1.9900065593577203,2.457280330513882,0.8098410810709405,sub-NORB00096
F3-O1,0.6905271424100733,1.010398672856207,0.6834204764522135,sub-NORB00096
F3-O2,0.8831714501119456,1.0134697914009965,0.8714334236751847,sub-NORB00096
F3-F7,5.642045000004071,8.738092706872905,0.6456838110182039,sub-NORB00096
F3-F8,5.64023731023377,7.449404598594121,0.757139343901151,sub-NORB00096
F3-T3,2.084697382019641,4.862730120838468,0.4287092497866573,sub-NORB00096
F3-T4,0.8204566953046972,1.4242434095058933,0.5760649407458622,sub-NORB00096
F3-T5,1.2936494615097016,1.6621339732004157,0.7783063714285303,sub-NORB00096
F3-T6,0.8688847254355224,1.1342347320812005,0.7660537108057086,sub-NORB00096
F3-FZ,10.206310618078064,11.423806515023196,0.8934246745737482,sub-NORB00096
F3-CZ,5.0517454416711995,6.390385778784967,0.79052276600298,sub-NORB00096
F3-PZ,2.239174089872108,3.7297406620146694,0.6003565107560557,sub-NORB00096
F4-C3,5.588996793461556,8.017809935013176,0.6970727466430484,sub-NORB00096
F4-C4,3.821776367831255,7.560268004903089,0.5055080541262167,sub-NORB00096
F4-P3,2.8627136702599203,4.677155600357194,0.6120629533987056,sub-NORB00096
F4-P4,2.439665152003976,3.58100918405763,0.681278663809401,sub-NORB00096
F4-O1,0.6183012109673399,0.8387942039587168,0.7371310007260983,sub-NORB00096
F4-O2,0.784514155562859,0.914396854832398,0.8579580642878025,sub-NORB00096
F4-F7,5.405381533562542,7.993421144778425,0.676228793111135,sub-NORB00096
F4-F8,5.600040190848452,6.011147809165989,0.9316091316718802,sub-NORB00096
F4-T3,2.43895297577996,4.573717849864912,0.5332539207358399,sub-NORB00096
F4-T4,1.0533000626490066,1.401857458517208,0.7513603157364641,sub-NORB00096
F4-T5,1.2899738435608064,1.3747123189643398,0.9383591212251794,sub-NORB00096
F4-T6,0.8697791168630733,1.1641238424439102,0.7471534257361291,sub-NORB00096
F4-FZ,8.427820512455497,10.264263141087358,0.8210838319917317,sub-NORB00096
F4-CZ,5.150451608492767,8.035265550504453,0.6409808830984337,sub-NORB00096
F4-PZ,3.4604742354770415,5.235380834624371,0.6609785123158713,sub-NORB00096
C3-C4,4.273902822473657,6.892044404865139,0.6201211964706265,sub-NORB00096
C3-P3,6.082910909683034,8.190342476259042,0.7426931080495449,sub-NORB00096
C3-P4,4.326015315461953,4.342359348203842,0.9962361399802969,sub-NORB00096
C3-O1,1.2112564894517088,1.3015572693745496,0.9306209707036296,sub-NORB00096
C3-O2,1.0212685917012638,1.2627886314336472,0.8087407237280992,sub-NORB00096
C3-F7,4.41656514526872,7.190447512039756,0.614226741503026,sub-NORB00096
C3-F8,2.9517540212648683,3.6662112328703493,0.8051238277817074,sub-NORB00096
C3-T3,3.9847952791269057,5.766010196966003,0.6910836337444654,sub-NORB00096
C3-T4,1.0262282630027881,1.113371083783949,0.9217306592111287,sub-NORB00096
C3-T5,2.3015786996322274,2.5296933423810826,0.9098251796266572,sub-NORB00096
C3-T6,0.9124322010396382,1.034067317005211,0.8823721493124418,sub-NORB00096
C3-FZ,4.918221701152892,8.394169311958194,0.5859092804033004,sub-NORB00096
C3-CZ,4.39924436564569,9.742173648900199,0.4515670243819072,sub-NORB00096
C3-PZ,5.837724525733454,7.256369523146179,0.8044965884265447,sub-NORB00096
C4-P3,5.1353977536675846,6.724942518336833,0.7636344458952544,sub-NORB00096
C4-P4,6.18919105491561,6.651007485604107,0.9305644397953116,sub-NORB00096
C4-O1,1.1870401666416361,1.8989778578517313,0.6250942641240201,sub-NORB00096
C4-O2,1.4739955159902953,1.6220076710196167,0.9087475616337382,sub-NORB00096
C4-F7,2.446724538402846,4.4603431385256815,0.5485507420425919,sub-NORB00096
C4-F8,2.7805159896108314,4.967981439515435,0.5596872740897431,sub-NORB00096
C4-T3,3.4782309747952382,3.5511768130233996,0.9794586859317611,sub-NORB00096
C4-T4,1.9460900046218221,3.008309150644524,0.6469049247165559,sub-NORB00096
C4-T5,2.0155156243271635,3.1351065986191142,0.6428858352742823,sub-NORB00096
C4-T6,1.5866665248943168,2.956526668477708,0.536665723942642,sub-NORB00096
C4-FZ,2.8114330609207547,5.906385945968306,0.47599887420831966,sub-NORB00096
C4-CZ,3.9283371565519873,8.03521159696076,0.48889031846253334,sub-NORB00096
C4-PZ,5.6668967238558166,7.044596000774992,0.8044317549554848,sub-NORB00096
P3-P4,6.813154211432886,7.299469716417906,0.933376598043663,sub-NORB00096
P3-O1,2.3101382025087918,2.4509078383509717,0.9425642883671655,sub-NORB00096
P3-O2,1.8751104231020517,2.044658718860901,0.917077459335949,sub-NORB00096
P3-F7,2.958745017779697,3.943154269709099,0.7503498000340663,sub-NORB00096
P3-F8,1.9263753938961063,2.3793556845799406,0.8096206071166678,sub-NORB00096
P3-T3,4.337704739530274,4.632795099046413,0.9363040339131601,sub-NORB00096
P3-T4,1.2192474490567693,1.849335323348111,0.6592895477978514,sub-NORB00096
P3-T5,3.302095985028076,5.014765193781866,0.6584746957090952,sub-NORB00096
P3-T6,1.3799257674374616,2.3588861565758954,0.5849904047258178,sub-NORB00096
P3-FZ,2.022742384978746,4.755320690704676,0.4253640325315267,sub-NORB00096
P3-CZ,3.252953663331973,7.381039991491582,0.4407175231514505,sub-NORB00096
P3-PZ,9.244416365267547,10.526056351342598,0.8782412003797055,sub-NORB00096
P4-O1,2.575458754770277,2.6510264496998013,0.9714949298457277,sub-NORB00096
P4-O2,2.3726109256658905,3.2323422534228543,0.7340221856622514,sub-NORB00096
P4-F7,2.111130782219231,2.50328507684666,0.8433441327739554,sub-NORB00096
P4-F8,1.460903334241424,2.3953576317063283,0.609889444024587,sub-NORB00096
P4-T3,2.7110370586325803,2.8265285944284004,0.9591401495022994,sub-NORB00096
P4-T4,2.15020198475582,2.531599971795193,0.8493450816524862,sub-NORB00096
P4-T5,2.16218589313889,3.772510433388997,0.573142455485938,sub-NORB00096
P4-T6,2.3067178582846855,3.544009729758339,0.6508779699208042,sub-NORB00096
P4-FZ,1.7730284011065476,3.0273125911357943,0.5856773450809514,sub-NORB00096
P4-CZ,3.112824885937717,5.208162815007841,0.5976819459191638,sub-NORB00096
P4-PZ,7.814711338886186,8.133717116383751,0.9607798288368067,sub-NORB00096
O1-O2,4.2076794292963635,4.696491658246217,0.8959197067684376,sub-NORB00096
O1-F7,0.5440455242275288,1.1798830162640683,0.4611012420114085,sub-NORB00096
O1-F8,0.743672639389196,1.0791357321348094,0.6891372579406849,sub-NORB00096
O1-T3,1.0747344225665898,1.6990677717747584,0.6325435867952328,sub-NORB00096
O1-T4,0.7562221014766695,1.2865367097481384,0.5877967536773303,sub-NORB00096
O1-T5,2.1858931413650504,3.073639680983991,0.711174167515062,sub-NORB00096
O1-T6,2.152654532501143,2.246647184144712,0.9581631453719548,sub-NORB00096
O1-FZ,0.7301273228884636,0.8562446146210174,0.8527088058961111,sub-NORB00096
O1-CZ,1.071713774263459,1.4463055109177858,0.7410009615350072,sub-NORB00096
O1-PZ,2.0935032219253307,2.1315788075928763,0.9821373783920553,sub-NORB00096
O2-F7,0.8318467854259002,1.1495955614013478,0.7235995104329436,sub-NORB00096
O2-F8,0.8738426193227278,1.018105903180564,0.8583022813175354,sub-NORB00096
O2-T3,0.7836369627969308,1.3204580778072212,0.5934584186862288,sub-NORB00096
O2-T4,1.4160541649351281,1.5324463475114816,0.9240481190317944,sub-NORB00096
O2-T5,1.6986365905569076,1.816914576860928,0.9349017351666755,sub-NORB00096
O2-T6,2.9291181835913056,3.770915558194391,0.7767657849633315,sub-NORB00096
O2-FZ,0.8549978036985302,1.0100125354592404,0.8465219724325234,sub-NORB00096
O2-CZ,1.4870719028398365,1.5515094523314883,0.9584678331190184,sub-NORB00096
O2-PZ,1.8199808772355515,2.2345027749062814,0.8144903186848288,sub-NORB00096
F7-F8,5.051109687701402,5.673601656478544,0.890282750452469,sub-NORB00096
F7-T3,3.059222919799844,6.818847002460204,0.44864225853668405,sub-NORB00096
F7-T4,0.9456306801428571,1.1238397928123243,0.8414283656716655,sub-NORB00096
F7-T5,1.5822234768867356,2.1286407764718267,0.7433022491983052,sub-NORB00096
F7-T6,0.8639051372644249,1.198011123933099,0.7211161232194604,sub-NORB00096
F7-FZ,5.012604891015664,8.111907689353977,0.6179316978168008,sub-NORB00096
F7-CZ,4.437624955680275,5.812379393203318,0.7634781998004799,sub-NORB00096
F7-PZ,2.617805545485466,3.8428050406405285,0.6812225751242179,sub-NORB00096
F8-T3,2.36236657429355,5.087819837648608,0.46431804774465907,sub-NORB00096
F8-T4,1.5216387582950346,2.2445733376254777,0.6779189313122502,sub-NORB00096
F8-T5,1.5846210241523164,1.7233258353711967,0.9195132990105706,sub-NORB00096
F8-T6,0.984965612120593,1.044180410018392,0.9432906446724507,sub-NORB00096
F8-FZ,5.0684372034012775,6.0375736271928355,0.8394824670250594,sub-NORB00096
F8-CZ,4.445613394415919,4.821956408891145,0.9219522155402957,sub-NORB00096
F8-PZ,1.7966811343430293,3.2672433326681456,0.549907353510703,sub-NORB00096
T3-T4,1.3398059426091193,1.5133618450973754,0.8853176435956143,sub-NORB00096
T3-T5,3.3881174089570663,3.905810520996579,0.867455651200555,sub-NORB00096
T3-T6,0.7812099368002252,1.3270713411251789,0.5886721479026619,sub-NORB00096
T3-FZ,2.325673510581738,4.732208094853516,0.49145630622436276,sub-NORB00096
T3-CZ,3.2138320465448893,4.521265158320203,0.710825827286567,sub-NORB00096
T3-PZ,3.6342202041599743,3.8536986197451455,0.9430473326428194,sub-NORB00096
T4-T5,1.7831941764661543,1.7941412730678479,0.9938984199482938,sub-NORB00096
T4-T6,2.746713672715745,3.5435697556721673,0.7751261756083959,sub-NORB00096
T4-FZ,0.711365065355132,1.3837263330745766,0.5140937541995833,sub-NORB00096
T4-CZ,1.0759251530480802,1.338451390357125,0.803858220626901,sub-NORB00096
T4-PZ,1.466316163083564,1.670665387546721,0.8776839300159127,sub-NORB00096
T5-T6,1.6464706000634337,2.8108207702294616,0.5857615033665146,sub-NORB00096
T5-FZ,1.4667924473945813,1.6632602042202769,0.8818779188444552,sub-NORB00096
T5-CZ,1.6548719963382474,1.989072092293896,0.8319819089260698,sub-NORB00096
T5-PZ,2.508457327907277,3.731550834289672,0.6722291720795437,sub-NORB00096
T6-FZ,0.7838613171073996,1.2235605895986816,0.6406395594716727,sub-NORB00096
T6-CZ,1.051260095521225,1.340354177008995,0.784315156063538,sub-NORB00096
T6-PZ,1.3623175399060925,2.1532922197792628,0.6326672837956688,sub-NORB00096
FZ-CZ,5.487412756362535,8.406275694698738,0.6527757303776118,sub-NORB00096
FZ-PZ,2.5737337574915635,4.765073775732388,0.5401246399581678,sub-NORB00096
CZ-PZ,4.262356266885625,8.901867066147853,0.47881598716459994,sub-NORB00096
Fp1-Fp2,9.075999344641648,11.10772537353456,0.8170889213975586,sub-NORB00103
Fp1-F3,8.776782722814769,13.857741619742482,0.6333487059905124,sub-NORB00103
Fp1-F4,5.663912593556363,6.447997737724073,0.8783986632655882,sub-NORB00103
Fp1-C3,4.660178362290425,5.87912099325253,0.7926658368893775,sub-NORB00103
Fp1-C4,3.3356602281836403,4.731175305862621,0.7050383916339493,sub-NORB00103
Fp1-P3,2.960684405322142,2.9948259337379493,0.988599828780969,sub-NORB00103
Fp1-P4,2.249805332707805,2.7903121974458887,0.8062916166754257,sub-NORB00103
Fp1-O1,1.9725996405945174,2.315276314608971,0.8519931846353601,sub-NORB00103
Fp1-O2,2.616536227556712,2.703277434756488,0.9679125767542281,sub-NORB00103
Fp1-F7,8.381788993817253,8.668765190870808,0.9668953777458671,sub-NORB00103
Fp1-F8,5.310967570634997,5.4799659683082975,0.9691606848198235,sub-NORB00103
Fp1-T3,4.161863092180786,4.408157222250514,0.9441276438992376,sub-NORB00103
Fp1-T4,1.5275360942224698,1.9945843380125876,0.7658418173204515,sub-NORB00103
Fp1-T5,1.684269862112493,2.119138356062005,0.7947899471945624,sub-NORB00103
Fp1-T6,1.1227336195751856,2.1745182222494126,0.5163137324339288,sub-NORB00103
Fp1-FZ,7.485713480286873,13.527649294737092,0.5533639523903963,sub-NORB00103
Fp1-CZ,3.364819665654312,6.9337591517084665,0.4852807246449029,sub-NORB00103
Fp1-PZ,2.763453892904401,3.1489831361408056,0.8775702420214022,sub-NORB00103
Fp2-F3,8.687138402882187,11.846564346512277,0.733304454252152,sub-NORB00103
Fp2-F4,7.130860981879474,7.782090680348363,0.9163168709774355,sub-NORB00103
Fp2-C3,5.597429367834396,6.084113966224372,0.9200073172376817,sub-NORB00103
Fp2-C4,4.61127395572892,5.573884093090634,0.8272999364025236,sub-NORB00103
Fp2-P3,3.4454416538924235,3.7360218481591745,0.9222220302566146,sub-NORB00103
Fp2-P4,3.00574617329473,3.5413539365003484,0.848756217873292,sub-NORB00103
Fp2-O1,2.432433547469241,3.036955755975223,0.8009446771436883,sub-NORB00103
Fp2-O2,2.6129229989865097,3.526240101321123,0.7409940684434861,sub-NORB00103
Fp2-F7,7.7839241317768595,7.885403684180355,0.9871307092866934,sub-NORB00103
Fp2-F8,6.582446751339237,7.453067014123498,0.8831863095911464,sub-NORB00103
Fp2-T3,4.1927360213453415,4.828843047281144,0.8682692687032022,sub-NORB00103
Fp2-T4,2.07679441161058,2.116517008075894,0.9812320920107201,sub-NORB00103
Fp2-T5,2.1497243929596106,2.6285051580273104,0.8178505514415562,sub-NORB00103
Fp2-T6,0.8971771845984593,2.7243967098865975,0.3293122405201422,sub-NORB00103
Fp2-FZ,7.643469548785956,11.553705984937496,0.6615599841947428,sub-NORB00103
Fp2-CZ,4.416307273595441,7.507514230936345,0.5882516020278838,sub-NORB00103
Fp2-PZ,3.4220480935651465,4.003953340510279,0.8546673256509597,sub-NORB00103
F3-F4,7.082867521143726,9.435670984864,0.7506479965765587,sub-NORB00103
F3-C3,6.204140602251093,7.501294351196272,0.8270760100570758,sub-NORB00103
F3-C4,5.052372386056468,5.3693787835873446,0.9409603214249151,sub-NORB00103
F3-P3,3.263663437191851,4.380432912522466,0.7450549985280963,sub-NORB00103
F3-P4,2.7673702164294953,3.0969775037680733,0.8935713007480529,sub-NORB00103
F3-O1,2.1026520620821954,2.399559749741554,0.8762657659633867,sub-NORB00103
F3-O2,2.341351740819136,2.8412013877493787,0.8240710253467136,sub-NORB00103
F3-F7,8.251305191803594,8.58500898965481,0.9611294760141382,sub-NORB00103
F3-F8,5.594351216416381,6.175746622641804,0.9058582805042739,sub-NORB00103
F3-T3,4.247826871485667,6.550961270586915,0.6484280239234409,sub-NORB00103
F3-T4,1.747253608525525,1.8298952808134885,0.9548380319057248,sub-NORB00103
F3-T5,1.7189517471266624,1.9244076412518183,0.8932368123463136,sub-NORB00103
F3-T6,1.0990316636126711,2.182208274799279,0.5036327999964901,sub-NORB00103
F3-FZ,13.034617330032887,14.8417937418201,0.8782373314692358,sub-NORB00103
F3-CZ,5.354187893201649,7.2975129325929045,0.7337003637620461,sub-NORB00103
F3-PZ,3.0322867220138985,4.345981038096121,0.6977220322485063,sub-NORB00103
F4-C3,6.273125879095902,10.124084248666334,0.6196240296916014,sub-NORB00103
F4-C4,7.1568006293087825,8.792733973857278,0.8139448606755892,sub-NORB00103
F4-P3,4.941911421570949,5.9389057322724454,0.832124913974681,sub-NORB00103
F4-P4,3.457953100365573,5.114351607562628,0.6761273697436588,sub-NORB00103
F4-O1,2.638624028003706,2.894010622130016,0.9117534012579597,sub-NORB00103
F4-O2,2.701427323807553,4.248869512453543,0.6357990792349829,sub-NORB00103
F4-F7,5.553901154467654,7.730736596509407,0.7184181073994114,sub-NORB00103
F4-F8,5.7701528651092895,8.360580104706075,0.6901617821784084,sub-NORB00103
F4-T3,4.279582507083712,6.472448190319293,0.6611999634828434,sub-NORB00103
F4-T4,1.8203910450466858,1.853881754135091,0.9819348191902186,sub-NORB00103
F4-T5,1.9706630738259174,2.187624079436952,0.9008234515013769,sub-NORB00103
F4-T6,0.8645792741250201,2.6578710626961355,0.3252901490443234,sub-NORB00103
F4-FZ,7.160195336376762,10.218780964742525,0.7006897751386701,sub-NORB00103
F4-CZ,7.447032603825794,9.06023274855536,0.8219471630034241,sub-NORB00103
F4-PZ,5.150877356273784,5.80651347639659,0.88708609343835,sub-NORB00103
C3-C4,6.410031476985783,8.565689913145672,0.7483380255393529,sub-NORB00103
C3-P3,6.128263182170474,8.986106890693122,0.6819708753428577,sub-NORB00103
C3-P4,3.5803404418197537,4.1522508386235195,0.862264969282695,sub-NORB00103
C3-O1,3.481367113941901,3.5409223337195685,0.9831808737484767,sub-NORB00103
C3-O2,3.377352649483803,3.809608053725925,0.8865354655528509,sub-NORB00103
C3-F7,5.771288878552426,7.105179269077789,0.8122650618640204,sub-NORB00103
C3-F8,4.826970046783034,5.301153528321156,0.9105508868956879,sub-NORB00103
C3-T3,6.022162809078331,7.186450885381101,0.8379884459140742,sub-NORB00103
C3-T4,1.7821265863011342,2.0184262103348773,0.8829287774683927,sub-NORB00103
C3-T5,2.5521716329476827,3.024599114629804,0.8438049262803067,sub-NORB00103
C3-T6,1.2259746793557857,2.6206572542122313,0.46781191145284406,sub-NORB00103
C3-FZ,6.268511726447134,8.471638571203052,0.7399408831905522,sub-NORB00103
C3-CZ,7.9923424083222585,10.413444164381044,0.7675023058806892,sub-NORB00103
C3-PZ,4.410230223255945,7.464178921792784,0.5908526938414645,sub-NORB00103
C4-P3,5.88817585863858,7.528706100535065,0.7820966551237944,sub-NORB00103
C4-P4,5.448559350385633,5.450890205893953,0.9995723899362714,sub-NORB00103
C4-O1,3.682018481711548,4.099740633175595,0.8981101028480218,sub-NORB00103
C4-O2,3.9284931854013414,4.6777459885744515,0.8398261032122769,sub-NORB00103
C4-F7,3.9374961210360344,4.30891206958556,0.91380284801559,sub-NORB00103
C4-F8,5.2207749457953145,5.364070167629064,0.973286102277613,sub-NORB00103
C4-T3,3.6356660718787603,6.3127917451806566,0.5759204831450869,sub-NORB00103
C4-T4,2.340573615983342,2.7713449086621953,0.8445623670541974,sub-NORB00103
C4-T5,2.2851293419251424,2.7476748199231076,0.8316593089385631,sub-NORB00103
C4-T6,1.710361224232344,3.662653883041412,0.46697320545398796,sub-NORB00103
C4-FZ,5.01666917626957,6.133233041961235,0.8179485667587449,sub-NORB00103
C4-CZ,8.299128872489348,11.719767314457528,0.7081308570223511,sub-NORB00103
C4-PZ,5.457632755644506,7.896735245870123,0.6911252037351472,sub-NORB00103
P3-P4,5.400262835350302,9.90236708392135,0.5453507014619571,sub-NORB00103
P3-O1,5.454543988016274,8.226354124155868,0.6630572797734965,sub-NORB00103
P3-O2,4.877388301743329,9.448236161827149,0.516222098834595,sub-NORB00103
P3-F7,2.7964622937165893,4.242799362119168,0.6591078330698694,sub-NORB00103
P3-F8,4.2705648642818765,5.22247122254823,0.8177287499150863,sub-NORB00103
P3-T3,5.18396686452929,6.730758220847339,0.770190622576943,sub-NORB00103
P3-T4,2.177771736135193,3.9057238461559205,0.5575846685316969,sub-NORB00103
P3-T5,4.372046148522974,5.865300788241205,0.7454086851416182,sub-NORB00103
P3-T6,1.8535534132775144,5.511306340094564,0.336318342494043,sub-NORB00103
P3-FZ,3.28184311985187,4.91630817121086,0.6675421892935508,sub-NORB00103
P3-CZ,6.105313727648383,8.19950300953136,0.7445955834824836,sub-NORB00103
P3-PZ,9.296288223527567,10.422123257464623,0.8919764230258262,sub-NORB00103
P4-O1,7.03363712979385,8.435254725811884,0.8338381422283451,sub-NORB00103
P4-O2,7.036211804166425,12.370458192660008,0.5687915269251183,sub-NORB00103
P4-F7,2.4191875098150524,2.478567191666199,0.9760427387037149,sub-NORB00103
P4-F8,3.5491837340953,4.753419335623714,0.746659085491686,sub-NORB00103
P4-T3,3.596226068426941,4.4101058981667824,0.8154511822316649,sub-NORB00103
P4-T4,3.794898653521333,4.983645651224525,0.7614704012089811,sub-NORB00103
P4-T5,4.266286113949194,5.300262653516416,0.8049197545179693,sub-NORB00103
P4-T6,3.345163387611225,6.788586005048925,0.49276290896562286,sub-NORB00103
P4-FZ,2.980949124998951,3.1242562823361224,0.9541307932555343,sub-NORB00103
P4-CZ,4.502193351442026,5.404794232207721,0.8329999548572997,sub-NORB00103
P4-PZ,6.736678971365772,16.61540989837508,0.4054476544707207,sub-NORB00103
O1-O2,9.308633922599428,10.505732877942341,0.886052789533958,sub-NORB00103
O1-F7,1.9718902202395612,2.4812037939657867,0.7947312611060563,sub-NORB00103
O1-F8,2.2969473782616765,3.988920427842979,0.5758318371629584,sub-NORB00103
O1-T3,3.5281660973710656,3.9636959983318354,0.8901202561588811,sub-NORB00103
O1-T4,2.523539250263437,6.20269042262163,0.4068459133571973,sub-NORB00103
O1-T5,4.589567493762241,6.744439262567505,0.6804965268550824,sub-NORB00103
O1-T6,3.1112942462592845,8.093901443125123,0.3843998185698179,sub-NORB00103
O1-FZ,2.3430000484073026,2.401335397438731,0.975707121506788,sub-NORB00103
O1-CZ,3.5669912166225735,3.6563930557551854,0.9755491716100125,sub-NORB00103
O1-PZ,6.111555873183866,8.370814052311589,0.7301029308489021,sub-NORB00103
O2-F7,2.1137369156115016,2.582956680318105,0.8183400564624194,sub-NORB00103
O2-F8,2.5810866366797547,5.1326907866656155,0.5028720302780062,sub-NORB00103
O2-T3,3.640790118782042,4.405994226528389,0.8263265750238458,sub-NORB00103
O2-T4,2.990407759746624,5.939495858260384,0.503478381180736,sub-NORB00103
O2-T5,4.064975318667999,6.065865835967466,0.6701393384873079,sub-NORB00103
O2-T6,3.665977119286161,7.5549805882908245,0.48523978009525515,sub-NORB00103
O2-FZ,2.493156764627906,2.879080076134844,0.865956034114536,sub-NORB00103
O2-CZ,3.3683464178382865,4.741084850572373,0.7104590033716943,sub-NORB00103
O2-PZ,6.226512370547602,11.817432757713854,0.5268921345444706,sub-NORB00103
F7-F8,4.37808494775551,5.631019273617089,0.7774942217420691,sub-NORB00103
F7-T3,5.55661967541392,6.851242469460077,0.8110382460090948,sub-NORB00103
F7-T4,1.3452250228397464,2.0112490068625406,0.6688505591548994,sub-NORB00103
F7-T5,1.8395635066763287,2.566568711459295,0.71674040849286,sub-NORB00103
F7-T6,0.9888064013507476,2.1049734355621004,0.46974768642945,sub-NORB00103
F7-FZ,8.398425440477947,8.403601575435241,0.9993840575483226,sub-NORB00103
F7-CZ,5.295673373283207,5.359239257842172,0.9881390097547988,sub-NORB00103
F7-PZ,2.432248088934282,4.62187904880588,0.5262465900233118,sub-NORB00103
F8-T3,5.113760757480973,5.290513475418185,0.9665906308038956,sub-NORB00103
F8-T4,3.001523372626706,3.449067510991102,0.8702419894831828,sub-NORB00103
F8-T5,2.306632011094664,2.9522523719519596,0.7813126116889435,sub-NORB00103
F8-T6,1.0373200512816676,3.729866429504823,0.2781118495493637,sub-NORB00103
F8-FZ,5.612593668591771,6.062089079866423,0.9258514011667152,sub-NORB00103
F8-CZ,4.11678646465994,5.3371966229286585,0.7713387299568799,sub-NORB00103
F8-PZ,3.4885777085464467,4.7064902342997,0.7412270152230599,sub-NORB00103
T3-T4,2.1814441714975152,2.1835911215565895,0.9990167801847702,sub-NORB00103
T3-T5,3.972747456587065,4.044033622255181,0.9823725091513055,sub-NORB00103
T3-T6,1.4310024820493874,2.429401721568509,0.5890349337224808,sub-NORB00103
T3-FZ,4.402460600132031,6.5741003471236255,0.6696673868171551,sub-NORB00103
T3-CZ,4.19877156477783,5.620134695976314,0.7470944722701937,sub-NORB00103
T3-PZ,4.34976938469932,5.8260976905497035,0.7466008322783394,sub-NORB00103
T4-T5,3.0781181945026708,4.960749994686873,0.6204945215540869,sub-NORB00103
T4-T6,3.34235544128995,8.307526214344207,0.4023286060197878,sub-NORB00103
T4-FZ,1.8412020227547514,1.9053492329099373,0.9663330957667969,sub-NORB00103
T4-CZ,2.0047137409784748,2.1184635760995576,0.9463055034769514,sub-NORB00103
T4-PZ,2.466041266447605,4.872640023824284,0.5060996204090891,sub-NORB00103
T5-T6,2.279802217757248,6.0676276251097025,0.37573205849395364,sub-NORB00103
T5-FZ,1.7308838568265366,2.137935374828632,0.8096053216600512,sub-NORB00103
T5-CZ,2.0749518986947435,2.377435536796085,0.8727689422406048,sub-NORB00103
T5-PZ,3.53493324740574,5.305048019674008,0.6663338831799979,sub-NORB00103
T6-FZ,0.9611343661006883,2.15259985640471,0.4464993172051877,sub-NORB00103
T6-CZ,1.3432920739729208,2.8160513803054923,0.47701262958746055,sub-NORB00103
T6-PZ,1.976583864377733,6.554969048256172,0.30153977079473265,sub-NORB00103
FZ-CZ,6.214157446405597,7.204471354305708,0.8625417661896516,sub-NORB00103
FZ-PZ,3.077395266186786,4.883695164642542,0.6301366408916789,sub-NORB00103
CZ-PZ,5.509748558366184,8.2665941283479,0.6665076902072753,sub-NORB00103
